type,old_url,old_path,new_url,new_path,status_code,notes
static / normalize,https://oldseadogs.com/,/,https://www.oldseadogs.com/,/,200 keep,Keep homepage at same path
static / normalize,https://oldseadogs.com/news/,/news/,https://www.oldseadogs.com/news,/news,301,Old News section path to new News section
section redirect,https://oldseadogs.com/boat-shows/,/boat-shows/,https://www.oldseadogs.com/shows,/shows,301,Old Boat Shows section path to new Shows section
section redirect,https://oldseadogs.com/racing/,/racing/,https://www.oldseadogs.com/races,/races,301,Old Racing section path to new Races section
section redirect,https://oldseadogs.com/boat-reviews/,/boat-reviews/,https://www.oldseadogs.com/reviews,/reviews,301,Old Boat Reviews section path to new Reviews section
static / normalize,https://oldseadogs.com/gear/,/gear/,https://www.oldseadogs.com/gear,/gear,301,Old Gear section path to new Gear section
static / normalize,https://oldseadogs.com/destinations/,/destinations/,https://www.oldseadogs.com/destinations,/destinations,301,Old Destinations section path to new Destinations section
static / normalize,https://oldseadogs.com/masterclass/,/masterclass/,https://www.oldseadogs.com/masterclass,/masterclass,301,Old Masterclass section path to new Masterclass section
static / normalize,https://oldseadogs.com/lifestyle/,/lifestyle/,https://www.oldseadogs.com/lifestyle,/lifestyle,301,Old Lifestyle section path to new Lifestyle section
static / normalize,https://oldseadogs.com/clubs/,/clubs/,https://www.oldseadogs.com/clubs,/clubs,301,Old Clubs section path to new Clubs section
static / normalize,https://oldseadogs.com/ports/,/ports/,https://www.oldseadogs.com/ports,/ports,301,Old Ports section path to new Ports section
static / normalize,https://oldseadogs.com/about/,/about/,https://www.oldseadogs.com/about,/about,301,Keep About page at same path; trailing slash may normalize
static / normalize,https://oldseadogs.com/privacy/,/privacy/,https://www.oldseadogs.com/privacy,/privacy,301,Keep Privacy Policy at same path; trailing slash may normalize
article redirect,https://oldseadogs.com/news/monaco-grand-prix-2026-where-superyachts-stole-the-show/,/news/monaco-grand-prix-2026-where-superyachts-stole-the-show/,https://www.oldseadogs.com/stories/news-monaco-grand-prix-2026-where-superyachts-stole-the-show,/stories/news-monaco-grand-prix-2026-where-superyachts-stole-the-show,301,News: Kimi Antonelli Won the Race - Port Hercules was the Real Spectacle
article redirect,https://oldseadogs.com/boat-reviews/bering-yachts-reveals-interior-designs-of-its-new-explorer-yacht/,/boat-reviews/bering-yachts-reveals-interior-designs-of-its-new-explorer-yacht/,https://www.oldseadogs.com/stories/boat-reviews-bering-yachts-reveals-interior-designs-of-its-new-explorer-yacht,/stories/boat-reviews-bering-yachts-reveals-interior-designs-of-its-new-explorer-yacht,301,"Boat Reviews: Bering Yachts Dazzles with Interiors of the 33m Bering 110 Explorer Yacht, Conjuring a Calm, Composed and Pragmatic Sea Experience"
article redirect,https://oldseadogs.com/racing/aco-musto-skiff-world-championship-2026-pre-worlds-showdown-at-carnac/,/racing/aco-musto-skiff-world-championship-2026-pre-worlds-showdown-at-carnac/,https://www.oldseadogs.com/stories/racing-aco-musto-skiff-world-championship-2026-pre-worlds-showdown-at-carnac,/stories/racing-aco-musto-skiff-world-championship-2026-pre-worlds-showdown-at-carnac,301,Racing: ACO Musto Skiff World Championship 2026 Begins with Exciting Pre-Worlds Races
article redirect,https://oldseadogs.com/news/ulyssia-a-new-dimension-of-ocean-luxury-set-for-2031/,/news/ulyssia-a-new-dimension-of-ocean-luxury-set-for-2031/,https://www.oldseadogs.com/stories/news-ulyssia-a-new-dimension-of-ocean-luxury-set-for-2031,/stories/news-ulyssia-a-new-dimension-of-ocean-luxury-set-for-2031,301,News: China's Historic Venture into High-End Yachting: A Groundbreaking 323m Residential Yacht - Ulyssia
article redirect,https://oldseadogs.com/news/d%C3%B6rries-yachts-confirms-new-lease-at-volkswerft-stralsund-shipyard/,/news/d%C3%B6rries-yachts-confirms-new-lease-at-volkswerft-stralsund-shipyard/,https://www.oldseadogs.com/stories/news-dorries-yachts-confirms-new-lease-at-volkswerft-stralsund-shipyard,/stories/news-dorries-yachts-confirms-new-lease-at-volkswerft-stralsund-shipyard,301,News: German Dörries Yachts Set to Dominate Maritime Industry with Volkswerft Stralsund Lease Deal
article redirect,https://oldseadogs.com/news/superyacht-sales-surge-ahead-of-summer-season/,/news/superyacht-sales-surge-ahead-of-summer-season/,https://www.oldseadogs.com/stories/news-superyacht-sales-surge-ahead-of-summer-season,/stories/news-superyacht-sales-surge-ahead-of-summer-season,301,News: Superyacht Market Gains Momentum as Owners Gear Up for Upcoming Cruising Season
article redirect,https://oldseadogs.com/racing/victorious-amidst-controversy-the-87th-bol-dor-du-l%C3%A9man-saga/,/racing/victorious-amidst-controversy-the-87th-bol-dor-du-l%C3%A9man-saga/,https://www.oldseadogs.com/stories/racing-victorious-amidst-controversy-the-87th-bol-dor-du-leman-saga,/stories/racing-victorious-amidst-controversy-the-87th-bol-dor-du-leman-saga,301,Racing: Ylliam XII - Comptoir Immobilier Triumphs in the 87th Bol d'Or du Léman: A controversial Clubhouse Celebration Saga
article redirect,https://oldseadogs.com/gear/zhik-outlet-introduces-innovative-styles-to-its-collection/,/gear/zhik-outlet-introduces-innovative-styles-to-its-collection/,https://www.oldseadogs.com/stories/gear-zhik-outlet-introduces-innovative-styles-to-its-collection,/stories/gear-zhik-outlet-introduces-innovative-styles-to-its-collection,301,Gear: Dive into the High Seas with Style - New Additions to Zhik’s Sailing Gear Range Unveiled!
article redirect,https://oldseadogs.com/boat-reviews/alpha-custom-yachts-unveils-fourth-squalo-100-vessel/,/boat-reviews/alpha-custom-yachts-unveils-fourth-squalo-100-vessel/,https://www.oldseadogs.com/stories/boat-reviews-alpha-custom-yachts-unveils-fourth-squalo-100-vessel,/stories/boat-reviews-alpha-custom-yachts-unveils-fourth-squalo-100-vessel,301,Boat Reviews: Innovation Reborn: Alpha Custom Yachts Revolutionize Luxury with The Launch Of The Fourth Squalo 100 Motor Yacht
article redirect,https://oldseadogs.com/racing/diverse-fleet-converge-for-friday-series-1-at-plym-yacht-club/,/racing/diverse-fleet-converge-for-friday-series-1-at-plym-yacht-club/,https://www.oldseadogs.com/stories/racing-diverse-fleet-converge-for-friday-series-1-at-plym-yacht-club,/stories/racing-diverse-fleet-converge-for-friday-series-1-at-plym-yacht-club,301,Racing: Plym Yacht Club Showcases Resilience and Diversity in Successful Friday Series 1 Event
article redirect,https://oldseadogs.com/boat-shows/isa-yachts-begins-builds-on-third-unica-45m-steel-superyacht/,/boat-shows/isa-yachts-begins-builds-on-third-unica-45m-steel-superyacht/,https://www.oldseadogs.com/stories/boat-shows-isa-yachts-begins-builds-on-third-unica-45m-steel-superyacht,/stories/boat-shows-isa-yachts-begins-builds-on-third-unica-45m-steel-superyacht,301,Shows: Adventures on the Horizon: ISA Yachts' Third Unica 45M Steel Model is Underway
article redirect,https://oldseadogs.com/racing/santa-maria-cup-2026-decisive-day-3-sees-semifinals-taking-shape/,/racing/santa-maria-cup-2026-decisive-day-3-sees-semifinals-taking-shape/,https://www.oldseadogs.com/stories/racing-santa-maria-cup-2026-decisive-day-3-sees-semifinals-taking-shape,/stories/racing-santa-maria-cup-2026-decisive-day-3-sees-semifinals-taking-shape,301,Racing: Day 3 of the Santa Maria Cup 2026 Unveils Tensions and Triumphs on the Waves
article redirect,https://oldseadogs.com/news/worlds-first-fossil-fuel-free-sailing-yacht-revealed-by-vripack/,/news/worlds-first-fossil-fuel-free-sailing-yacht-revealed-by-vripack/,https://www.oldseadogs.com/stories/news-worlds-first-fossil-fuel-free-sailing-yacht-revealed-by-vripack,/stories/news-worlds-first-fossil-fuel-free-sailing-yacht-revealed-by-vripack,301,"News: Dutch Studio Vripack Unveils Striking Interiors of the Revolutionary Sustainable Yacht, Zero"
article redirect,https://oldseadogs.com/masterclass/navigating-safely-the-ultimate-guide-for-skippers/,/masterclass/navigating-safely-the-ultimate-guide-for-skippers/,https://www.oldseadogs.com/stories/masterclass-navigating-safely-the-ultimate-guide-for-skippers,/stories/masterclass-navigating-safely-the-ultimate-guide-for-skippers,301,Masterclass: Unlock Legal Navigation Basics: Survival Tools for Skippers in a Litigious World
article redirect,https://oldseadogs.com/lifestyle/navigating-the-seas-of-work-family-loyalty-chronicles-of-captain-guy-booth/,/lifestyle/navigating-the-seas-of-work-family-loyalty-chronicles-of-captain-guy-booth/,https://www.oldseadogs.com/stories/lifestyle-navigating-the-seas-of-work-family-loyalty-chronicles-of-captain-guy-booth,/stories/lifestyle-navigating-the-seas-of-work-family-loyalty-chronicles-of-captain-guy-booth,301,"Lifestyle: From High Seas to Groundhog: The Tale of Captain Guy Booth Battling Trials, Time and Tide"
article redirect,https://oldseadogs.com/news/online-registration-opens-for-the-2027-annapolis-to-newport-race/,/news/online-registration-opens-for-the-2027-annapolis-to-newport-race/,https://www.oldseadogs.com/stories/news-online-registration-opens-for-the-2027-annapolis-to-newport-race,/stories/news-online-registration-opens-for-the-2027-annapolis-to-newport-race,301,"News: A New Chapter Awaits: Get Ready for the 2027 Annapolis to Newport Race, Now Accepting Online Entries"
article redirect,https://oldseadogs.com/masterclass/preparing-for-the-world-championship-musto-skiff-class-training/,/masterclass/preparing-for-the-world-championship-musto-skiff-class-training/,https://www.oldseadogs.com/stories/masterclass-preparing-for-the-world-championship-musto-skiff-class-training,/stories/masterclass-preparing-for-the-world-championship-musto-skiff-class-training,301,Masterclass: The Final Countdown: A Riveting Peek into Musto Skiff Class Pre-Championship Training Excursion
article redirect,https://oldseadogs.com/racing/highlights-from-the-ilca-open-meeting-at-bough-beech-sailing-club/,/racing/highlights-from-the-ilca-open-meeting-at-bough-beech-sailing-club/,https://www.oldseadogs.com/stories/racing-highlights-from-the-ilca-open-meeting-at-bough-beech-sailing-club,/stories/racing-highlights-from-the-ilca-open-meeting-at-bough-beech-sailing-club,301,Racing: Gusty Decisions and Patient Sailing Exemplified at the ILCA Open Meeting in Bough Beech
article redirect,https://oldseadogs.com/boat-reviews/navigating-luxury-yachting-in-south-africa/,/boat-reviews/navigating-luxury-yachting-in-south-africa/,https://www.oldseadogs.com/stories/boat-reviews-navigating-luxury-yachting-in-south-africa,/stories/boat-reviews-navigating-luxury-yachting-in-south-africa,301,Boat Reviews: The Commodious Odyssey of Owning a Luxury Superyacht in South Africa
article redirect,https://oldseadogs.com/racing/schools-battle-for-the-brown-cup-2026-at-loch-earn-sailing-club/,/racing/schools-battle-for-the-brown-cup-2026-at-loch-earn-sailing-club/,https://www.oldseadogs.com/stories/racing-schools-battle-for-the-brown-cup-2026-at-loch-earn-sailing-club,/stories/racing-schools-battle-for-the-brown-cup-2026-at-loch-earn-sailing-club,301,Racing: Loch Earn Sailing Club Will Be the Stage of the 2026 Optimists Brown Cup for 60 Young Sailors Across Scotland.
article redirect,https://oldseadogs.com/boat-reviews/unveiling-the-dynamic-sunreef-ultima-55-catamaran/,/boat-reviews/unveiling-the-dynamic-sunreef-ultima-55-catamaran/,https://www.oldseadogs.com/stories/boat-reviews-unveiling-the-dynamic-sunreef-ultima-55-catamaran,/stories/boat-reviews-unveiling-the-dynamic-sunreef-ultima-55-catamaran,301,Boat Reviews: Sunreef Unleashes A New Beast: The Sporty Ultima 55 Catamaran Makes Waves
article redirect,https://oldseadogs.com/racing/bg-takes-the-helm-as-official-sailing-electronics-supplier-to-team-francesca-clapcich/,/racing/bg-takes-the-helm-as-official-sailing-electronics-supplier-to-team-francesca-clapcich/,https://www.oldseadogs.com/stories/racing-bg-takes-the-helm-as-official-sailing-electronics-supplier-to-team-francesca-clapcich,/stories/racing-bg-takes-the-helm-as-official-sailing-electronics-supplier-to-team-francesca-clapcich,301,"Racing: Sailing Electronics Leader, B&G, Joins Forces with Renowned Skipper Francesca Clapcich on her Vendée Globe 2028 Campaign"
article redirect,https://oldseadogs.com/news/boosting-yacht-standards-a-fresh-approach-by-cayman-registry/,/news/boosting-yacht-standards-a-fresh-approach-by-cayman-registry/,https://www.oldseadogs.com/stories/news-boosting-yacht-standards-a-fresh-approach-by-cayman-registry,/stories/news-boosting-yacht-standards-a-fresh-approach-by-cayman-registry,301,News: Cayman Registry Aims to Elevate Superyacht Standards with Additional Voluntary Flag Notation
article redirect,https://oldseadogs.com/news/damen-yachtings-xplorer-60-and-yacht-support-53-ready-for-adventure-after-refit/,/news/damen-yachtings-xplorer-60-and-yacht-support-53-ready-for-adventure-after-refit/,https://www.oldseadogs.com/stories/news-damen-yachtings-xplorer-60-and-yacht-support-53-ready-for-adventure-after-refit,/stories/news-damen-yachtings-xplorer-60-and-yacht-support-53-ready-for-adventure-after-refit,301,News: Damen Yachting's Pioneer Xplorer 60 and Yacht Support 53 Embark on Global Ventures Following a Comprehensive Refit
article redirect,https://oldseadogs.com/news/monaco-f1-grand-prix-2026-the-superyachts-stealing-the-spotlight/,/news/monaco-f1-grand-prix-2026-the-superyachts-stealing-the-spotlight/,https://www.oldseadogs.com/stories/news-monaco-f1-grand-prix-2026-the-superyachts-stealing-the-spotlight,/stories/news-monaco-f1-grand-prix-2026-the-superyachts-stealing-the-spotlight,301,News: The Stellar Superyachts Mooring in Monaco for the Glamorous 2026 F1 Grand Prix
article redirect,https://oldseadogs.com/news/princess-yachts-amplifies-refit-and-service-with-authentic-parts-platform/,/news/princess-yachts-amplifies-refit-and-service-with-authentic-parts-platform/,https://www.oldseadogs.com/stories/news-princess-yachts-amplifies-refit-and-service-with-authentic-parts-platform,/stories/news-princess-yachts-amplifies-refit-and-service-with-authentic-parts-platform,301,News: Discover how Princess Yachts Advances the Marine Industry with the Launch of its Authentic Parts Platform
article redirect,https://oldseadogs.com/racing/rhody-regatta-challenges-sailors-feeds-the-needy/,/racing/rhody-regatta-challenges-sailors-feeds-the-needy/,https://www.oldseadogs.com/stories/racing-rhody-regatta-challenges-sailors-feeds-the-needy,/stories/racing-rhody-regatta-challenges-sailors-feeds-the-needy,301,Racing: Yacht Enthusiasts Unite: The Rhody Regatta Offers Thrilling Racing and Philanthropy Under One Sail
article redirect,https://oldseadogs.com/news/significant-price-cut-on-luxury-christensen-motor-yacht/,/news/significant-price-cut-on-luxury-christensen-motor-yacht/,https://www.oldseadogs.com/stories/news-significant-price-cut-on-luxury-christensen-motor-yacht,/stories/news-significant-price-cut-on-luxury-christensen-motor-yacht,301,News: The 43-metre Christensen Motor Yacht La Sirena Sees Major Price Reduction
article redirect,https://oldseadogs.com/boat-reviews/the-bold-advent-of-platea-the-90m-club-like-superyacht-concept/,/boat-reviews/the-bold-advent-of-platea-the-90m-club-like-superyacht-concept/,https://www.oldseadogs.com/stories/boat-reviews-the-bold-advent-of-platea-the-90m-club-like-superyacht-concept,/stories/boat-reviews-the-bold-advent-of-platea-the-90m-club-like-superyacht-concept,301,"Boat Reviews: Inverting Convention, Lagaria Reveals 90m Superyacht Concept 'Platea' as an Open-Air Club at Sea"
article redirect,https://oldseadogs.com/news/the-conclusion-of-a-stunning-superyacht-project-826-on-target-for-delivery/,/news/the-conclusion-of-a-stunning-superyacht-project-826-on-target-for-delivery/,https://www.oldseadogs.com/stories/news-the-conclusion-of-a-stunning-superyacht-project-826-on-target-for-delivery,/stories/news-the-conclusion-of-a-stunning-superyacht-project-826-on-target-for-delivery,301,"News: The Astounding Feadship Superyacht, Project 826, Takes Final Voyage to Amsterdam for the Last of Construction"
article redirect,https://oldseadogs.com/news/erica-lush-withdraws-from-la-solitaire-du-figaro-paprec-leg-3/,/news/erica-lush-withdraws-from-la-solitaire-du-figaro-paprec-leg-3/,https://www.oldseadogs.com/stories/news-erica-lush-withdraws-from-la-solitaire-du-figaro-paprec-leg-3,/stories/news-erica-lush-withdraws-from-la-solitaire-du-figaro-paprec-leg-3,301,News: American Skipper Erica Lush Bows Out of La Solitaire Du Figaro Amidst Sailing Incident
article redirect,https://oldseadogs.com/racing/ilca-6-masters-world-championships-2026-day-2-highlights/,/racing/ilca-6-masters-world-championships-2026-day-2-highlights/,https://www.oldseadogs.com/stories/racing-ilca-6-masters-world-championships-2026-day-2-highlights,/stories/racing-ilca-6-masters-world-championships-2026-day-2-highlights,301,Racing: Day 2 of ILCA 6 Masters World Championships 2026 Offers Up Thrilling Sailing Conditions and Intense Competitions
article redirect,https://oldseadogs.com/news/40-metre-bering-motor-yacht-sinks-in-turkey/,/news/40-metre-bering-motor-yacht-sinks-in-turkey/,https://www.oldseadogs.com/stories/news-40-metre-bering-motor-yacht-sinks-in-turkey,/stories/news-40-metre-bering-motor-yacht-sinks-in-turkey,301,News: Yacht Tragedy in Turkey: 40-Metre Bering Familia Motor Yacht Sinks Mysteriously
article redirect,https://oldseadogs.com/boat-reviews/cantiere-delle-marche-presents-the-majestic-rj102-explorer-yacht-mon-coeur/,/boat-reviews/cantiere-delle-marche-presents-the-majestic-rj102-explorer-yacht-mon-coeur/,https://www.oldseadogs.com/stories/boat-reviews-cantiere-delle-marche-presents-the-majestic-rj102-explorer-yacht-mon-coeur,/stories/boat-reviews-cantiere-delle-marche-presents-the-majestic-rj102-explorer-yacht-mon-coeur,301,Boat Reviews: The Luxurious RJ102 Explorer Yacht Mon Coeur Graces the Coastline: A Novel Offering by Cantiere delle Marche
article redirect,https://oldseadogs.com/news/drastic-price-slashed-on-34m-sanlorenzo-motor-yacht-another-one/,/news/drastic-price-slashed-on-34m-sanlorenzo-motor-yacht-another-one/,https://www.oldseadogs.com/stories/news-drastic-price-slashed-on-34m-sanlorenzo-motor-yacht-another-one,/stories/news-drastic-price-slashed-on-34m-sanlorenzo-motor-yacht-another-one,301,News: Unprecedented Half-Million-Dollar Price Reduction Announced for Prestigious Sanlorenzo Motor Yacht 'Another One'
article redirect,https://oldseadogs.com/news/european-expansion-for-international-marine-management-with-acquisition-of-atlantic-refit-center/,/news/european-expansion-for-international-marine-management-with-acquisition-of-atlantic-refit-center/,https://www.oldseadogs.com/stories/news-european-expansion-for-international-marine-management-with-acquisition-of-atlantic-refit-c,/stories/news-european-expansion-for-international-marine-management-with-acquisition-of-atlantic-refit-c,301,"News: Unfurling New Horizons: International Marine Management Acquires Atlantic Refit Center, Steering into European Waters"
article redirect,https://oldseadogs.com/racing/merlin-rocket-youth-training-culminates-in-high-stakes-championship/,/racing/merlin-rocket-youth-training-culminates-in-high-stakes-championship/,https://www.oldseadogs.com/stories/racing-merlin-rocket-youth-training-culminates-in-high-stakes-championship,/stories/racing-merlin-rocket-youth-training-culminates-in-high-stakes-championship,301,Racing: Budding Sailors Compete Fervently in Final Merlin Rocket Youth Training and Championship
article redirect,https://oldseadogs.com/boat-reviews/technohull-alpha-45-the-pinnacle-of-high-speed-comfort/,/boat-reviews/technohull-alpha-45-the-pinnacle-of-high-speed-comfort/,https://www.oldseadogs.com/stories/boat-reviews-technohull-alpha-45-the-pinnacle-of-high-speed-comfort,/stories/boat-reviews-technohull-alpha-45-the-pinnacle-of-high-speed-comfort,301,Boat Reviews: Unleashing the Technohull Alpha 45: Awe-inspiring Speed Melded with Unrivalled Comfort
article redirect,https://oldseadogs.com/racing/2026-rorc-de-guingand-bowl-race-sees-classic-winsome-take-the-prize/,/racing/2026-rorc-de-guingand-bowl-race-sees-classic-winsome-take-the-prize/,https://www.oldseadogs.com/stories/racing-2026-rorc-de-guingand-bowl-race-sees-classic-winsome-take-the-prize,/stories/racing-2026-rorc-de-guingand-bowl-race-sees-classic-winsome-take-the-prize,301,Racing: Classic Winsome`s Phenomenal Victory in RORC De Guingand Bowl Race 2026: A Seamless Display of Sailing
article redirect,https://oldseadogs.com/news/sailgp-returned-to-bermuda-as-the-championship-fight-intensified-on-the-great-sound/,/news/sailgp-returned-to-bermuda-as-the-championship-fight-intensified-on-the-great-sound/,https://www.oldseadogs.com/stories/news-sailgp-returned-to-bermuda-as-the-championship-fight-intensified-on-the-great-sound,/stories/news-sailgp-returned-to-bermuda-as-the-championship-fight-intensified-on-the-great-sound,301,News: Foiling Fury Returned to Bermuda as SailGP’s 2026 Title Battle Tightened
article redirect,https://oldseadogs.com/racing/tumultuous-launch-at-new-york-sail-grand-prix-sees-only-four-boats-set-sail/,/racing/tumultuous-launch-at-new-york-sail-grand-prix-sees-only-four-boats-set-sail/,https://www.oldseadogs.com/stories/racing-tumultuous-launch-at-new-york-sail-grand-prix-sees-only-four-boats-set-sail,/stories/racing-tumultuous-launch-at-new-york-sail-grand-prix-sees-only-four-boats-set-sail,301,Racing: Unpredictable Winds Wreak Havoc at Mubadala Sail Grand Prix: Only Four Boats Brave the Turbulence
article redirect,https://oldseadogs.com/news/unpredictable-conditions-stir-high-drama-at-new-york-sail-grand-prix/,/news/unpredictable-conditions-stir-high-drama-at-new-york-sail-grand-prix/,https://www.oldseadogs.com/stories/news-unpredictable-conditions-stir-high-drama-at-new-york-sail-grand-prix,/stories/news-unpredictable-conditions-stir-high-drama-at-new-york-sail-grand-prix,301,News: Jaw-Dropping Scenes at the Mubadala New York Sail Grand Prix as Only Four Boats Launch and Conquer Unforeseen Challenges
article redirect,https://oldseadogs.com/news/african-sailors-aiming-for-dakar-2026-gain-momentum-at-training-camp/,/news/african-sailors-aiming-for-dakar-2026-gain-momentum-at-training-camp/,https://www.oldseadogs.com/stories/news-african-sailors-aiming-for-dakar-2026-gain-momentum-at-training-camp,/stories/news-african-sailors-aiming-for-dakar-2026-gain-momentum-at-training-camp,301,News: Vital Training Camp Catapults African Sailors Toward 2026 Youth Olympics in Dakar
article redirect,https://oldseadogs.com/boat-shows/excess-13-catamaran-debuts-to-high-praise-in-asia-pacific-region/,/boat-shows/excess-13-catamaran-debuts-to-high-praise-in-asia-pacific-region/,https://www.oldseadogs.com/stories/boat-shows-excess-13-catamaran-debuts-to-high-praise-in-asia-pacific-region,/stories/boat-shows-excess-13-catamaran-debuts-to-high-praise-in-asia-pacific-region,301,Shows: The Remarkable Debut of Excess 13 Catamaran Turns Heads at APAC Boat Shows
article redirect,https://oldseadogs.com/news/gabe-newells-marine-research-company-commissions-700m-vessel/,/news/gabe-newells-marine-research-company-commissions-700m-vessel/,https://www.oldseadogs.com/stories/news-gabe-newells-marine-research-company-commissions-700m-vessel,/stories/news-gabe-newells-marine-research-company-commissions-700m-vessel,301,News: Inkfish Partners with Vard for a Record-Breaking €700M Marine Research Vessel Construction
article redirect,https://oldseadogs.com/news/hong-kong-investment-giant-sells-majority-stake-in-superyacht-services-provider/,/news/hong-kong-investment-giant-sells-majority-stake-in-superyacht-services-provider/,https://www.oldseadogs.com/stories/news-hong-kong-investment-giant-sells-majority-stake-in-superyacht-services-provider,/stories/news-hong-kong-investment-giant-sells-majority-stake-in-superyacht-services-provider,301,"News: Hong Kong's Lai Sun Development Offloads 80% Stake in Global Superyacht Firm, Camper & Nicholsons"
article redirect,https://oldseadogs.com/news/new-25m-sportfish-yacht-under-construction-at-weaver-boatworks/,/news/new-25m-sportfish-yacht-under-construction-at-weaver-boatworks/,https://www.oldseadogs.com/stories/news-new-25m-sportfish-yacht-under-construction-at-weaver-boatworks,/stories/news-new-25m-sportfish-yacht-under-construction-at-weaver-boatworks,301,News: Experience the Thrill of Beaconing Waves: New 25m Sportfish Yacht Coming to Life at Weaver Boatworks
article redirect,https://oldseadogs.com/news/a-new-era-in-sailing-the-smartlink-atto-1.2t/,/news/a-new-era-in-sailing-the-smartlink-atto-1.2t/,https://www.oldseadogs.com/stories/news-a-new-era-in-sailing-the-smartlink-atto-1-2t,/stories/news-a-new-era-in-sailing-the-smartlink-atto-1-2t,301,News: Advanced Load Sensing Technology Empowering Sailors Everywhere: Meet smartlink² Atto 1.2t
article redirect,https://oldseadogs.com/racing/exhilarating-salcombe-yacht-club-stones-boatyard-yawl-ilca-open/,/racing/exhilarating-salcombe-yacht-club-stones-boatyard-yawl-ilca-open/,https://www.oldseadogs.com/stories/racing-exhilarating-salcombe-yacht-club-stones-boatyard-yawl-ilca-open,/stories/racing-exhilarating-salcombe-yacht-club-stones-boatyard-yawl-ilca-open,301,Racing: Epic Sail Racing Unfolds Amidst Sunshine and Breeze at Salcombe Yacht Club's Stones Boatyard Yawl & ILCA Open
article redirect,https://oldseadogs.com/news/the-launch-of-lulus-seventh-superyacht-in-mangustas-oceano-44-series/,/news/the-launch-of-lulus-seventh-superyacht-in-mangustas-oceano-44-series/,https://www.oldseadogs.com/stories/news-the-launch-of-lulus-seventh-superyacht-in-mangustas-oceano-44-series,/stories/news-the-launch-of-lulus-seventh-superyacht-in-mangustas-oceano-44-series,301,News: Italian Shipyard Magnificence: Mangusta Yachts Unleashes Seventh Oceano 44 'Lulus'
article redirect,https://oldseadogs.com/news/third-superyacht-of-amels-80-project-zurich-set-for-sea-trials/,/news/third-superyacht-of-amels-80-project-zurich-set-for-sea-trials/,https://www.oldseadogs.com/stories/news-third-superyacht-of-amels-80-project-zurich-set-for-sea-trials,/stories/news-third-superyacht-of-amels-80-project-zurich-set-for-sea-trials,301,News: The Amels 80 Series Continues with Project Zurich Embarking on Sea Trials
article redirect,https://oldseadogs.com/racing/enroll-now-the-2026-f4-foils-summer-wingding-us-wingfoil-championship-awaits/,/racing/enroll-now-the-2026-f4-foils-summer-wingding-us-wingfoil-championship-awaits/,https://www.oldseadogs.com/stories/racing-enroll-now-the-2026-f4-foils-summer-wingding-us-wingfoil-championship-awaits,/stories/racing-enroll-now-the-2026-f4-foils-summer-wingding-us-wingfoil-championship-awaits,301,Racing: Gear Up Sailors: The 2026 F4 Foils Summer Wingding U.S. Wingfoil Championship is Now Open for Registration
article redirect,https://oldseadogs.com/boat-reviews/novel-association-breathes-life-into-superyacht-design-realm/,/boat-reviews/novel-association-breathes-life-into-superyacht-design-realm/,https://www.oldseadogs.com/stories/boat-reviews-novel-association-breathes-life-into-superyacht-design-realm,/stories/boat-reviews-novel-association-breathes-life-into-superyacht-design-realm,301,Boat Reviews: Enter a bold new era in superyacht design with the launch of the Superyacht Design and Naval Architecture Association (SYDNA)
article redirect,https://oldseadogs.com/news/superyacht-industry-an-economic-powerhouse/,/news/superyacht-industry-an-economic-powerhouse/,https://www.oldseadogs.com/stories/news-superyacht-industry-an-economic-powerhouse,/stories/news-superyacht-industry-an-economic-powerhouse,301,News: Revealing the Hidden Dimensions of the Superyacht Industry's Economic Dominance
article redirect,https://oldseadogs.com/gear/zhik-celebrating-excellence-in-dinghy-hiking-performance-gear/,/gear/zhik-celebrating-excellence-in-dinghy-hiking-performance-gear/,https://www.oldseadogs.com/stories/gear-zhik-celebrating-excellence-in-dinghy-hiking-performance-gear,/stories/gear-zhik-celebrating-excellence-in-dinghy-hiking-performance-gear,301,Gear: Discover Why Zhik Is The Trusted Leader In High-Performance Dinghy Hiking Equipment
article redirect,https://oldseadogs.com/racing/2026s-exciting-rs-aero-spring-championship-at-island-barn-reservoir/,/racing/2026s-exciting-rs-aero-spring-championship-at-island-barn-reservoir/,https://www.oldseadogs.com/stories/racing-2026s-exciting-rs-aero-spring-championship-at-island-barn-reservoir,/stories/racing-2026s-exciting-rs-aero-spring-championship-at-island-barn-reservoir,301,Racing: The Thrill of Sailing Underscored At The 2026 RS Aero Spring Championship
article redirect,https://oldseadogs.com/news/archipelago-yachts-readies-second-24m-explorer-model/,/news/archipelago-yachts-readies-second-24m-explorer-model/,https://www.oldseadogs.com/stories/news-archipelago-yachts-readies-second-24m-explorer-model,/stories/news-archipelago-yachts-readies-second-24m-explorer-model,301,News: Revolutionising Exploration: Archipelago Yachts Advances with Its Second 24 Metre Explorer Yacht
article redirect,https://oldseadogs.com/news/heesen-yachts-appoints-new-strategic-advisor/,/news/heesen-yachts-appoints-new-strategic-advisor/,https://www.oldseadogs.com/stories/news-heesen-yachts-appoints-new-strategic-advisor,/stories/news-heesen-yachts-appoints-new-strategic-advisor,301,News: A New Helm for Heesen Yachts: Captain Mike Rouse Appointed as Strategic Advisor
article redirect,https://oldseadogs.com/masterclass/navigating-through-sea-based-medical-emergencies/,/masterclass/navigating-through-sea-based-medical-emergencies/,https://www.oldseadogs.com/stories/masterclass-navigating-through-sea-based-medical-emergencies,/stories/masterclass-navigating-through-sea-based-medical-emergencies,301,Masterclass: Surviving the Waves: The Art of Managing Medical Emergencies at Sea
article redirect,https://oldseadogs.com/gear/game-changing-norwegian-trailer-transforms-boat-hauling/,/gear/game-changing-norwegian-trailer-transforms-boat-hauling/,https://www.oldseadogs.com/stories/gear-game-changing-norwegian-trailer-transforms-boat-hauling,/stories/gear-game-changing-norwegian-trailer-transforms-boat-hauling,301,Gear: Nix the Niggles of Boat Hauling with this Revolutionary Norwegian Trailer
article redirect,https://oldseadogs.com/boat-reviews/innovative-technologies-reshape-super-yachting-landscape/,/boat-reviews/innovative-technologies-reshape-super-yachting-landscape/,https://www.oldseadogs.com/stories/boat-reviews-innovative-technologies-reshape-super-yachting-landscape,/stories/boat-reviews-innovative-technologies-reshape-super-yachting-landscape,301,"Boat Reviews: From Fuel-Cell Yachts to Sea-Trials, Lürssen’s Groundbreaking Creations Are Redefining Sailing Experiences"
article redirect,https://oldseadogs.com/news/the-dawn-of-fuel-cell-superyachts-introducing-nausica%C3%A4/,/news/the-dawn-of-fuel-cell-superyachts-introducing-nausica%C3%A4/,https://www.oldseadogs.com/stories/news-the-dawn-of-fuel-cell-superyachts-introducing-nausicaa,/stories/news-the-dawn-of-fuel-cell-superyachts-introducing-nausicaa,301,News: Nausicaä: Lürssen Launches Unconventional Fuel-Cell Superyacht and Jassj Sets Sail for Sea Trials
article redirect,https://oldseadogs.com/racing/championship-victory-at-coniston-sailing-clubs-osprey-scottish-and-northern-2026/,/racing/championship-victory-at-coniston-sailing-clubs-osprey-scottish-and-northern-2026/,https://www.oldseadogs.com/stories/racing-championship-victory-at-coniston-sailing-clubs-osprey-scottish-and-northern-2026,/stories/racing-championship-victory-at-coniston-sailing-clubs-osprey-scottish-and-northern-2026,301,Racing: Sailing Highlight: Robert Shaw and Ian Little Triumph at Osprey Scottish and Northern Championship 2026
article redirect,https://oldseadogs.com/boat-reviews/miamis-manari-unveils-fast-and-fancy-52-footer/,/boat-reviews/miamis-manari-unveils-fast-and-fancy-52-footer/,https://www.oldseadogs.com/stories/boat-reviews-miamis-manari-unveils-fast-and-fancy-52-footer,/stories/boat-reviews-miamis-manari-unveils-fast-and-fancy-52-footer,301,Boat Reviews: First Look at Manari's Stunning 52-Foot Luxury Yacht - Defining Rapid Elegance
article redirect,https://oldseadogs.com/news/rya-opens-hunt-for-britains-next-offshore-double-handed-world-championship-teams/,/news/rya-opens-hunt-for-britains-next-offshore-double-handed-world-championship-teams/,https://www.oldseadogs.com/stories/news-rya-opens-hunt-for-britains-next-offshore-double-handed-world-championship-teams,/stories/news-rya-opens-hunt-for-britains-next-offshore-double-handed-world-championship-teams,301,News: Britain’s Offshore Duos Eye Marseille Glory at 2026 Double Handed Worlds
article redirect,https://oldseadogs.com/racing/thrilling-sailing-rendezvous-at-shotwick-lake/,/racing/thrilling-sailing-rendezvous-at-shotwick-lake/,https://www.oldseadogs.com/stories/racing-thrilling-sailing-rendezvous-at-shotwick-lake,/stories/racing-thrilling-sailing-rendezvous-at-shotwick-lake,301,Racing: Unpredictable Weather and Tight Margins at Border Counties Midweek Sailing at Shotwick Lake
article redirect,https://oldseadogs.com/news/awatea-royal-hakvoort-yacht-stuns-post-refit/,/news/awatea-royal-hakvoort-yacht-stuns-post-refit/,https://www.oldseadogs.com/stories/news-awatea-royal-hakvoort-yacht-stuns-post-refit,/stories/news-awatea-royal-hakvoort-yacht-stuns-post-refit,301,News: Revamped and Re-energized: The 45m Royal Hakvoort Yacht Awatea Makes Waves after Striking Seven Month Renovation
article redirect,https://oldseadogs.com/news/imoca-roared-back-to-life-as-the-1000-race-opened-the-2026-globe-series/,/news/imoca-roared-back-to-life-as-the-1000-race-opened-the-2026-globe-series/,https://www.oldseadogs.com/stories/news-imoca-roared-back-to-life-as-the-1000-race-opened-the-2026-globe-series,/stories/news-imoca-roared-back-to-life-as-the-1000-race-opened-the-2026-globe-series,301,"News: Fastnet, Biscay and Solo Pressure: IMOCA’s New Season began at Full Tilt"
article redirect,https://oldseadogs.com/boat-reviews/reaching-new-horizons-sixth-sw96-yacht-sets-sail-with-striking-green-hull/,/boat-reviews/reaching-new-horizons-sixth-sw96-yacht-sets-sail-with-striking-green-hull/,https://www.oldseadogs.com/stories/boat-reviews-reaching-new-horizons-sixth-sw96-yacht-sets-sail-with-striking-green-hull,/stories/boat-reviews-reaching-new-horizons-sixth-sw96-yacht-sets-sail-with-striking-green-hull,301,"Boat Reviews: A Symphony On Waves: Unveiling the Forest Green SW96 Fortissimo – Southern Wind's New Addition, Redefining Sailing Excellence"
article redirect,https://oldseadogs.com/news/from-one-sailor-to-a-thriving-fleet-the-magnetic-draw-of-rs-aero-sailing/,/news/from-one-sailor-to-a-thriving-fleet-the-magnetic-draw-of-rs-aero-sailing/,https://www.oldseadogs.com/stories/news-from-one-sailor-to-a-thriving-fleet-the-magnetic-draw-of-rs-aero-sailing,/stories/news-from-one-sailor-to-a-thriving-fleet-the-magnetic-draw-of-rs-aero-sailing,301,News: Uncover the fascinating journey behind an explosion of RS Aeros at Gunfleet Sailing Club.
article redirect,https://oldseadogs.com/news/italian-craftsmanship-lures-in-new-owner-for-benetti-motor-yacht-dylan-anne/,/news/italian-craftsmanship-lures-in-new-owner-for-benetti-motor-yacht-dylan-anne/,https://www.oldseadogs.com/stories/news-italian-craftsmanship-lures-in-new-owner-for-benetti-motor-yacht-dylan-anne,/stories/news-italian-craftsmanship-lures-in-new-owner-for-benetti-motor-yacht-dylan-anne,301,News: Exquisite 33-metre Benetti Motor Yacht Dylan Anne Changes Hands in a Testament to Italian Yacht Expertise
article redirect,https://oldseadogs.com/boat-reviews/launch-of-custom-baltic-121-yacht-heralds-a-new-era-of-sailing-excellence/,/boat-reviews/launch-of-custom-baltic-121-yacht-heralds-a-new-era-of-sailing-excellence/,https://www.oldseadogs.com/stories/boat-reviews-launch-of-custom-baltic-121-yacht-heralds-a-new-era-of-sailing-excellence,/stories/boat-reviews-launch-of-custom-baltic-121-yacht-heralds-a-new-era-of-sailing-excellence,301,"Boat Reviews: Finland's Baltic Yachts Unveils Exquisite 37m Custom Sailing Yacht, Set to Revolutionise Luxury Cruising"
article redirect,https://oldseadogs.com/news/lavish-43m-codecasa-motor-yacht-theolina-now-on-sale/,/news/lavish-43m-codecasa-motor-yacht-theolina-now-on-sale/,https://www.oldseadogs.com/stories/news-lavish-43m-codecasa-motor-yacht-theolina-now-on-sale,/stories/news-lavish-43m-codecasa-motor-yacht-theolina-now-on-sale,301,News: Stepping Aboard Theolina: A Tour of the Luxurious 43-meter Codecasa Motor Yacht Now Listed for Sale
article redirect,https://oldseadogs.com/racing/revolutionising-sailing-the-switch-foiling-dinghy/,/racing/revolutionising-sailing-the-switch-foiling-dinghy/,https://www.oldseadogs.com/stories/racing-revolutionising-sailing-the-switch-foiling-dinghy,/stories/racing-revolutionising-sailing-the-switch-foiling-dinghy,301,Racing: Innovative Travel-Ready Switch Offers Global Opportunities for High-Performance Sailors
article redirect,https://oldseadogs.com/news/rising-from-the-waves-the-italian-sea-groups-remarkable-resurgence/,/news/rising-from-the-waves-the-italian-sea-groups-remarkable-resurgence/,https://www.oldseadogs.com/stories/news-rising-from-the-waves-the-italian-sea-groups-remarkable-resurgence,/stories/news-rising-from-the-waves-the-italian-sea-groups-remarkable-resurgence,301,News: The Italian Sea Group Commences Restructuring Amidst Turbulent Tides and Financial Struggles
article redirect,https://oldseadogs.com/boat-reviews/significant-price-decrease-on-sanlorenzo-motor-yacht-hayat/,/boat-reviews/significant-price-decrease-on-sanlorenzo-motor-yacht-hayat/,https://www.oldseadogs.com/stories/boat-reviews-significant-price-decrease-on-sanlorenzo-motor-yacht-hayat,/stories/boat-reviews-significant-price-decrease-on-sanlorenzo-motor-yacht-hayat,301,Boat Reviews: Luxury Sanlorenzo Motor Yacht Hayat's Price Slashed by €1.2 Million
article redirect,https://oldseadogs.com/news/stylish-36m-yacht-crescent-lady-finds-new-owner/,/news/stylish-36m-yacht-crescent-lady-finds-new-owner/,https://www.oldseadogs.com/stories/news-stylish-36m-yacht-crescent-lady-finds-new-owner,/stories/news-stylish-36m-yacht-crescent-lady-finds-new-owner,301,"News: Notable 36-Meter Luxury Motor Yacht, Crescent Lady, Has New Owners"
article redirect,https://oldseadogs.com/lifestyle/a-memorable-voyage-the-scilly-isles-and-cornwalls-delights/,/lifestyle/a-memorable-voyage-the-scilly-isles-and-cornwalls-delights/,https://www.oldseadogs.com/stories/lifestyle-a-memorable-voyage-the-scilly-isles-and-cornwalls-delights,/stories/lifestyle-a-memorable-voyage-the-scilly-isles-and-cornwalls-delights,301,Lifestyle: An Unexpected Weather Window Opens up Delights of Scilly Isles and Cornwall
article redirect,https://oldseadogs.com/lifestyle/charting-a-course-for-change-working-towards-a-more-inclusive-world-of-yachting/,/lifestyle/charting-a-course-for-change-working-towards-a-more-inclusive-world-of-yachting/,https://www.oldseadogs.com/stories/lifestyle-charting-a-course-for-change-working-towards-a-more-inclusive-world-of-yachting,/stories/lifestyle-charting-a-course-for-change-working-towards-a-more-inclusive-world-of-yachting,301,Lifestyle: A Dive into the Inspiring Work of Maritime Charities Paving the Way for a More Inclusive Superyacht Industry
article redirect,https://oldseadogs.com/racing/naples-gears-up-for-exciting-louis-vuitton-preliminary-regatta-in-2026/,/racing/naples-gears-up-for-exciting-louis-vuitton-preliminary-regatta-in-2026/,https://www.oldseadogs.com/stories/racing-naples-gears-up-for-exciting-louis-vuitton-preliminary-regatta-in-2026,/stories/racing-naples-gears-up-for-exciting-louis-vuitton-preliminary-regatta-in-2026,301,"Racing: The Sailing World in Anticipation: Naples to Host the 2026 Louis Vuitton Preliminary Regatta, A Prelude to the Prestigious America's Cup Event"
article redirect,https://oldseadogs.com/news/naples-to-host-second-louis-vuitton-preliminary-regatta-ahead-of-americas-cup/,/news/naples-to-host-second-louis-vuitton-preliminary-regatta-ahead-of-americas-cup/,https://www.oldseadogs.com/stories/news-naples-to-host-second-louis-vuitton-preliminary-regatta-ahead-of-americas-cup,/stories/news-naples-to-host-second-louis-vuitton-preliminary-regatta-ahead-of-americas-cup,301,News: A maritime spectacular awaits as Naples becomes the backdrop for the Second Louis Vuitton Preliminary Regatta in late September 2026
article redirect,https://oldseadogs.com/news/shaping-maritime-training-uksas-role-and-impact/,/news/shaping-maritime-training-uksas-role-and-impact/,https://www.oldseadogs.com/stories/news-shaping-maritime-training-uksas-role-and-impact,/stories/news-shaping-maritime-training-uksas-role-and-impact,301,News: Charting New waters: UKSA's Bolstering Maritime Skills and Confidence Among the Deprived
article redirect,https://oldseadogs.com/boat-reviews/stunning-price-reduction-for-luxury-motor-yacht-archipelago/,/boat-reviews/stunning-price-reduction-for-luxury-motor-yacht-archipelago/,https://www.oldseadogs.com/stories/boat-reviews-stunning-price-reduction-for-luxury-motor-yacht-archipelago,/stories/boat-reviews-stunning-price-reduction-for-luxury-motor-yacht-archipelago,301,"Boat Reviews: Experience Opulent Ocean Adventures with a Spectacular Reduction on the Archipelago, a Luxurious Moonen Motor Yacht"
article redirect,https://oldseadogs.com/racing/thrilling-highlights-from-the-2026-phantom-inlands-sailing-regatta/,/racing/thrilling-highlights-from-the-2026-phantom-inlands-sailing-regatta/,https://www.oldseadogs.com/stories/racing-thrilling-highlights-from-the-2026-phantom-inlands-sailing-regatta,/stories/racing-thrilling-highlights-from-the-2026-phantom-inlands-sailing-regatta,301,Racing: Dive into Adventure at the 2026 Optimum Time Phantom Inlands Sailing Regatta at Grafham Water
article redirect,https://oldseadogs.com/racing/2026-iqfoil-open-european-championships-day-2-showdown/,/racing/2026-iqfoil-open-european-championships-day-2-showdown/,https://www.oldseadogs.com/stories/racing-2026-iqfoil-open-european-championships-day-2-showdown,/stories/racing-2026-iqfoil-open-european-championships-day-2-showdown,301,Racing: Day 2 of 2026 iQFOiL Open European Championships: Tense Tactics and Transforming Conditions
article redirect,https://oldseadogs.com/news/eus-no-russia-clauses-transforming-maritime-asset-circulation/,/news/eus-no-russia-clauses-transforming-maritime-asset-circulation/,https://www.oldseadogs.com/stories/news-eus-no-russia-clauses-transforming-maritime-asset-circulation,/stories/news-eus-no-russia-clauses-transforming-maritime-asset-circulation,301,News: How Are the EU's Newest 'No-Russia Clauses' Shaping the Circulation of Maritime Assets?
article redirect,https://oldseadogs.com/racing/optimising-for-the-irc-european-championships-a-sneak-peek-into-the-contenders/,/racing/optimising-for-the-irc-european-championships-a-sneak-peek-into-the-contenders/,https://www.oldseadogs.com/stories/racing-optimising-for-the-irc-european-championships-a-sneak-peek-into-the-contenders,/stories/racing-optimising-for-the-irc-european-championships-a-sneak-peek-into-the-contenders,301,Racing: Gearing Up for the IRC European Championships: Insights Into Top Yacht Contenders and Their Winning Strategies
article redirect,https://oldseadogs.com/gear/sleipner-breaks-new-ground-in-marine-power-technology/,/gear/sleipner-breaks-new-ground-in-marine-power-technology/,https://www.oldseadogs.com/stories/gear-sleipner-breaks-new-ground-in-marine-power-technology,/stories/gear-sleipner-breaks-new-ground-in-marine-power-technology,301,Gear: The Noiseless Revolution: Sleipner's Hybrid Power Centre Takes Marine Life at Anchor to a New Level
article redirect,https://oldseadogs.com/news/third-t60-superyacht-sold-by-baglietto-delivery-scheduled-for-2029/,/news/third-t60-superyacht-sold-by-baglietto-delivery-scheduled-for-2029/,https://www.oldseadogs.com/stories/news-third-t60-superyacht-sold-by-baglietto-delivery-scheduled-for-2029,/stories/news-third-t60-superyacht-sold-by-baglietto-delivery-scheduled-for-2029,301,"News: Baglietto Continues Superyacht Momentum with Sale of Third T60, Eyeing a 2029 Launch"
article redirect,https://oldseadogs.com/racing/embracing-the-element-the-fireball-open-meet-at-royal-torbay-yacht-club/,/racing/embracing-the-element-the-fireball-open-meet-at-royal-torbay-yacht-club/,https://www.oldseadogs.com/stories/racing-embracing-the-element-the-fireball-open-meet-at-royal-torbay-yacht-club,/stories/racing-embracing-the-element-the-fireball-open-meet-at-royal-torbay-yacht-club,301,Racing: Venture Into the Thrill: A Look Back on the Fireball Open Meeting at Royal Torbay Yacht Club
article redirect,https://oldseadogs.com/boat-reviews/odyssey-the-pinnacle-of-yacht-innovation-awaits-new-ownership/,/boat-reviews/odyssey-the-pinnacle-of-yacht-innovation-awaits-new-ownership/,https://www.oldseadogs.com/stories/boat-reviews-odyssey-the-pinnacle-of-yacht-innovation-awaits-new-ownership,/stories/boat-reviews-odyssey-the-pinnacle-of-yacht-innovation-awaits-new-ownership,301,"Boat Reviews: Calling All Sea Aficionados: Award-Winning, Innovation-Driven Superyacht ODYSSEY Is Up for Grabs"
article redirect,https://oldseadogs.com/news/oyster-yachts-heritage-and-adaptation-for-the-future/,/news/oyster-yachts-heritage-and-adaptation-for-the-future/,https://www.oldseadogs.com/stories/news-oyster-yachts-heritage-and-adaptation-for-the-future,/stories/news-oyster-yachts-heritage-and-adaptation-for-the-future,301,"News: Oyster Yachts Phases Out Southampton Facility, Prime for Evolution Learning from Rolls-Royce Heritage"
article redirect,https://oldseadogs.com/racing/scintillating-opening-event-in-the-rs-tera-south-west-traveller-series/,/racing/scintillating-opening-event-in-the-rs-tera-south-west-traveller-series/,https://www.oldseadogs.com/stories/racing-scintillating-opening-event-in-the-rs-tera-south-west-traveller-series,/stories/racing-scintillating-opening-event-in-the-rs-tera-south-west-traveller-series,301,Racing: The Thrill of the Start: RS Tera South West Traveler Series Unfurls at Whitefriars Sailing Club
article redirect,https://oldseadogs.com/racing/australian-sailors-impress-at-49er-49erfx-and-nacra-17-world-championships/,/racing/australian-sailors-impress-at-49er-49erfx-and-nacra-17-world-championships/,https://www.oldseadogs.com/stories/racing-australian-sailors-impress-at-49er-49erfx-and-nacra-17-world-championships,/stories/racing-australian-sailors-impress-at-49er-49erfx-and-nacra-17-world-championships,301,"Racing: Surge of Success: Australian Crews Rally at the 49er, 49erFX, and Nacra 17 Sailing Championships"
article redirect,https://oldseadogs.com/news/cowes-week-2026-two-centuries-of-sail-the-worlds-longest-running-regatta-celebrates-its-200th-anniversary-in-grand-style/,/news/cowes-week-2026-two-centuries-of-sail-the-worlds-longest-running-regatta-celebrates-its-200th-anniversary-in-grand-style/,https://www.oldseadogs.com/stories/news-cowes-week-2026-two-centuries-of-sail-the-worlds-longest-running-regatta-celebrates-its-200,/stories/news-cowes-week-2026-two-centuries-of-sail-the-worlds-longest-running-regatta-celebrates-its-200,301,News: Cowes Week 2026: Two Centuries of Sail
article redirect,https://oldseadogs.com/boat-reviews/first-look-at-the-797-spectre-frauschers-speedy-new-runabout/,/boat-reviews/first-look-at-the-797-spectre-frauschers-speedy-new-runabout/,https://www.oldseadogs.com/stories/boat-reviews-first-look-at-the-797-spectre-frauschers-speedy-new-runabout,/stories/boat-reviews-first-look-at-the-797-spectre-frauschers-speedy-new-runabout,301,Boat Reviews: Adventuring at 50 Knots: Intriguing Insights into Frauscher's 797 Spectre
article redirect,https://oldseadogs.com/news/stassi-anastassov-ascends-to-ferretti-group-ceo-role/,/news/stassi-anastassov-ascends-to-ferretti-group-ceo-role/,https://www.oldseadogs.com/stories/news-stassi-anastassov-ascends-to-ferretti-group-ceo-role,/stories/news-stassi-anastassov-ascends-to-ferretti-group-ceo-role,301,News: New Leadership Takes Helm: Ferretti Group Announces Stassi Anastassov as Chief Executive Officer
article redirect,https://oldseadogs.com/boat-reviews/the-magnificent-52m-perini-navi-the-sailing-yacht-squall/,/boat-reviews/the-magnificent-52m-perini-navi-the-sailing-yacht-squall/,https://www.oldseadogs.com/stories/boat-reviews-the-magnificent-52m-perini-navi-the-sailing-yacht-squall,/stories/boat-reviews-the-magnificent-52m-perini-navi-the-sailing-yacht-squall,301,Boat Reviews: The Unveiling of the Majestic 52m Perini Navi Sailing Yacht Squall in the Luxury Yachting Market
article redirect,https://oldseadogs.com/news/a-visionarys-voyage-an-inside-look-into-marinemaxs-evolution/,/news/a-visionarys-voyage-an-inside-look-into-marinemaxs-evolution/,https://www.oldseadogs.com/stories/news-a-visionarys-voyage-an-inside-look-into-marinemaxs-evolution,/stories/news-a-visionarys-voyage-an-inside-look-into-marinemaxs-evolution,301,News: Exploring the Uncharted Seas of Retail and Superyacht Businesses with MarineMax's Chuck Cashman
article redirect,https://oldseadogs.com/news/amer-yachts-prestige-vessel-debra-one-changes-hands/,/news/amer-yachts-prestige-vessel-debra-one-changes-hands/,https://www.oldseadogs.com/stories/news-amer-yachts-prestige-vessel-debra-one-changes-hands,/stories/news-amer-yachts-prestige-vessel-debra-one-changes-hands,301,News: Exquisite 30m Motor Yacht Debra One Finds New Owner in Luxurious Sale
article redirect,https://oldseadogs.com/gear/decoding-the-best-vaikobi-pants-for-your-boating-needs/,/gear/decoding-the-best-vaikobi-pants-for-your-boating-needs/,https://www.oldseadogs.com/stories/gear-decoding-the-best-vaikobi-pants-for-your-boating-needs,/stories/gear-decoding-the-best-vaikobi-pants-for-your-boating-needs,301,Gear: Navigating Vaikobi’s Assortment: How to Determine the Optimum Pants for Your Maritime Ventures
article redirect,https://oldseadogs.com/racing/excitement-builds-for-the-tenth-annual-camden-classics-cup/,/racing/excitement-builds-for-the-tenth-annual-camden-classics-cup/,https://www.oldseadogs.com/stories/racing-excitement-builds-for-the-tenth-annual-camden-classics-cup,/stories/racing-excitement-builds-for-the-tenth-annual-camden-classics-cup,301,Racing: Anticipation Rises as the Historic Camden Classics Cup Approaches
article redirect,https://oldseadogs.com/news/the-ocean-race-atlantic-2026-lorient-confirmed-as-finish-for-high-speed-transatlantic-showdown/,/news/the-ocean-race-atlantic-2026-lorient-confirmed-as-finish-for-high-speed-transatlantic-showdown/,https://www.oldseadogs.com/stories/news-the-ocean-race-atlantic-2026-lorient-confirmed-as-finish-for-high-speed-transatlantic-showd,/stories/news-the-ocean-race-atlantic-2026-lorient-confirmed-as-finish-for-high-speed-transatlantic-showd,301,News: New York to Lorient — IMOCA Fleet Set for a Full-Noise Atlantic Crossing
article redirect,https://oldseadogs.com/news/imoca-2026-season-five-races-two-oceans-and-one-relentless-test-of-offshore-sailing/,/news/imoca-2026-season-five-races-two-oceans-and-one-relentless-test-of-offshore-sailing/,https://www.oldseadogs.com/stories/news-imoca-2026-season-five-races-two-oceans-and-one-relentless-test-of-offshore-sailing,/stories/news-imoca-2026-season-five-races-two-oceans-and-one-relentless-test-of-offshore-sailing,301,News: From Arctic Ice Lines to Caribbean Trades — IMOCA’s 2026 Calendar Promised a Full-Throttle Year
article redirect,https://oldseadogs.com/racing/imoca-2026-season-five-races-two-oceans-and-one-relentless-test-of-offshore-sailing/,/racing/imoca-2026-season-five-races-two-oceans-and-one-relentless-test-of-offshore-sailing/,https://www.oldseadogs.com/stories/racing-imoca-2026-season-five-races-two-oceans-and-one-relentless-test-of-offshore-sailing,/stories/racing-imoca-2026-season-five-races-two-oceans-and-one-relentless-test-of-offshore-sailing,301,Racing: From Arctic Ice Lines to Caribbean Trades — IMOCA’s 2026 Calendar Promised a Full-Throttle Year
article redirect,https://oldseadogs.com/racing/start-of-kssa-season-marked-by-a-successful-opening-splash-at-downs-sailing-club/,/racing/start-of-kssa-season-marked-by-a-successful-opening-splash-at-downs-sailing-club/,https://www.oldseadogs.com/stories/racing-start-of-kssa-season-marked-by-a-successful-opening-splash-at-downs-sailing-club,/stories/racing-start-of-kssa-season-marked-by-a-successful-opening-splash-at-downs-sailing-club,301,Racing: Challenging Conditions Test Sailors in the Early-Season Opener of the KSSA Season at Downs Sailing Club
article redirect,https://oldseadogs.com/racing/excitement-builds-for-the-57th-la-solitaire-du-figaro-paprec/,/racing/excitement-builds-for-the-57th-la-solitaire-du-figaro-paprec/,https://www.oldseadogs.com/stories/racing-excitement-builds-for-the-57th-la-solitaire-du-figaro-paprec,/stories/racing-excitement-builds-for-the-57th-la-solitaire-du-figaro-paprec,301,Racing: A Riveting Race Awaited as Seasoned Pros and Fresh Faces Gear Up for the 57th La Solitaire du Figaro Paprec
article redirect,https://oldseadogs.com/news/high-profile-departures-at-ferretti-group/,/news/high-profile-departures-at-ferretti-group/,https://www.oldseadogs.com/stories/news-high-profile-departures-at-ferretti-group,/stories/news-high-profile-departures-at-ferretti-group,301,News: Collateral Impact: Ferretti Group Announces Sudden Departure of Board Members Piero Ferrari and Stefano Domenicali
article redirect,https://oldseadogs.com/news/pinnacle-of-craftsmanship-the-sale-of-the-luxurious-66m-feadship-hampshire-superyacht/,/news/pinnacle-of-craftsmanship-the-sale-of-the-luxurious-66m-feadship-hampshire-superyacht/,https://www.oldseadogs.com/stories/news-pinnacle-of-craftsmanship-the-sale-of-the-luxurious-66m-feadship-hampshire-superyacht,/stories/news-pinnacle-of-craftsmanship-the-sale-of-the-luxurious-66m-feadship-hampshire-superyacht,301,"News: Discover the unparalleled craftsmanship and allure of the recently sold 66m Feadship superyacht, Hampshire."
article redirect,https://oldseadogs.com/news/sale-of-majestic-33m-mangusta-motor-yacht-king-ii/,/news/sale-of-majestic-33m-mangusta-motor-yacht-king-ii/,https://www.oldseadogs.com/stories/news-sale-of-majestic-33m-mangusta-motor-yacht-king-ii,/stories/news-sale-of-majestic-33m-mangusta-motor-yacht-king-ii,301,News: The Magnificent Mangusta 'King II' Finds New Monarch in Recent Sale
article redirect,https://oldseadogs.com/racing/second-round-of-cape-31-mediterranean-circuit-puntaldia-beckons/,/racing/second-round-of-cape-31-mediterranean-circuit-puntaldia-beckons/,https://www.oldseadogs.com/stories/racing-second-round-of-cape-31-mediterranean-circuit-puntaldia-beckons,/stories/racing-second-round-of-cape-31-mediterranean-circuit-puntaldia-beckons,301,Racing: The All-Conquering Cape 31 Mediterranean Fleet Set Sail for a Magnetic Med Showdown in Sardinia
article redirect,https://oldseadogs.com/boat-reviews/the-famed-leopard-53pc-yacht-soars-into-the-future/,/boat-reviews/the-famed-leopard-53pc-yacht-soars-into-the-future/,https://www.oldseadogs.com/stories/boat-reviews-the-famed-leopard-53pc-yacht-soars-into-the-future,/stories/boat-reviews-the-famed-leopard-53pc-yacht-soars-into-the-future,301,"Boat Reviews: Unveiling the 2026 Evolution of the Leopard 53PC: Enhanced Luxury, Renewed Design, and the Same Classic Spirit"
article redirect,https://oldseadogs.com/news/thunder-around-the-isle-of-wight-ukopra-offshore-championship-explodes-into-life-for-2026/,/news/thunder-around-the-isle-of-wight-ukopra-offshore-championship-explodes-into-life-for-2026/,https://www.oldseadogs.com/stories/news-thunder-around-the-isle-of-wight-ukopra-offshore-championship-explodes-into-life-for-2026,/stories/news-thunder-around-the-isle-of-wight-ukopra-offshore-championship-explodes-into-life-for-2026,301,News: 60 Miles Flat Out Around the Isle of Wight as UKOPRA Returns to the Solent
article redirect,https://oldseadogs.com/boat-reviews/turkish-shipyard-launches-superyacht-tamasha-first-in-bilgin-170-series/,/boat-reviews/turkish-shipyard-launches-superyacht-tamasha-first-in-bilgin-170-series/,https://www.oldseadogs.com/stories/boat-reviews-turkish-shipyard-launches-superyacht-tamasha-first-in-bilgin-170-series,/stories/boat-reviews-turkish-shipyard-launches-superyacht-tamasha-first-in-bilgin-170-series,301,"Boat Reviews: Daring Innovation Meets Luxury: Bilgin Yachts Unveils First Unit, Tamasha, of its Bilgin 170 Series"
article redirect,https://oldseadogs.com/news/falmouth-harbour-enhances-superyacht-capacity-with-50000-investment/,/news/falmouth-harbour-enhances-superyacht-capacity-with-50000-investment/,https://www.oldseadogs.com/stories/news-falmouth-harbour-enhances-superyacht-capacity-with-50000-investment,/stories/news-falmouth-harbour-enhances-superyacht-capacity-with-50000-investment,301,"News: Riding the Wave of Demand, UK's Falmouth Harbour Invests £50,000 in High-Capacity Superyacht Moorings"
article redirect,https://oldseadogs.com/gear/in-depth-exploration-into-lithium-boat-batteries/,/gear/in-depth-exploration-into-lithium-boat-batteries/,https://www.oldseadogs.com/stories/gear-in-depth-exploration-into-lithium-boat-batteries,/stories/gear-in-depth-exploration-into-lithium-boat-batteries,301,"Gear: Lithium Boat Batteries: Unlocking the Benefits, Safety, and Technological Aspects of Modern Marine Power"
article redirect,https://oldseadogs.com/boat-reviews/new-117m-l%C3%BCrssen-superyacht-boardwalk-sets-sail/,/boat-reviews/new-117m-l%C3%BCrssen-superyacht-boardwalk-sets-sail/,https://www.oldseadogs.com/stories/boat-reviews-new-117m-lurssen-superyacht-boardwalk-sets-sail,/stories/boat-reviews-new-117m-lurssen-superyacht-boardwalk-sets-sail,301,Boat Reviews: European Craftsmanship Meets American Design in Newly Launched 117m Lürssen Superyacht Boardwalk
article redirect,https://oldseadogs.com/news/reshuffle-at-ferretti-agm-leads-to-new-leadership-amid-controversy/,/news/reshuffle-at-ferretti-agm-leads-to-new-leadership-amid-controversy/,https://www.oldseadogs.com/stories/news-reshuffle-at-ferretti-agm-leads-to-new-leadership-amid-controversy,/stories/news-reshuffle-at-ferretti-agm-leads-to-new-leadership-amid-controversy,301,News: Ferretti's Annual General Meeting Ends in Drama with New Leadership Amid Allegations of Irregularities
article redirect,https://oldseadogs.com/news/superyacht-regulations-strike-a-balance-of-innovation-and-safety/,/news/superyacht-regulations-strike-a-balance-of-innovation-and-safety/,https://www.oldseadogs.com/stories/news-superyacht-regulations-strike-a-balance-of-innovation-and-safety,/stories/news-superyacht-regulations-strike-a-balance-of-innovation-and-safety,301,"News: The Glide to Top-tier Superyacht Regulations: Design, Safety and the Facilitative Roles of Leading Maritime Codes"
article redirect,https://oldseadogs.com/racing/thrilling-battles-at-the-palma-vela-2026-with-flying-15-fleet/,/racing/thrilling-battles-at-the-palma-vela-2026-with-flying-15-fleet/,https://www.oldseadogs.com/stories/racing-thrilling-battles-at-the-palma-vela-2026-with-flying-15-fleet,/stories/racing-thrilling-battles-at-the-palma-vela-2026-with-flying-15-fleet,301,Racing: The High Seas Roar with Competitive Excitement: Flying 15 Fleet Engage in Riveting Palma Vela 2026 Regatta
article redirect,https://oldseadogs.com/news/azzurra-prodigy-maddalena-spanu-shines-at-global-defi-wind-race/,/news/azzurra-prodigy-maddalena-spanu-shines-at-global-defi-wind-race/,https://www.oldseadogs.com/stories/news-azzurra-prodigy-maddalena-spanu-shines-at-global-defi-wind-race,/stories/news-azzurra-prodigy-maddalena-spanu-shines-at-global-defi-wind-race,301,News: Rising Star Maddalena Spanu Clinches Victory at Defi Wind; A Triumph For The Young Azzurra Programme
article redirect,https://oldseadogs.com/news/bagliettos-14th-dom133-superyacht-sold-set-for-2028-delivery/,/news/bagliettos-14th-dom133-superyacht-sold-set-for-2028-delivery/,https://www.oldseadogs.com/stories/news-bagliettos-14th-dom133-superyacht-sold-set-for-2028-delivery,/stories/news-bagliettos-14th-dom133-superyacht-sold-set-for-2028-delivery,301,News: Luxury at Sea: Baglietto's DOM133 Superyacht Notches Sale With Flag Set for 2028 Voyage
article redirect,https://oldseadogs.com/news/croatia-redefines-yacht-charter-vat-approach/,/news/croatia-redefines-yacht-charter-vat-approach/,https://www.oldseadogs.com/stories/news-croatia-redefines-yacht-charter-vat-approach,/stories/news-croatia-redefines-yacht-charter-vat-approach,301,News: Croatia’s New Approach to VAT on Yacht Charters: An Epochal Change or a Warning Sign?
article redirect,https://oldseadogs.com/news/exquisite-2018-princess-yacht-3bboys-up-for-sale/,/news/exquisite-2018-princess-yacht-3bboys-up-for-sale/,https://www.oldseadogs.com/stories/news-exquisite-2018-princess-yacht-3bboys-up-for-sale,/stories/news-exquisite-2018-princess-yacht-3bboys-up-for-sale,301,"News: Eye-Catching 2018 75 Princess, ‘3BBoys’, Awaits Its Next Owner: A Blend of Supreme Performance and Elegant Design"
article redirect,https://oldseadogs.com/news/historic-norfolk-punt-holds-momentous-annual-open/,/news/historic-norfolk-punt-holds-momentous-annual-open/,https://www.oldseadogs.com/stories/news-historic-norfolk-punt-holds-momentous-annual-open,/stories/news-historic-norfolk-punt-holds-momentous-annual-open,301,News: Revival at the Sea: Norfolk Punt Open Celebrates Historic Boat Design Amid Record Participation
article redirect,https://oldseadogs.com/boat-reviews/project-frida-maiden-voyage-of-the-55m-heesen-steel-superyacht/,/boat-reviews/project-frida-maiden-voyage-of-the-55m-heesen-steel-superyacht/,https://www.oldseadogs.com/stories/boat-reviews-project-frida-maiden-voyage-of-the-55m-heesen-steel-superyacht,/stories/boat-reviews-project-frida-maiden-voyage-of-the-55m-heesen-steel-superyacht,301,Boat Reviews: The Revelation of Pa’lante - The Superyacht Redefining the Golden Age of Ocean Travel
article redirect,https://oldseadogs.com/gear/revolutionary-e-foil-fliteboard-joins-forces-with-mercury-racing/,/gear/revolutionary-e-foil-fliteboard-joins-forces-with-mercury-racing/,https://www.oldseadogs.com/stories/gear-revolutionary-e-foil-fliteboard-joins-forces-with-mercury-racing,/stories/gear-revolutionary-e-foil-fliteboard-joins-forces-with-mercury-racing,301,"Gear: Fliteboard and Mercury Racing Unveil Their Fastest e-Foil Yet, Promising Unprecedented Excitement"
article redirect,https://oldseadogs.com/boat-reviews/29m-van-der-valk-explorer-yacht-blondie-now-listed-for-sale/,/boat-reviews/29m-van-der-valk-explorer-yacht-blondie-now-listed-for-sale/,https://www.oldseadogs.com/stories/boat-reviews-29m-van-der-valk-explorer-yacht-blondie-now-listed-for-sale,/stories/boat-reviews-29m-van-der-valk-explorer-yacht-blondie-now-listed-for-sale,301,"Boat Reviews: Uncover the Luxury of the 29m Blondie, One of Van der Valk’s Notable Explorer Yachts"
article redirect,https://oldseadogs.com/racing/all-female-team-scores-victory-at-annual-usvi-regatta/,/racing/all-female-team-scores-victory-at-annual-usvi-regatta/,https://www.oldseadogs.com/stories/racing-all-female-team-scores-victory-at-annual-usvi-regatta,/stories/racing-all-female-team-scores-victory-at-annual-usvi-regatta,301,Racing: Victory on the Waves: The All-Women Coral World Team Triumphs in Annual USVI Tourism Regatta
article redirect,https://oldseadogs.com/news/lady-luna-superyacht-now-on-the-market/,/news/lady-luna-superyacht-now-on-the-market/,https://www.oldseadogs.com/stories/news-lady-luna-superyacht-now-on-the-market,/stories/news-lady-luna-superyacht-now-on-the-market,301,"News: M/Y Lady Luna: A Masterpiece of the Sea Now Up for Grabs, Showcasing Exceptional Volume, Unique Wellness Features and Charter Potential"
article redirect,https://oldseadogs.com/boat-reviews/learning-from-the-m/y-persefoni-raising-the-bar-in-the-superyacht-charter-fleet/,/boat-reviews/learning-from-the-m/y-persefoni-raising-the-bar-in-the-superyacht-charter-fleet/,https://www.oldseadogs.com/stories/boat-reviews-y-persefoni-raising-the-bar-in-the-superyacht-charter-fleet,/stories/boat-reviews-y-persefoni-raising-the-bar-in-the-superyacht-charter-fleet,301,Boat Reviews: The M/Y Persefoni Reveals What it Really Takes to Excel in the 50-55m Superyacht Charter Class
article redirect,https://oldseadogs.com/boat-reviews/damen-yachting-unveils-custom-75m-hybrid-expedition-yacht/,/boat-reviews/damen-yachting-unveils-custom-75m-hybrid-expedition-yacht/,https://www.oldseadogs.com/stories/boat-reviews-damen-yachting-unveils-custom-75m-hybrid-expedition-yacht,/stories/boat-reviews-damen-yachting-unveils-custom-75m-hybrid-expedition-yacht,301,"Boat Reviews: A Vision in Blue: Damen Yachting Presents its 75.2-metre Hybrid Expedition Yacht, the First Ever to Cultivate Vegetables on Board"
article redirect,https://oldseadogs.com/news/gp-watercraft-an-engaging-recap-of-spring-ventures/,/news/gp-watercraft-an-engaging-recap-of-spring-ventures/,https://www.oldseadogs.com/stories/news-gp-watercraft-an-engaging-recap-of-spring-ventures,/stories/news-gp-watercraft-an-engaging-recap-of-spring-ventures,301,"News: The Highs, Lows, and Highlights of GP Watercraft’s Spring Sailing Season"
article redirect,https://oldseadogs.com/news/offshore-ceos-provide-insights-into-current-marine-market/,/news/offshore-ceos-provide-insights-into-current-marine-market/,https://www.oldseadogs.com/stories/news-offshore-ceos-provide-insights-into-current-marine-market,/stories/news-offshore-ceos-provide-insights-into-current-marine-market,301,"News: The Real Titans Speak: New Insights into Marine Market State, As Shipyard CEOs Air Their Views"
article redirect,https://oldseadogs.com/lifestyle/sailing-beyond-horizon-tales-of-resilience-and-adventure/,/lifestyle/sailing-beyond-horizon-tales-of-resilience-and-adventure/,https://www.oldseadogs.com/stories/lifestyle-sailing-beyond-horizon-tales-of-resilience-and-adventure,/stories/lifestyle-sailing-beyond-horizon-tales-of-resilience-and-adventure,301,"Lifestyle: Sailing Beyond Wins and Losses: Stories of Confidence, Progression and Emotional Evolution at Sea"
article redirect,https://oldseadogs.com/news/the-monumental-makeover-of-the-classic-meserret-yacht/,/news/the-monumental-makeover-of-the-classic-meserret-yacht/,https://www.oldseadogs.com/stories/news-the-monumental-makeover-of-the-classic-meserret-yacht,/stories/news-the-monumental-makeover-of-the-classic-meserret-yacht,301,"News: An Inside Look at the Meserret Yacht's Stunning Reinvention, Rechristened as 'Arriva'"
article redirect,https://oldseadogs.com/news/classic-feadship-motor-yacht-alhambra-gets-price-reduction/,/news/classic-feadship-motor-yacht-alhambra-gets-price-reduction/,https://www.oldseadogs.com/stories/news-classic-feadship-motor-yacht-alhambra-gets-price-reduction,/stories/news-classic-feadship-motor-yacht-alhambra-gets-price-reduction,301,News: Famed Yacht Alhambra's Price Slashed - Dive Into the World of Luxurious Sea Voyages
article redirect,https://oldseadogs.com/boat-reviews/famed-formula-1-driver-marks-20th-launch-of-riva-102-corsaro-super-yacht/,/boat-reviews/famed-formula-1-driver-marks-20th-launch-of-riva-102-corsaro-super-yacht/,https://www.oldseadogs.com/stories/boat-reviews-famed-formula-1-driver-marks-20th-launch-of-riva-102-corsaro-super-yacht,/stories/boat-reviews-famed-formula-1-driver-marks-20th-launch-of-riva-102-corsaro-super-yacht,301,"Boat Reviews: Charles Leclerc, known for his speed on the F1 track, takes a plunge with latest Riva Super yacht"
article redirect,https://oldseadogs.com/gear/in-demand-vaikobi-bump-hats-are-now-available-again/,/gear/in-demand-vaikobi-bump-hats-are-now-available-again/,https://www.oldseadogs.com/stories/gear-in-demand-vaikobi-bump-hats-are-now-available-again,/stories/gear-in-demand-vaikobi-bump-hats-are-now-available-again,301,"Gear: Vibrant and Protective, the Coveted Vaikobi Bump Hats are Back in Stock"
article redirect,https://oldseadogs.com/racing/revival-of-the-iconic-armada-cup-2026-lures-sailors-worldwide/,/racing/revival-of-the-iconic-armada-cup-2026-lures-sailors-worldwide/,https://www.oldseadogs.com/stories/racing-revival-of-the-iconic-armada-cup-2026-lures-sailors-worldwide,/stories/racing-revival-of-the-iconic-armada-cup-2026-lures-sailors-worldwide,301,Racing: Armada Cup 2026: A Riveting Return to the Atlantic Calendar with Diverse Offshore Racing in the Heart of the Basque Coast
article redirect,https://oldseadogs.com/news/acclaimed-star-diamond-superyacht-sold-at-boathouse-auctions/,/news/acclaimed-star-diamond-superyacht-sold-at-boathouse-auctions/,https://www.oldseadogs.com/stories/news-acclaimed-star-diamond-superyacht-sold-at-boathouse-auctions,/stories/news-acclaimed-star-diamond-superyacht-sold-at-boathouse-auctions,301,"News: Star Diamond, the Iconic Superyacht from Below Deck, Finds a New Owner at Auction"
article redirect,https://oldseadogs.com/racing/thrilling-competition-at-east-kent-radio-sailing-club-and-littleton-sailing-club/,/racing/thrilling-competition-at-east-kent-radio-sailing-club-and-littleton-sailing-club/,https://www.oldseadogs.com/stories/racing-thrilling-competition-at-east-kent-radio-sailing-club-and-littleton-sailing-club,/stories/racing-thrilling-competition-at-east-kent-radio-sailing-club-and-littleton-sailing-club,301,Racing: Exciting Week 6 of DF95 Spring Series at East Kent Radio Sailing Club and Ash Trophy at Littleton Sailing Club in 2026
article redirect,https://oldseadogs.com/racing/tim-kent-to-conquer-global-solo-challenge-2027-2028/,/racing/tim-kent-to-conquer-global-solo-challenge-2027-2028/,https://www.oldseadogs.com/stories/racing-tim-kent-to-conquer-global-solo-challenge-2027-2028,/stories/racing-tim-kent-to-conquer-global-solo-challenge-2027-2028,301,"Racing: Veteran American Sailor, Tim Kent, Tackles Global Solo Challenge for a Non-Stop Circumnavigation - 2027-2028"
article redirect,https://oldseadogs.com/news/antigua-racing-cup-2026-trade-winds-delivered-a-blistering-opening-day/,/news/antigua-racing-cup-2026-trade-winds-delivered-a-blistering-opening-day/,https://www.oldseadogs.com/stories/news-antigua-racing-cup-2026-trade-winds-delivered-a-blistering-opening-day,/stories/news-antigua-racing-cup-2026-trade-winds-delivered-a-blistering-opening-day,301,News: Five Hours Flat Out in the Trades as Antigua Racing Cup Exploded Into Life
article redirect,https://oldseadogs.com/news/extreme-caution-urged-for-superyachts-attempting-strait-of-hormuz-passage/,/news/extreme-caution-urged-for-superyachts-attempting-strait-of-hormuz-passage/,https://www.oldseadogs.com/stories/news-extreme-caution-urged-for-superyachts-attempting-strait-of-hormuz-passage,/stories/news-extreme-caution-urged-for-superyachts-attempting-strait-of-hormuz-passage,301,News: Maritime Experts Discourage Private Yachts from Navigating Strait of Hormuz Despite Nord's Recent Passage
article redirect,https://oldseadogs.com/racing/following-2026-49er-49erfx-nacra-17-world-championship-in-quiberon/,/racing/following-2026-49er-49erfx-nacra-17-world-championship-in-quiberon/,https://www.oldseadogs.com/stories/racing-following-2026-49er-49erfx-nacra-17-world-championship-in-quiberon,/stories/racing-following-2026-49er-49erfx-nacra-17-world-championship-in-quiberon,301,"Racing: Everything You Need to Know to Follow the 49er, 49erFX & Nacra 17 World Championship of 2026 in Quiberon"
article redirect,https://oldseadogs.com/boat-reviews/isa-yachts-introduces-majestic-67m-superyacht-sea-raider-x/,/boat-reviews/isa-yachts-introduces-majestic-67m-superyacht-sea-raider-x/,https://www.oldseadogs.com/stories/boat-reviews-isa-yachts-introduces-majestic-67m-superyacht-sea-raider-x,/stories/boat-reviews-isa-yachts-introduces-majestic-67m-superyacht-sea-raider-x,301,Boat Reviews: Behold the Sea Raider X: ISA Yachts' Unveils Its Latest Gran Turismo 67M Masterpiece
article redirect,https://oldseadogs.com/news/luxurious-38m-maori-motor-yacht-k-listed-for-sale/,/news/luxurious-38m-maori-motor-yacht-k-listed-for-sale/,https://www.oldseadogs.com/stories/news-luxurious-38m-maori-motor-yacht-k-listed-for-sale,/stories/news-luxurious-38m-maori-motor-yacht-k-listed-for-sale,301,"News: Take a Detailed Look Inside the Opulent 38m Maori Motor Yacht K+, Now Up for Sale"
article redirect,https://oldseadogs.com/racing/revamped-format-boosts-east-anglian-early-season-regatta-2026/,/racing/revamped-format-boosts-east-anglian-early-season-regatta-2026/,https://www.oldseadogs.com/stories/racing-revamped-format-boosts-east-anglian-early-season-regatta-2026,/stories/racing-revamped-format-boosts-east-anglian-early-season-regatta-2026,301,Racing: East Anglian Offshore Racing Association (EAORA) Attracts Double the Entrants following a Major Format Shake-up
article redirect,https://oldseadogs.com/news/vitters-unveils-progress-on-majestic-63m-sailing-yacht-project-dreamer/,/news/vitters-unveils-progress-on-majestic-63m-sailing-yacht-project-dreamer/,https://www.oldseadogs.com/stories/news-vitters-unveils-progress-on-majestic-63m-sailing-yacht-project-dreamer,/stories/news-vitters-unveils-progress-on-majestic-63m-sailing-yacht-project-dreamer,301,"News: Vitters Shipyard on the Verge of Making History with the In-Build 63m Sailing Yacht, Project Dreamer"
article redirect,https://oldseadogs.com/boat-reviews/aeri-studio-reimagines-superyacht-design-with-42m-concept-glide/,/boat-reviews/aeri-studio-reimagines-superyacht-design-with-42m-concept-glide/,https://www.oldseadogs.com/stories/boat-reviews-aeri-studio-reimagines-superyacht-design-with-42m-concept-glide,/stories/boat-reviews-aeri-studio-reimagines-superyacht-design-with-42m-concept-glide,301,Boat Reviews: Revolutionising the Superyacht Scene: Aeri Studio Unveils 42-Metre 'Glide' Yacht Concept with a Freshly Bold Approach
article redirect,https://oldseadogs.com/boat-reviews/hard-top-sports-cruisers-four-stellar-picks-from-the-second-hand-market/,/boat-reviews/hard-top-sports-cruisers-four-stellar-picks-from-the-second-hand-market/,https://www.oldseadogs.com/stories/boat-reviews-hard-top-sports-cruisers-four-stellar-picks-from-the-second-hand-market,/stories/boat-reviews-hard-top-sports-cruisers-four-stellar-picks-from-the-second-hand-market,301,Boat Reviews: Exploring the Thrill of Open-Air Water Adventures through Four Prized Hard Top Sports Cruisers
article redirect,https://oldseadogs.com/news/igniting-a-new-wave-of-grassroots-sailing-with-sunsails-funding-initiative/,/news/igniting-a-new-wave-of-grassroots-sailing-with-sunsails-funding-initiative/,https://www.oldseadogs.com/stories/news-igniting-a-new-wave-of-grassroots-sailing-with-sunsails-funding-initiative,/stories/news-igniting-a-new-wave-of-grassroots-sailing-with-sunsails-funding-initiative,301,News: Shaping the Next Generation of Sailing: Sunsail Continues to Fund Future Champions and Promotes Female Inclusion
article redirect,https://oldseadogs.com/boat-reviews/palmer-johnson-motor-yacht-equity-a-luxurious-seafaring-gem-now-on-sale/,/boat-reviews/palmer-johnson-motor-yacht-equity-a-luxurious-seafaring-gem-now-on-sale/,https://www.oldseadogs.com/stories/boat-reviews-palmer-johnson-motor-yacht-equity-a-luxurious-seafaring-gem-now-on-sale,/stories/boat-reviews-palmer-johnson-motor-yacht-equity-a-luxurious-seafaring-gem-now-on-sale,301,Boat Reviews: Swoop in on a Splendid Sea Journey as Luxurious Palmer Johnson Motor Yacht Equity Is Now for Sale
article redirect,https://oldseadogs.com/racing/the-resplendent-jervis-bay-classic-2026/,/racing/the-resplendent-jervis-bay-classic-2026/,https://www.oldseadogs.com/stories/racing-the-resplendent-jervis-bay-classic-2026,/stories/racing-the-resplendent-jervis-bay-classic-2026,301,"Racing: Thrills, Spills, and Excitement: The Jervis Bay Classic 2026 at Vincentia Sailing Club Unveiled"
article redirect,https://oldseadogs.com/masterclass/insights-unveiled-for-the-prestigious-round-britain-ireland-race/,/masterclass/insights-unveiled-for-the-prestigious-round-britain-ireland-race/,https://www.oldseadogs.com/stories/masterclass-insights-unveiled-for-the-prestigious-round-britain-ireland-race,/stories/masterclass-insights-unveiled-for-the-prestigious-round-britain-ireland-race,301,Masterclass: Learn from the Experts: Essential Strategies and Tips for the Round Britain & Ireland Race
article redirect,https://oldseadogs.com/boat-reviews/numarine-marks-sale-of-37xp-yacht-with-2027-delivery-schedule/,/boat-reviews/numarine-marks-sale-of-37xp-yacht-with-2027-delivery-schedule/,https://www.oldseadogs.com/stories/boat-reviews-numarine-marks-sale-of-37xp-yacht-with-2027-delivery-schedule,/stories/boat-reviews-numarine-marks-sale-of-37xp-yacht-with-2027-delivery-schedule,301,"Boat Reviews: Numarine Introduces the Future of Yachting with Sale of new 37XP, Topping their Explorer Yacht Series"
article redirect,https://oldseadogs.com/racing/sailing-glory-at-ilca-midland-grand-prix-2026/,/racing/sailing-glory-at-ilca-midland-grand-prix-2026/,https://www.oldseadogs.com/stories/racing-sailing-glory-at-ilca-midland-grand-prix-2026,/stories/racing-sailing-glory-at-ilca-midland-grand-prix-2026,301,"Racing: Sailing Champions Sail Beyond the Wind, Navigate the Gusts at ILCA Midland Grand Prix Open 2026"
article redirect,https://oldseadogs.com/news/tango-superyacht-seized-yet-still-in-service/,/news/tango-superyacht-seized-yet-still-in-service/,https://www.oldseadogs.com/stories/news-tango-superyacht-seized-yet-still-in-service,/stories/news-tango-superyacht-seized-yet-still-in-service,301,"News: The Peculiar Case of Tango, a Superyacht: Seized, Tethered but Technically in Operation"
article redirect,https://oldseadogs.com/gear/celebrate-the-sea-with-henri-lloyds-top-selling-shorts/,/gear/celebrate-the-sea-with-henri-lloyds-top-selling-shorts/,https://www.oldseadogs.com/stories/gear-celebrate-the-sea-with-henri-lloyds-top-selling-shorts,/stories/gear-celebrate-the-sea-with-henri-lloyds-top-selling-shorts,301,Gear: Discover the Adventure of the Open Sea with Henri-Lloyd's Best-Selling Explorer Shorts 2.0
article redirect,https://oldseadogs.com/news/croatias-nautical-navigational-revisions-of-2026/,/news/croatias-nautical-navigational-revisions-of-2026/,https://www.oldseadogs.com/stories/news-croatias-nautical-navigational-revisions-of-2026,/stories/news-croatias-nautical-navigational-revisions-of-2026,301,News: Croatia Sets Sail Towards the Future: Navigational Safety Ordinance Revised and Ready by 2026
article redirect,https://oldseadogs.com/news/overmarine-groups-fourth-mangusta-gransport-34-yacht-sold-via-greek-partner/,/news/overmarine-groups-fourth-mangusta-gransport-34-yacht-sold-via-greek-partner/,https://www.oldseadogs.com/stories/news-overmarine-groups-fourth-mangusta-gransport-34-yacht-sold-via-greek-partner,/stories/news-overmarine-groups-fourth-mangusta-gransport-34-yacht-sold-via-greek-partner,301,News: Exciting Advancements in Greek Yachting: Overmarine Group Announces Sale of the Fourth Mangusta GranSport 34 Yacht
article redirect,https://oldseadogs.com/boat-reviews/the-astonishing-sunseeker-94-yacht-set-for-2026-launch/,/boat-reviews/the-astonishing-sunseeker-94-yacht-set-for-2026-launch/,https://www.oldseadogs.com/stories/boat-reviews-the-astonishing-sunseeker-94-yacht-set-for-2026-launch,/stories/boat-reviews-the-astonishing-sunseeker-94-yacht-set-for-2026-launch,301,Boat Reviews: Step Inside the Sunseeker 94: A Revolutionary Yacht Soon to Grace the Waters
article redirect,https://oldseadogs.com/news/the-power-of-small-conferences-in-the-superyacht-industry/,/news/the-power-of-small-conferences-in-the-superyacht-industry/,https://www.oldseadogs.com/stories/news-the-power-of-small-conferences-in-the-superyacht-industry,/stories/news-the-power-of-small-conferences-in-the-superyacht-industry,301,News: How Small Gatherings Propelling the Superyacht Industry Forward
article redirect,https://oldseadogs.com/boat-reviews/gleaming-sunseeker-motor-yacht-captain-morgan-iii-up-for-grabs/,/boat-reviews/gleaming-sunseeker-motor-yacht-captain-morgan-iii-up-for-grabs/,https://www.oldseadogs.com/stories/boat-reviews-gleaming-sunseeker-motor-yacht-captain-morgan-iii-up-for-grabs,/stories/boat-reviews-gleaming-sunseeker-motor-yacht-captain-morgan-iii-up-for-grabs,301,"Boat Reviews: Step aboard the Immaculate 40m Sunseeker 'Captain Morgan III', Now on the Market"
article redirect,https://oldseadogs.com/news/tf35-trophy-2026-kicks-off-with-seven-fierce-teams/,/news/tf35-trophy-2026-kicks-off-with-seven-fierce-teams/,https://www.oldseadogs.com/stories/news-tf35-trophy-2026-kicks-off-with-seven-fierce-teams,/stories/news-tf35-trophy-2026-kicks-off-with-seven-fierce-teams,301,News: Highly Competitive Season Ahead as Seven Top-Tier Teams Battle for the Coveted TF35 Trophy 2026
article redirect,https://oldseadogs.com/racing/sailgp-power-shift-spanish-champions-los-gallos-sold-in-record-breaking-deal/,/racing/sailgp-power-shift-spanish-champions-los-gallos-sold-in-record-breaking-deal/,https://www.oldseadogs.com/stories/racing-sailgp-power-shift-spanish-champions-los-gallos-sold-in-record-breaking-deal,/stories/racing-sailgp-power-shift-spanish-champions-los-gallos-sold-in-record-breaking-deal,301,Racing: Big Money Meets Big Speed as Spain’s SailGP Champions Change Hands
article redirect,https://oldseadogs.com/racing/st.-francis-yacht-clubs-spectacular-rolex-big-boat-series/,/racing/st.-francis-yacht-clubs-spectacular-rolex-big-boat-series/,https://www.oldseadogs.com/stories/racing-st-francis-yacht-clubs-spectacular-rolex-big-boat-series,/stories/racing-st-francis-yacht-clubs-spectacular-rolex-big-boat-series,301,Racing: May 15 Registration Deadline Beckons for Grand Rolex Big Boat Series at St. Francis Yacht Club
article redirect,https://oldseadogs.com/racing/50th-anniversary-for-the-marion-bermuda-race-a-countdown-begins/,/racing/50th-anniversary-for-the-marion-bermuda-race-a-countdown-begins/,https://www.oldseadogs.com/stories/racing-50th-anniversary-for-the-marion-bermuda-race-a-countdown-begins,/stories/racing-50th-anniversary-for-the-marion-bermuda-race-a-countdown-begins,301,"Racing: With Early Registration Underway, Sailing Enthusiasts Gear-Up For The 50th Anniversary Of The Marion Bermuda Race"
article redirect,https://oldseadogs.com/news/cyclades-cup-2026-unfolds-enhanced-social-program-with-sailing-culture-island-life/,/news/cyclades-cup-2026-unfolds-enhanced-social-program-with-sailing-culture-island-life/,https://www.oldseadogs.com/stories/news-cyclades-cup-2026-unfolds-enhanced-social-program-with-sailing-culture-island-life,/stories/news-cyclades-cup-2026-unfolds-enhanced-social-program-with-sailing-culture-island-life,301,"News: Excitement Builds as Cyclades Cup 2026 Expands Social Agenda Fusing Maritime Racing, Cultural Experiences, and Greek Island Lifestyle"
article redirect,https://oldseadogs.com/news/despite-middle-east-conflict-yacht-market-flourishes/,/news/despite-middle-east-conflict-yacht-market-flourishes/,https://www.oldseadogs.com/stories/news-despite-middle-east-conflict-yacht-market-flourishes,/stories/news-despite-middle-east-conflict-yacht-market-flourishes,301,"News: Unfazed by Middle East Uncertainties, Global Yacht Market Demonstrates Stellar Performance in April"
article redirect,https://oldseadogs.com/news/stewart-brewing-707-edinburgh-cup-soars-at-port-edgar-yacht-club/,/news/stewart-brewing-707-edinburgh-cup-soars-at-port-edgar-yacht-club/,https://www.oldseadogs.com/stories/news-stewart-brewing-707-edinburgh-cup-soars-at-port-edgar-yacht-club,/stories/news-stewart-brewing-707-edinburgh-cup-soars-at-port-edgar-yacht-club,301,News: A Stellar Sail: Stewart Brewing 707 Edinburgh Cup Takes Over Port Edgar Yacht Club In Style
article redirect,https://oldseadogs.com/boat-reviews/the-unique-spirit-of-ginette-a-classic-northern-european-motor-yacht/,/boat-reviews/the-unique-spirit-of-ginette-a-classic-northern-european-motor-yacht/,https://www.oldseadogs.com/stories/boat-reviews-the-unique-spirit-of-ginette-a-classic-northern-european-motor-yacht,/stories/boat-reviews-the-unique-spirit-of-ginette-a-classic-northern-european-motor-yacht,301,Boat Reviews: Revamped Svendborg Skibs Motor Yacht Spirit of Ginette Up for Sale: A Lincoln Penny Redefined
article redirect,https://oldseadogs.com/news/timeless-elegance-meets-sporty-pedigree-artemis-ii-yacht-on-auction/,/news/timeless-elegance-meets-sporty-pedigree-artemis-ii-yacht-on-auction/,https://www.oldseadogs.com/stories/news-timeless-elegance-meets-sporty-pedigree-artemis-ii-yacht-on-auction,/stories/news-timeless-elegance-meets-sporty-pedigree-artemis-ii-yacht-on-auction,301,"News: Sail off into the Sunset Aboard the Luxurious 90 Marlow Yacht, Artemis II, Striking the Perfect Balance of Elegance and Speed"
article redirect,https://oldseadogs.com/news/gulf-craft-expansion-and-next-yacht-spain-launch/,/news/gulf-craft-expansion-and-next-yacht-spain-launch/,https://www.oldseadogs.com/stories/news-gulf-craft-expansion-and-next-yacht-spain-launch,/stories/news-gulf-craft-expansion-and-next-yacht-spain-launch,301,News: Gulf Craft Strengthens Asian Foothold as Next Yacht Group Reveals Spanish Launch
article redirect,https://oldseadogs.com/boat-shows/next-yacht-group-partners-with-smart-yachting-to-unveil-next-yacht-spain/,/boat-shows/next-yacht-group-partners-with-smart-yachting-to-unveil-next-yacht-spain/,https://www.oldseadogs.com/stories/boat-shows-next-yacht-group-partners-with-smart-yachting-to-unveil-next-yacht-spain,/stories/boat-shows-next-yacht-group-partners-with-smart-yachting-to-unveil-next-yacht-spain,301,Shows: Next Yacht Group and SMART Yachting Launch Next Yacht Spain at Palma International Boat Show
article redirect,https://oldseadogs.com/news/pastrovich-studio-launches-x-shinobi-superyacht-series/,/news/pastrovich-studio-launches-x-shinobi-superyacht-series/,https://www.oldseadogs.com/stories/news-pastrovich-studio-launches-x-shinobi-superyacht-series,/stories/news-pastrovich-studio-launches-x-shinobi-superyacht-series,301,News: Luxury Afloat: Pastrovich Studio’s Launch Of Futuristic X-Shinobi Yacht Family Reimagines Luxury Charter
article redirect,https://oldseadogs.com/boat-reviews/spirit-p70-where-nautical-tradition-meets-modern-marvel/,/boat-reviews/spirit-p70-where-nautical-tradition-meets-modern-marvel/,https://www.oldseadogs.com/stories/boat-reviews-spirit-p70-where-nautical-tradition-meets-modern-marvel,/stories/boat-reviews-spirit-p70-where-nautical-tradition-meets-modern-marvel,301,"Boat Reviews: The Spirit P70: Embodying Nautical Elegance, Defining the Epitome of Coolness!"
article redirect,https://oldseadogs.com/racing/trailblazer-francesca-clapcich-primed-for-her-first-solo-imoca-race/,/racing/trailblazer-francesca-clapcich-primed-for-her-first-solo-imoca-race/,https://www.oldseadogs.com/stories/racing-trailblazer-francesca-clapcich-primed-for-her-first-solo-imoca-race,/stories/racing-trailblazer-francesca-clapcich-primed-for-her-first-solo-imoca-race,301,Racing: Francesca Clapcich Sets Sail on Unmatched Adventure in Her Inaugural Solo IMOCA Contest
article redirect,https://oldseadogs.com/boat-reviews/unveiling-the-splendid-baglietto-superyacht-project-farah/,/boat-reviews/unveiling-the-splendid-baglietto-superyacht-project-farah/,https://www.oldseadogs.com/stories/boat-reviews-unveiling-the-splendid-baglietto-superyacht-project-farah,/stories/boat-reviews-unveiling-the-splendid-baglietto-superyacht-project-farah,301,"Boat Reviews: Dive into the Majestic Details of Baglietto's New 50m Superyacht: Project Farah, Customised Luxury in a Seaborne Abode"
article redirect,https://oldseadogs.com/gear/mav-lite-shell-2.0-a-versatile-waterproof-jacket/,/gear/mav-lite-shell-2.0-a-versatile-waterproof-jacket/,https://www.oldseadogs.com/stories/gear-mav-lite-shell-2-0-a-versatile-waterproof-jacket,/stories/gear-mav-lite-shell-2-0-a-versatile-waterproof-jacket,301,Gear: Unveiling the New Mav Lite Shell 2.0: The All-Weather Jacket for Every Occasion
article redirect,https://oldseadogs.com/news/reviving-the-mediterranean-ecosystem-the-marina-ibiza-posidonia-meadow-project/,/news/reviving-the-mediterranean-ecosystem-the-marina-ibiza-posidonia-meadow-project/,https://www.oldseadogs.com/stories/news-reviving-the-mediterranean-ecosystem-the-marina-ibiza-posidonia-meadow-project,/stories/news-reviving-the-mediterranean-ecosystem-the-marina-ibiza-posidonia-meadow-project,301,News: Marina Ibiza Champions Marine Restoration with The Posidonia Meadow Project - A Pioneering Initiative Invigorating the Med's Biodiversity
article redirect,https://oldseadogs.com/news/bvi-spring-regatta-2026-multihull-muscle-island-rivalries-and-a-fleet-ready-to-light-up-the-caribbean/,/news/bvi-spring-regatta-2026-multihull-muscle-island-rivalries-and-a-fleet-ready-to-light-up-the-caribbean/,https://www.oldseadogs.com/stories/news-bvi-spring-regatta-2026-multihull-muscle-island-rivalries-and-a-fleet-ready-to-light-up-the,/stories/news-bvi-spring-regatta-2026-multihull-muscle-island-rivalries-and-a-fleet-ready-to-light-up-the,301,News: From Flying Trimarans to Bareboat Battles — The BVI Delivers Again
article redirect,https://oldseadogs.com/news/clipper-race-fleet-leaves-seattle-to-continue-global-race/,/news/clipper-race-fleet-leaves-seattle-to-continue-global-race/,https://www.oldseadogs.com/stories/news-clipper-race-fleet-leaves-seattle-to-continue-global-race,/stories/news-clipper-race-fleet-leaves-seattle-to-continue-global-race,301,"News: Clipper Round the World Yacht Race Departs From Seattle, Marking Milestones and Leaving Memories Behind"
article redirect,https://oldseadogs.com/masterclass/developing-unique-leadership-in-the-superyacht-industry/,/masterclass/developing-unique-leadership-in-the-superyacht-industry/,https://www.oldseadogs.com/stories/masterclass-developing-unique-leadership-in-the-superyacht-industry,/stories/masterclass-developing-unique-leadership-in-the-superyacht-industry,301,Masterclass: Emerging Challenges in the Art of Leadership in the Superyacht Arena
article redirect,https://oldseadogs.com/racing/dragon-series-gets-off-to-a-vibrant-start-at-gresford-sailing-club/,/racing/dragon-series-gets-off-to-a-vibrant-start-at-gresford-sailing-club/,https://www.oldseadogs.com/stories/racing-dragon-series-gets-off-to-a-vibrant-start-at-gresford-sailing-club,/stories/racing-dragon-series-gets-off-to-a-vibrant-start-at-gresford-sailing-club,301,Racing: Young Sailors Show Off their Skills in the Welsh Sailing Dragon Series at Gresford SC
article redirect,https://oldseadogs.com/boat-reviews/numarine-unveils-classic-line-with-elegant-explorer-yachts/,/boat-reviews/numarine-unveils-classic-line-with-elegant-explorer-yachts/,https://www.oldseadogs.com/stories/boat-reviews-numarine-unveils-classic-line-with-elegant-explorer-yachts,/stories/boat-reviews-numarine-unveils-classic-line-with-elegant-explorer-yachts,301,Boat Reviews: Turkish Shipyard Numarine Introduces Classic Line of Explorer Yachts – A Fresh Twist on Timeless Elegance
article redirect,https://oldseadogs.com/boat-shows/showcasing-the-titans-of-the-sea-superyachts-at-palma-international-boat-show-2026/,/boat-shows/showcasing-the-titans-of-the-sea-superyachts-at-palma-international-boat-show-2026/,https://www.oldseadogs.com/stories/boat-shows-showcasing-the-titans-of-the-sea-superyachts-at-palma-international-boat-show-2026,/stories/boat-shows-showcasing-the-titans-of-the-sea-superyachts-at-palma-international-boat-show-2026,301,Shows: Up Close and Personal with 2026's Largest Superyachts on Display at Palma International Boat Show
article redirect,https://oldseadogs.com/boat-reviews/sunreef-yachts-unleashes-first-ultima-88-catamaran/,/boat-reviews/sunreef-yachts-unleashes-first-ultima-88-catamaran/,https://www.oldseadogs.com/stories/boat-reviews-sunreef-yachts-unleashes-first-ultima-88-catamaran,/stories/boat-reviews-sunreef-yachts-unleashes-first-ultima-88-catamaran,301,Boat Reviews: An Inside Look: Sunreef Yachts' Luxurious and Innovative First Ultima 88 Catamaran
article redirect,https://oldseadogs.com/news/amico-marine-a-new-venture-setting-superyacht-future/,/news/amico-marine-a-new-venture-setting-superyacht-future/,https://www.oldseadogs.com/stories/news-amico-marine-a-new-venture-setting-superyacht-future,/stories/news-amico-marine-a-new-venture-setting-superyacht-future,301,News: Discover Amico Marine: The All-in-One Game Changer in Superyacht Refit and Maintenance
article redirect,https://oldseadogs.com/news/caught-in-the-calm-rs100-harken-sprints-2026-at-rutland-sailing-club/,/news/caught-in-the-calm-rs100-harken-sprints-2026-at-rutland-sailing-club/,https://www.oldseadogs.com/stories/news-caught-in-the-calm-rs100-harken-sprints-2026-at-rutland-sailing-club,/stories/news-caught-in-the-calm-rs100-harken-sprints-2026-at-rutland-sailing-club,301,"News: The 2026 RS100 Harken Sprints at Rutland: Thrilling Races Shine, Despite Lacklustre Winds"
article redirect,https://oldseadogs.com/racing/clubswan-28-league-a-transcontinental-sailing-showdown/,/racing/clubswan-28-league-a-transcontinental-sailing-showdown/,https://www.oldseadogs.com/stories/racing-clubswan-28-league-a-transcontinental-sailing-showdown,/stories/racing-clubswan-28-league-a-transcontinental-sailing-showdown,301,"Racing: In an Unprecedented Event, ClubSwan 28 Races on Two Continents Simultaneously"
article redirect,https://oldseadogs.com/news/insider-scoop-shipyard-ceos-discuss-market-trends/,/news/insider-scoop-shipyard-ceos-discuss-market-trends/,https://www.oldseadogs.com/stories/news-insider-scoop-shipyard-ceos-discuss-market-trends,/stories/news-insider-scoop-shipyard-ceos-discuss-market-trends,301,News: The Pulse of the Trade: Shipyard Chiefs Unearth Insights on the Current and Future Perspectives of the Market
article redirect,https://oldseadogs.com/masterclass/mastering-the-irish-sea-a-journey-of-skill-development/,/masterclass/mastering-the-irish-sea-a-journey-of-skill-development/,https://www.oldseadogs.com/stories/masterclass-mastering-the-irish-sea-a-journey-of-skill-development,/stories/masterclass-mastering-the-irish-sea-a-journey-of-skill-development,301,Masterclass: Becoming Sea Masters: A Tale of Rough-water Boat Handling and Competency Building on the Irish Sea
article redirect,https://oldseadogs.com/news/antiguas-sailing-week-2026-sustainability-success-of-svg-sailing-week/,/news/antiguas-sailing-week-2026-sustainability-success-of-svg-sailing-week/,https://www.oldseadogs.com/stories/news-antiguas-sailing-week-2026-sustainability-success-of-svg-sailing-week,/stories/news-antiguas-sailing-week-2026-sustainability-success-of-svg-sailing-week,301,"News: Antigua’s Sailing Week 2026 Unveils Thrilling Finishes, While SVG Sailing Week Wins Gold Certification for Sustainable Practices"
article redirect,https://oldseadogs.com/boat-reviews/grace-iii-an-impeccable-blend-of-performance-and-luxury/,/boat-reviews/grace-iii-an-impeccable-blend-of-performance-and-luxury/,https://www.oldseadogs.com/stories/boat-reviews-grace-iii-an-impeccable-blend-of-performance-and-luxury,/stories/boat-reviews-grace-iii-an-impeccable-blend-of-performance-and-luxury,301,"Boat Reviews: Discover Grace III, the Formidable Cutter-rigged Sloop from the Renowned SES Yachts"
article redirect,https://oldseadogs.com/news/sale-complete-for-the-35m-sunseeker-motor-yacht-evereast/,/news/sale-complete-for-the-35m-sunseeker-motor-yacht-evereast/,https://www.oldseadogs.com/stories/news-sale-complete-for-the-35m-sunseeker-motor-yacht-evereast,/stories/news-sale-complete-for-the-35m-sunseeker-motor-yacht-evereast,301,"News: The 35m Sunseeker Motor Yacht, Evereast, Finds New Owners in a Sale Handled by Denison Yachting"
article redirect,https://oldseadogs.com/boat-reviews/34m-luxury-van-der-valk-motor-yacht-one-finds-new-owner/,/boat-reviews/34m-luxury-van-der-valk-motor-yacht-one-finds-new-owner/,https://www.oldseadogs.com/stories/boat-reviews-34m-luxury-van-der-valk-motor-yacht-one-finds-new-owner,/stories/boat-reviews-34m-luxury-van-der-valk-motor-yacht-one-finds-new-owner,301,"Boat Reviews: Paragon of Luxury on Water, the 34m Van der Valk Motor Yacht 'One', Seals a Splendid Sale"
article redirect,https://oldseadogs.com/lifestyle/innovating-luxury-island-living-in-the-maldives-a-deep-dive/,/lifestyle/innovating-luxury-island-living-in-the-maldives-a-deep-dive/,https://www.oldseadogs.com/stories/lifestyle-innovating-luxury-island-living-in-the-maldives-a-deep-dive,/stories/lifestyle-innovating-luxury-island-living-in-the-maldives-a-deep-dive,301,Lifestyle: Reconceptualised Luxury Living in the Maldives: The Rise of Continuity and Customisation over Novelty
article redirect,https://oldseadogs.com/racing/sailgp-hits-rio-guanabara-bay-set-for-high-speed-showdown-as-championship-arrives-in-brazil/,/racing/sailgp-hits-rio-guanabara-bay-set-for-high-speed-showdown-as-championship-arrives-in-brazil/,https://www.oldseadogs.com/stories/racing-sailgp-hits-rio-guanabara-bay-set-for-high-speed-showdown-as-championship-arrives-in-braz,/stories/racing-sailgp-hits-rio-guanabara-bay-set-for-high-speed-showdown-as-championship-arrives-in-braz,301,Racing: Foiling at Full Noise Beneath Sugarloaf as SailGP Makes Historic Rio Debut
article redirect,https://oldseadogs.com/news/st.-croix-preparing-to-host-the-55th-annual-isca-championships/,/news/st.-croix-preparing-to-host-the-55th-annual-isca-championships/,https://www.oldseadogs.com/stories/news-st-croix-preparing-to-host-the-55th-annual-isca-championships,/stories/news-st-croix-preparing-to-host-the-55th-annual-isca-championships,301,News: The U.S. Virgin Islands’ St. Croix to Become the Center of Sailing Universe as it Plays Host to the International Sunfish Class Association World Championships
article redirect,https://oldseadogs.com/news/unprecedented-price-slash-on-luxury-yacht-aveline/,/news/unprecedented-price-slash-on-luxury-yacht-aveline/,https://www.oldseadogs.com/stories/news-unprecedented-price-slash-on-luxury-yacht-aveline,/stories/news-unprecedented-price-slash-on-luxury-yacht-aveline,301,"News: Seize the Adventure: Luxury Yacht Aveline's Price Dips by $600,000, Making Immaculate Maritime Experience More Accessible"
article redirect,https://oldseadogs.com/racing/womens-championship-series-triumphs-and-trials-at-day-4/,/racing/womens-championship-series-triumphs-and-trials-at-day-4/,https://www.oldseadogs.com/stories/racing-womens-championship-series-triumphs-and-trials-at-day-4,/stories/racing-womens-championship-series-triumphs-and-trials-at-day-4,301,Racing: Excelled Performances in Port Phillip Women's Championship Series 2025-26: Revealed Drama and Achievements of Day 4
article redirect,https://oldseadogs.com/racing/87th-queens-cup-early-bird-registration-closes-imminently/,/racing/87th-queens-cup-early-bird-registration-closes-imminently/,https://www.oldseadogs.com/stories/racing-87th-queens-cup-early-bird-registration-closes-imminently,/stories/racing-87th-queens-cup-early-bird-registration-closes-imminently,301,Racing: The Window For Early Bird Registration for the Prestigious 87th Queen's Cup is Rapidly Closing. Act promptly!
article redirect,https://oldseadogs.com/news/frida-the-heesen-steel-superyacht-begins-sea-trials/,/news/frida-the-heesen-steel-superyacht-begins-sea-trials/,https://www.oldseadogs.com/stories/news-frida-the-heesen-steel-superyacht-begins-sea-trials,/stories/news-frida-the-heesen-steel-superyacht-begins-sea-trials,301,"News: Unveiled Splendour: Frida, the 55m Heesen Steel Superyacht Embarks on North Sea Trials"
article redirect,https://oldseadogs.com/news/the-life-and-legacy-of-gordon-wingy-ingate/,/news/the-life-and-legacy-of-gordon-wingy-ingate/,https://www.oldseadogs.com/stories/news-the-life-and-legacy-of-gordon-wingy-ingate,/stories/news-the-life-and-legacy-of-gordon-wingy-ingate,301,News: Sailing Legend and Indomitable Spirit: Remembering the Exceptional Gordon Ingate OAM
article redirect,https://oldseadogs.com/news/wounded-veterans-embark-on-2000-mile-uk-expedition-aboard-sailing-yachts/,/news/wounded-veterans-embark-on-2000-mile-uk-expedition-aboard-sailing-yachts/,https://www.oldseadogs.com/stories/news-wounded-veterans-embark-on-2000-mile-uk-expedition-aboard-sailing-yachts,/stories/news-wounded-veterans-embark-on-2000-mile-uk-expedition-aboard-sailing-yachts,301,"News: Seventy Wounded, Injured, and Sick Veterans Navigate a 2,000-Mile Expedition Around the UK in Partnered Adventure with Invictus Games"
article redirect,https://oldseadogs.com/boat-shows/a-peek-aboard-ares-yachts-62m-flagship-simena-and-torlak-shipyards-45m-motor-yacht/,/boat-shows/a-peek-aboard-ares-yachts-62m-flagship-simena-and-torlak-shipyards-45m-motor-yacht/,https://www.oldseadogs.com/stories/boat-shows-a-peek-aboard-ares-yachts-62m-flagship-simena-and-torlak-shipyards-45m-motor-yacht,/stories/boat-shows-a-peek-aboard-ares-yachts-62m-flagship-simena-and-torlak-shipyards-45m-motor-yacht,301,Shows: Introducing the 62-metre Flagship 'Simena' by Ares Yachts and Torlak Shipyard's 45m Motor Yacht Awe-Inspired by Hot Lab
article redirect,https://oldseadogs.com/racing/macnamaras-bowl-revived-with-elite-womens-sailing-lineup/,/racing/macnamaras-bowl-revived-with-elite-womens-sailing-lineup/,https://www.oldseadogs.com/stories/racing-macnamaras-bowl-revived-with-elite-womens-sailing-lineup,/stories/racing-macnamaras-bowl-revived-with-elite-womens-sailing-lineup,301,Racing: Women's Sailing Takes Centre Stage as Elite Talent Returns for Revival of Iconic Macnamara's Bowl
article redirect,https://oldseadogs.com/gear/ai-enhanced-vigilance-watchits-revolution-in-nautical-safety/,/gear/ai-enhanced-vigilance-watchits-revolution-in-nautical-safety/,https://www.oldseadogs.com/stories/gear-ai-enhanced-vigilance-watchits-revolution-in-nautical-safety,/stories/gear-ai-enhanced-vigilance-watchits-revolution-in-nautical-safety,301,Gear: The Future of Boating Safety? WATCHIT’s AI System Brings New Level of Vigilance to the Sea
article redirect,https://oldseadogs.com/news/extensive-refit-of-37m-bering-yacht-comes-to-fruition/,/news/extensive-refit-of-37m-bering-yacht-comes-to-fruition/,https://www.oldseadogs.com/stories/news-extensive-refit-of-37m-bering-yacht-comes-to-fruition,/stories/news-extensive-refit-of-37m-bering-yacht-comes-to-fruition,301,"News: Reviva Refit announces relaunch of Bering motor yacht B121 after six-month, intensive refurbishment project"
article redirect,https://oldseadogs.com/news/first-ab-yachts-ab-95s-superyacht-delivered-with-stunning-speed-of-53-knots/,/news/first-ab-yachts-ab-95s-superyacht-delivered-with-stunning-speed-of-53-knots/,https://www.oldseadogs.com/stories/news-first-ab-yachts-ab-95s-superyacht-delivered-with-stunning-speed-of-53-knots,/stories/news-first-ab-yachts-ab-95s-superyacht-delivered-with-stunning-speed-of-53-knots,301,News: Breathtakingly Fast AB 95S Superyacht Makes Its Debut: AB Yachts Delivers Its First 29m Model in Spectacular Style
article redirect,https://oldseadogs.com/racing/the-kickoff-uks-j/70-grand-slam-series/,/racing/the-kickoff-uks-j/70-grand-slam-series/,https://www.oldseadogs.com/stories/racing-70-grand-slam-series,/stories/racing-70-grand-slam-series,301,Racing: Inaugural Winds: Excitement Surges as J/70 UK Grand Slam Series Embarks
article redirect,https://oldseadogs.com/racing/virtually-sailing-the-globe-the-2026-offshore-championship-season-begins/,/racing/virtually-sailing-the-globe-the-2026-offshore-championship-season-begins/,https://www.oldseadogs.com/stories/racing-virtually-sailing-the-globe-the-2026-offshore-championship-season-begins,/stories/racing-virtually-sailing-the-globe-the-2026-offshore-championship-season-begins,301,Racing: Embarking on a Digital Adventure: The 2026 Offshore Championship Season Launches for an Immersive Experience
article redirect,https://oldseadogs.com/racing/an-honourable-performance-by-the-kitchen-maker-team-at-the-18ft-skiff-world-championship/,/racing/an-honourable-performance-by-the-kitchen-maker-team-at-the-18ft-skiff-world-championship/,https://www.oldseadogs.com/stories/racing-an-honourable-performance-by-the-kitchen-maker-team-at-the-18ft-skiff-world-championship,/stories/racing-an-honourable-performance-by-the-kitchen-maker-team-at-the-18ft-skiff-world-championship,301,"Racing: A Tradition of Tenacity, The Kitchen Maker Makes Waves at the 18ft Skiff World Championship"
article redirect,https://oldseadogs.com/boat-reviews/four-seasons-debuts-luxury-yacht-liner-following-maiden-voyage/,/boat-reviews/four-seasons-debuts-luxury-yacht-liner-following-maiden-voyage/,https://www.oldseadogs.com/stories/boat-reviews-four-seasons-debuts-luxury-yacht-liner-following-maiden-voyage,/stories/boat-reviews-four-seasons-debuts-luxury-yacht-liner-following-maiden-voyage,301,Boat Reviews: Unveiling a New Class of Luxury: Four Seasons' 207m Yacht Liner Successfully Completes Maiden Journey
article redirect,https://oldseadogs.com/news/olympic-sailing-2027-calendar-locked-in-as-gdynia-worlds-and-lima-pan-am-clash-looms/,/news/olympic-sailing-2027-calendar-locked-in-as-gdynia-worlds-and-lima-pan-am-clash-looms/,https://www.oldseadogs.com/stories/news-olympic-sailing-2027-calendar-locked-in-as-gdynia-worlds-and-lima-pan-am-clash-looms,/stories/news-olympic-sailing-2027-calendar-locked-in-as-gdynia-worlds-and-lima-pan-am-clash-looms,301,News: Tight Turnarounds and Global Travel Set the Stage for a Brutal Olympic Sailing Season
article redirect,https://oldseadogs.com/news/princess-yachts-makes-strides-in-carbon-reduction/,/news/princess-yachts-makes-strides-in-carbon-reduction/,https://www.oldseadogs.com/stories/news-princess-yachts-makes-strides-in-carbon-reduction,/stories/news-princess-yachts-makes-strides-in-carbon-reduction,301,News: Princess Yachts Achieves Impressive Reduction in Carbon Footprint Following Solar Power Integration
article redirect,https://oldseadogs.com/news/spain-simplifies-yacht-charter-licensing-with-self-declaration-system/,/news/spain-simplifies-yacht-charter-licensing-with-self-declaration-system/,https://www.oldseadogs.com/stories/news-spain-simplifies-yacht-charter-licensing-with-self-declaration-system,/stories/news-spain-simplifies-yacht-charter-licensing-with-self-declaration-system,301,News: A New Era for Spain's Yacht Charter System: Transitioning from Licensing to a Simpler Self-Declaration Process
article redirect,https://oldseadogs.com/racing/svea-and-rainbow-to-compete-at-30th-anniversary-of-the-superyacht-cup-palma-richard-mille/,/racing/svea-and-rainbow-to-compete-at-30th-anniversary-of-the-superyacht-cup-palma-richard-mille/,https://www.oldseadogs.com/stories/racing-svea-and-rainbow-to-compete-at-30th-anniversary-of-the-superyacht-cup-palma-richard-mille,/stories/racing-svea-and-rainbow-to-compete-at-30th-anniversary-of-the-superyacht-cup-palma-richard-mille,301,"Racing: Swedish class J yachts, Svea and Rainbow, are Set to Face Off at the Superyacht Cup Palma Richard Mille in June 2026"
article redirect,https://oldseadogs.com/boat-reviews/baltic-77-black-pearl-ii-on-the-market/,/boat-reviews/baltic-77-black-pearl-ii-on-the-market/,https://www.oldseadogs.com/stories/boat-reviews-baltic-77-black-pearl-ii-on-the-market,/stories/boat-reviews-baltic-77-black-pearl-ii-on-the-market,301,Boat Reviews: Rare Opportunity: Baltic 77 'Black Pearl II' Ushers in a New Era of Sailing Splendour
article redirect,https://oldseadogs.com/boat-reviews/introducing-ferraris-hypersail-innovation-and-beauty-on-the-waves/,/boat-reviews/introducing-ferraris-hypersail-innovation-and-beauty-on-the-waves/,https://www.oldseadogs.com/stories/boat-reviews-introducing-ferraris-hypersail-innovation-and-beauty-on-the-waves,/stories/boat-reviews-introducing-ferraris-hypersail-innovation-and-beauty-on-the-waves,301,"Boat Reviews: Ferrari Hypersail Unveils Livery, Merging Cutting-Edge Sailing Technology with Iconic Italian Design"
article redirect,https://oldseadogs.com/boat-shows/the-alluring-calls-of-palma-de-mallorcas-superyacht-circle/,/boat-shows/the-alluring-calls-of-palma-de-mallorcas-superyacht-circle/,https://www.oldseadogs.com/stories/boat-shows-the-alluring-calls-of-palma-de-mallorcas-superyacht-circle,/stories/boat-shows-the-alluring-calls-of-palma-de-mallorcas-superyacht-circle,301,"Shows: The Thrills of Palma de Mallorca and Its Superyacht Ecosystem: A Gathering of Luxury, Adventure, and Expertise"
article redirect,https://oldseadogs.com/boat-reviews/the-aquila-42-coup%C3%A9-a-powercat-that-defies-gravity/,/boat-reviews/the-aquila-42-coup%C3%A9-a-powercat-that-defies-gravity/,https://www.oldseadogs.com/stories/boat-reviews-the-aquila-42-coupe-a-powercat-that-defies-gravity,/stories/boat-reviews-the-aquila-42-coupe-a-powercat-that-defies-gravity,301,Boat Reviews: Experience the Aquila 42 Coupé: An Elegant Powercat Pushing Boundaries of Speed and Efficiency
article redirect,https://oldseadogs.com/boat-shows/2026-a-new-year-in-the-boating-world/,/boat-shows/2026-a-new-year-in-the-boating-world/,https://www.oldseadogs.com/stories/boat-shows-2026-a-new-year-in-the-boating-world,/stories/boat-shows-2026-a-new-year-in-the-boating-world,301,"Shows: A new year, fresh wakes, and a world of water waiting ahead."
article redirect,https://oldseadogs.com/news/board-reshuffle-as-kkcg-takes-helm-at-ferretti/,/news/board-reshuffle-as-kkcg-takes-helm-at-ferretti/,https://www.oldseadogs.com/stories/news-board-reshuffle-as-kkcg-takes-helm-at-ferretti,/stories/news-board-reshuffle-as-kkcg-takes-helm-at-ferretti,301,News: The Struggles and Triumphs of the Great Boardroom Battle: KKCG Claims Ferretti's Helm
article redirect,https://oldseadogs.com/boat-reviews/narrowboat-restoration-an-electric-rebirth-for-an-antique/,/boat-reviews/narrowboat-restoration-an-electric-rebirth-for-an-antique/,https://www.oldseadogs.com/stories/boat-reviews-narrowboat-restoration-an-electric-rebirth-for-an-antique,/stories/boat-reviews-narrowboat-restoration-an-electric-rebirth-for-an-antique,301,Boat Reviews: From 1920s Luxury to Electric Engine: The Incredible Transformation of an Antique Teak Canal Cruiser
article redirect,https://oldseadogs.com/news/project-solent-superyacht-embarks-for-outfitting-journey/,/news/project-solent-superyacht-embarks-for-outfitting-journey/,https://www.oldseadogs.com/stories/news-project-solent-superyacht-embarks-for-outfitting-journey,/stories/news-project-solent-superyacht-embarks-for-outfitting-journey,301,News: Innovative 83-metre Feadship Superyacht Project Solent Begins Outfitting Voyage; Set for Summer 2027 Delivery
article redirect,https://oldseadogs.com/news/reflections-on-the-yachting-market-conversations-with-shipyard-leaders/,/news/reflections-on-the-yachting-market-conversations-with-shipyard-leaders/,https://www.oldseadogs.com/stories/news-reflections-on-the-yachting-market-conversations-with-shipyard-leaders,/stories/news-reflections-on-the-yachting-market-conversations-with-shipyard-leaders,301,News: Diving Deep into the Yachting Industry: Exclusive Insights from Shipyard CEOs on Market Trends and Strategies
article redirect,https://oldseadogs.com/boat-reviews/the-adventurous-world-of-radio-sailing-embrace-df95-and-df65/,/boat-reviews/the-adventurous-world-of-radio-sailing-embrace-df95-and-df65/,https://www.oldseadogs.com/stories/boat-reviews-the-adventurous-world-of-radio-sailing-embrace-df95-and-df65,/stories/boat-reviews-the-adventurous-world-of-radio-sailing-embrace-df95-and-df65,301,Boat Reviews: Get Swept Away in the Pint-Sized Thrill of Radio Sailing with High-Performance DF95 and DF65
article redirect,https://oldseadogs.com/news/u4-marine-announces-three-new-build-yacht-projects/,/news/u4-marine-announces-three-new-build-yacht-projects/,https://www.oldseadogs.com/stories/news-u4-marine-announces-three-new-build-yacht-projects,/stories/news-u4-marine-announces-three-new-build-yacht-projects,301,"News: Turkish Yard U4 Marine Unveils Contracts for Triple Yacht Builds, Including an All-Aluminium Motor Catamaran"
article redirect,https://oldseadogs.com/news/vintage-benetti-star-of-the-sea-finds-new-owner/,/news/vintage-benetti-star-of-the-sea-finds-new-owner/,https://www.oldseadogs.com/stories/news-vintage-benetti-star-of-the-sea-finds-new-owner,/stories/news-vintage-benetti-star-of-the-sea-finds-new-owner,301,News: The Luxurious Vintage Charm of the 35m Benetti Yacht 'Star of the Sea' Woos New Buyer
article redirect,https://oldseadogs.com/news/record-breaking-achievements-at-birkenhead-race-and-excitement-at-warsash-spring-championship/,/news/record-breaking-achievements-at-birkenhead-race-and-excitement-at-warsash-spring-championship/,https://www.oldseadogs.com/stories/news-record-breaking-achievements-at-birkenhead-race-and-excitement-at-warsash-spring-championsh,/stories/news-record-breaking-achievements-at-birkenhead-race-and-excitement-at-warsash-spring-championsh,301,News: Sailing Sensations: Thrilling Regattas at Birkenhead and Warsash Bring Intrigue and Desirable victories
article redirect,https://oldseadogs.com/news/round-tortola-delivered-apollo-and-airgasm-claimed-the-2026-nanny-cay-cup/,/news/round-tortola-delivered-apollo-and-airgasm-claimed-the-2026-nanny-cay-cup/,https://www.oldseadogs.com/stories/news-round-tortola-delivered-apollo-and-airgasm-claimed-the-2026-nanny-cay-cup,/stories/news-round-tortola-delivered-apollo-and-airgasm-claimed-the-2026-nanny-cay-cup,301,News: Island Racing at Its Finest as Light Winds Tested the Fleet Around Tortola
article redirect,https://oldseadogs.com/racing/round-tortola-delivered-apollo-and-airgasm-claimed-the-2026-nanny-cay-cup/,/racing/round-tortola-delivered-apollo-and-airgasm-claimed-the-2026-nanny-cay-cup/,https://www.oldseadogs.com/stories/racing-round-tortola-delivered-apollo-and-airgasm-claimed-the-2026-nanny-cay-cup,/stories/racing-round-tortola-delivered-apollo-and-airgasm-claimed-the-2026-nanny-cay-cup,301,Racing: Island Racing at Its Finest as Light Winds Tested the Fleet Around Tortola
article redirect,https://oldseadogs.com/racing/sailing-triumphs-jack-turner-trophy-2026-and-henri-lloyd-warsash-spring-championship/,/racing/sailing-triumphs-jack-turner-trophy-2026-and-henri-lloyd-warsash-spring-championship/,https://www.oldseadogs.com/stories/racing-sailing-triumphs-jack-turner-trophy-2026-and-henri-lloyd-warsash-spring-championship,/stories/racing-sailing-triumphs-jack-turner-trophy-2026-and-henri-lloyd-warsash-spring-championship,301,Racing: Thrilling Competitions Light Up 2026 Sailing Scene: Inside the Jack Turner Trophy and Henri-Lloyd Warsash Spring Championship
article redirect,https://oldseadogs.com/lifestyle/summer-cloud-embodying-history-and-passion-over-speed/,/lifestyle/summer-cloud-embodying-history-and-passion-over-speed/,https://www.oldseadogs.com/stories/lifestyle-summer-cloud-embodying-history-and-passion-over-speed,/stories/lifestyle-summer-cloud-embodying-history-and-passion-over-speed,301,Lifestyle: Discover the Summer Cloud: A Caribbean Sloop That Reinforces the Essence of Sailing over Simply Being Fast
article redirect,https://oldseadogs.com/lifestyle/the-admirable-journey-of-the-yawl-mah-jong/,/lifestyle/the-admirable-journey-of-the-yawl-mah-jong/,https://www.oldseadogs.com/stories/lifestyle-the-admirable-journey-of-the-yawl-mah-jong,/stories/lifestyle-the-admirable-journey-of-the-yawl-mah-jong,301,Lifestyle: From Gamble to Gem: The Riveting Tale of the Yawl Mah Jong
article redirect,https://oldseadogs.com/racing/atlantic-ocean-race-set-to-highlight-the-strength-of-imoca-fleet/,/racing/atlantic-ocean-race-set-to-highlight-the-strength-of-imoca-fleet/,https://www.oldseadogs.com/stories/racing-atlantic-ocean-race-set-to-highlight-the-strength-of-imoca-fleet,/stories/racing-atlantic-ocean-race-set-to-highlight-the-strength-of-imoca-fleet,301,Racing: High-intensity Trans-Atlantic Showdown in September to Showcase Best of Offshore Sailing World
article redirect,https://oldseadogs.com/news/feadship-superyacht-koru-experiences-595k-price-reduction/,/news/feadship-superyacht-koru-experiences-595k-price-reduction/,https://www.oldseadogs.com/stories/news-feadship-superyacht-koru-experiences-595k-price-reduction,/stories/news-feadship-superyacht-koru-experiences-595k-price-reduction,301,"News: Exclusive: 50m Feadship Superyacht Koru Gets a €595,000 Price Drop"
article redirect,https://oldseadogs.com/gear/ground-breaking-protective-tech-for-boaters/,/gear/ground-breaking-protective-tech-for-boaters/,https://www.oldseadogs.com/stories/gear-ground-breaking-protective-tech-for-boaters,/stories/gear-ground-breaking-protective-tech-for-boaters,301,Gear: Stay Shielded from the Sun with Vaikobi's Cutting-Edge Ocean Performance Gear
article redirect,https://oldseadogs.com/news/second-39m-swan-128-yacht-by-nautor-swan-raijin-launched-in-finland/,/news/second-39m-swan-128-yacht-by-nautor-swan-raijin-launched-in-finland/,https://www.oldseadogs.com/stories/news-second-39m-swan-128-yacht-by-nautor-swan-raijin-launched-in-finland,/stories/news-second-39m-swan-128-yacht-by-nautor-swan-raijin-launched-in-finland,301,"News: Revolutionary Second 39m Swan 128 Maxi Yacht, Raijin, Unveiled by Nautor Swan: Ushering a New Era of Sustainable Sailing"
article redirect,https://oldseadogs.com/news/significant-price-drop-on-the-34m-horizon-yacht-el-mirar-ii/,/news/significant-price-drop-on-the-34m-horizon-yacht-el-mirar-ii/,https://www.oldseadogs.com/stories/news-significant-price-drop-on-the-34m-horizon-yacht-el-mirar-ii,/stories/news-significant-price-drop-on-the-34m-horizon-yacht-el-mirar-ii,301,"News: A Big Surprise: Luxury Horizon Motor Yacht El Mirar II Receives a $750,000 Price Reduction"
article redirect,https://oldseadogs.com/news/the-third-26m-ocean-explorer-85-yacht-sold-by-steeler-yachts/,/news/the-third-26m-ocean-explorer-85-yacht-sold-by-steeler-yachts/,https://www.oldseadogs.com/stories/news-the-third-26m-ocean-explorer-85-yacht-sold-by-steeler-yachts,/stories/news-the-third-26m-ocean-explorer-85-yacht-sold-by-steeler-yachts,301,"News: Steeler Yachts Marks Yet Another Milestone, Announces the Sale of the Third Ocean Explorer 85 Yacht"
article redirect,https://oldseadogs.com/news/470-sail-racing-fleets-surge-from-palma-to-hy%C3%A8res-for-grand-slam/,/news/470-sail-racing-fleets-surge-from-palma-to-hy%C3%A8res-for-grand-slam/,https://www.oldseadogs.com/stories/news-470-sail-racing-fleets-surge-from-palma-to-hyeres-for-grand-slam,/stories/news-470-sail-racing-fleets-surge-from-palma-to-hyeres-for-grand-slam,301,"News: Sailing Champions Take on Renowned Seas in the Next Leg of the Grand Slam Test, Riveting Hyères from Palma de Mallorca"
article redirect,https://oldseadogs.com/boat-reviews/a-resplendent-twist-to-the-baglietto-motor-yacht-new-master/,/boat-reviews/a-resplendent-twist-to-the-baglietto-motor-yacht-new-master/,https://www.oldseadogs.com/stories/boat-reviews-a-resplendent-twist-to-the-baglietto-motor-yacht-new-master,/stories/boat-reviews-a-resplendent-twist-to-the-baglietto-motor-yacht-new-master,301,Boat Reviews: Discover the Sleek Baglietto Yacht 'New Master' with Exclusive Interior Upgrade Potential
article redirect,https://oldseadogs.com/destinations/an-exhilarating-brittany-journey-aboard-a-princess-v50/,/destinations/an-exhilarating-brittany-journey-aboard-a-princess-v50/,https://www.oldseadogs.com/stories/destinations-an-exhilarating-brittany-journey-aboard-a-princess-v50,/stories/destinations-an-exhilarating-brittany-journey-aboard-a-princess-v50,301,"Destinations: The Ultimate Brittany Adventure in a V50 – Expect Thrilling Sights, Leisurely Strolls, And Acomplex of Wonderful gastronomy"
article redirect,https://oldseadogs.com/boat-reviews/delta-powerboats-motor-yacht-bise-i-now-on-the-market/,/boat-reviews/delta-powerboats-motor-yacht-bise-i-now-on-the-market/,https://www.oldseadogs.com/stories/boat-reviews-delta-powerboats-motor-yacht-bise-i-now-on-the-market,/stories/boat-reviews-delta-powerboats-motor-yacht-bise-i-now-on-the-market,301,"Boat Reviews: Unleash Your Nautical Longings With the Sleek and Luxurious Motor Yacht, Bise I"
article redirect,https://oldseadogs.com/racing/teen-transforms-tesco-car-park-dream-into-global-sailing-reality/,/racing/teen-transforms-tesco-car-park-dream-into-global-sailing-reality/,https://www.oldseadogs.com/stories/racing-teen-transforms-tesco-car-park-dream-into-global-sailing-reality,/stories/racing-teen-transforms-tesco-car-park-dream-into-global-sailing-reality,301,Racing: From Lake District to the High Seas: Teenager turns Parking Lot Epiphany into World Sailing Race Experience
article redirect,https://oldseadogs.com/news/third-unica-45m-steel-superyacht-sold-by-isa-yachts/,/news/third-unica-45m-steel-superyacht-sold-by-isa-yachts/,https://www.oldseadogs.com/stories/news-third-unica-45m-steel-superyacht-sold-by-isa-yachts,/stories/news-third-unica-45m-steel-superyacht-sold-by-isa-yachts,301,News: ISA Yachts Achieves Major Milestone with the Sale of the Third Unica 45M Steel Superyacht
article redirect,https://oldseadogs.com/boat-reviews/voodoo-yachts-launches-new-xf80-model/,/boat-reviews/voodoo-yachts-launches-new-xf80-model/,https://www.oldseadogs.com/stories/boat-reviews-voodoo-yachts-launches-new-xf80-model,/stories/boat-reviews-voodoo-yachts-launches-new-xf80-model,301,Boat Reviews: Unveiling the XF80: Voodoo Yachts Reveals Natural Evolution of Its Luxury Yacht Line
article redirect,https://oldseadogs.com/news/clean-sailors-and-circular-flow-push-wetsuit-waste-solutions/,/news/clean-sailors-and-circular-flow-push-wetsuit-waste-solutions/,https://www.oldseadogs.com/stories/news-clean-sailors-and-circular-flow-push-wetsuit-waste-solutions,/stories/news-clean-sailors-and-circular-flow-push-wetsuit-waste-solutions,301,"News: Clean Sailors & Circular Flow Forge Alliance, United against Wetsuit Waste"
article redirect,https://oldseadogs.com/news/digital-transformation-of-schengen-immigration-entry-exit-system/,/news/digital-transformation-of-schengen-immigration-entry-exit-system/,https://www.oldseadogs.com/stories/news-digital-transformation-of-schengen-immigration-entry-exit-system,/stories/news-digital-transformation-of-schengen-immigration-entry-exit-system,301,News: How the New Digital Schengen Immigration Entry/Exit System Impacts Non-Schengen Nationals Giving Up Manual Stamping
article redirect,https://oldseadogs.com/news/sf-marina-unveils-visionary-projects-port-nimara-and-port-amador/,/news/sf-marina-unveils-visionary-projects-port-nimara-and-port-amador/,https://www.oldseadogs.com/stories/news-sf-marina-unveils-visionary-projects-port-nimara-and-port-amador,/stories/news-sf-marina-unveils-visionary-projects-port-nimara-and-port-amador,301,News: Exploring SF Marina's Burgeoning Projects in Anguilla and Panama: An Inside Look at Port Nimara and Port Amador
article redirect,https://oldseadogs.com/news/tideway-80th-firefly-nationals-ups-entries-as-demand-soars/,/news/tideway-80th-firefly-nationals-ups-entries-as-demand-soars/,https://www.oldseadogs.com/stories/news-tideway-80th-firefly-nationals-ups-entries-as-demand-soars,/stories/news-tideway-80th-firefly-nationals-ups-entries-as-demand-soars,301,News: Tideway 80th Firefly Nationals Impresses by Expanding Entries to 120 After Initial Capacity Crushed by High Demand
article redirect,https://oldseadogs.com/news/wavemakers-expands-to-portsmouth-as-rya-pushes-to-redefine-sailings-talent-pathway/,/news/wavemakers-expands-to-portsmouth-as-rya-pushes-to-redefine-sailings-talent-pathway/,https://www.oldseadogs.com/stories/news-wavemakers-expands-to-portsmouth-as-rya-pushes-to-redefine-sailings-talent-pathway,/stories/news-wavemakers-expands-to-portsmouth-as-rya-pushes-to-redefine-sailings-talent-pathway,301,News: From Birmingham to the Solent: RYA Targets Untapped Talent in Bold Inclusion Drive
article redirect,https://oldseadogs.com/racing/wavemakers-expands-to-portsmouth-as-rya-pushes-to-redefine-sailings-talent-pathway/,/racing/wavemakers-expands-to-portsmouth-as-rya-pushes-to-redefine-sailings-talent-pathway/,https://www.oldseadogs.com/stories/racing-wavemakers-expands-to-portsmouth-as-rya-pushes-to-redefine-sailings-talent-pathway,/stories/racing-wavemakers-expands-to-portsmouth-as-rya-pushes-to-redefine-sailings-talent-pathway,301,Racing: From Birmingham to the Solent: RYA Targets Untapped Talent in Bold Inclusion Drive
article redirect,https://oldseadogs.com/racing/emirates-team-nz-strengthens-americas-cup-squad-with-new-talent/,/racing/emirates-team-nz-strengthens-americas-cup-squad-with-new-talent/,https://www.oldseadogs.com/stories/racing-emirates-team-nz-strengthens-americas-cup-squad-with-new-talent,/stories/racing-emirates-team-nz-strengthens-americas-cup-squad-with-new-talent,301,Racing: Serena Woodall and Lena Sanderson Join Emirates Team NZ in Preparation for 38th America's Cup
article redirect,https://oldseadogs.com/boat-shows/experience-the-virtuoso-cervo-sailing-yacht/,/boat-shows/experience-the-virtuoso-cervo-sailing-yacht/,https://www.oldseadogs.com/stories/boat-shows-experience-the-virtuoso-cervo-sailing-yacht,/stories/boat-shows-experience-the-virtuoso-cervo-sailing-yacht,301,"Shows: Indulge in Maritime Elegance with the Resplendent 39 Metre CERVO, Ready to Conquer New Horizons"
article redirect,https://oldseadogs.com/news/revolutionising-superyacht-sales-a-fresh-approach-by-boathouse-auctions/,/news/revolutionising-superyacht-sales-a-fresh-approach-by-boathouse-auctions/,https://www.oldseadogs.com/stories/news-revolutionising-superyacht-sales-a-fresh-approach-by-boathouse-auctions,/stories/news-revolutionising-superyacht-sales-a-fresh-approach-by-boathouse-auctions,301,News: Jack Mahoney Unveils Turbocharged Superyacht Selling Model with Boathouse Auctions
article redirect,https://oldseadogs.com/boat-reviews/thrill-within-reach-four-excellent-yachts-under-50000/,/boat-reviews/thrill-within-reach-four-excellent-yachts-under-50000/,https://www.oldseadogs.com/stories/boat-reviews-thrill-within-reach-four-excellent-yachts-under-50000,/stories/boat-reviews-thrill-within-reach-four-excellent-yachts-under-50000,301,"Boat Reviews: Indulge Your Nautical Fantasy: Four Unbelievable Yachts That Deliver Pure Seafaring Pleasure Under £50,000"
article redirect,https://oldseadogs.com/news/antigua-racing-cup-2026-a-new-chapter-begins-in-nelsons-dockyard/,/news/antigua-racing-cup-2026-a-new-chapter-begins-in-nelsons-dockyard/,https://www.oldseadogs.com/stories/news-antigua-racing-cup-2026-a-new-chapter-begins-in-nelsons-dockyard,/stories/news-antigua-racing-cup-2026-a-new-chapter-begins-in-nelsons-dockyard,301,"News: Trade Winds, Tight Racing and Rum on the Lawn as Antigua Launches Its New Regatta"
article redirect,https://oldseadogs.com/news/pendennis-group-prioritises-refit-strategy-amidst-global-expansion/,/news/pendennis-group-prioritises-refit-strategy-amidst-global-expansion/,https://www.oldseadogs.com/stories/news-pendennis-group-prioritises-refit-strategy-amidst-global-expansion,/stories/news-pendennis-group-prioritises-refit-strategy-amidst-global-expansion,301,"News: Meet Toby Allies, The Man Spearheading Pendennis's Refit Strategy and Solidifying the UK's Position in Global Yachting"
article redirect,https://oldseadogs.com/gear/preparing-your-2026-sailing-race-gear/,/gear/preparing-your-2026-sailing-race-gear/,https://www.oldseadogs.com/stories/gear-preparing-your-2026-sailing-race-gear,/stories/gear-preparing-your-2026-sailing-race-gear,301,Gear: Master the Rough Waters: Your Essential Guide to Assembling your 2026 Sailing Race Kit
article redirect,https://oldseadogs.com/news/revisiting-the-bayesian-a-study-on-yacht-stability-and-tragedy-prevention/,/news/revisiting-the-bayesian-a-study-on-yacht-stability-and-tragedy-prevention/,https://www.oldseadogs.com/stories/news-revisiting-the-bayesian-a-study-on-yacht-stability-and-tragedy-prevention,/stories/news-revisiting-the-bayesian-a-study-on-yacht-stability-and-tragedy-prevention,301,News: Understanding the Sinking of the Bayesian: How Modern Computational Techniques Could Prevent Future Yachting Disasters
article redirect,https://oldseadogs.com/news/acclaimed-30m-yacht-antares-iii-listed-for-sale/,/news/acclaimed-30m-yacht-antares-iii-listed-for-sale/,https://www.oldseadogs.com/stories/news-acclaimed-30m-yacht-antares-iii-listed-for-sale,/stories/news-acclaimed-30m-yacht-antares-iii-listed-for-sale,301,News: Yachting Enthusiasts: Vacation Dreams Materialise as 30m Sailing Yacht Antares III Hits the Market
article redirect,https://oldseadogs.com/news/antigua-sailing-week-2026-evolution-energy-and-a-new-chapter-for-a-caribbean-classic/,/news/antigua-sailing-week-2026-evolution-energy-and-a-new-chapter-for-a-caribbean-classic/,https://www.oldseadogs.com/stories/news-antigua-sailing-week-2026-evolution-energy-and-a-new-chapter-for-a-caribbean-classic,/stories/news-antigua-sailing-week-2026-evolution-energy-and-a-new-chapter-for-a-caribbean-classic,301,News: Not a Reinvention — An Evolution of a Caribbean Legend
article redirect,https://oldseadogs.com/racing/antigua-sailing-week-2026-evolution-energy-and-a-new-chapter-for-a-caribbean-classic/,/racing/antigua-sailing-week-2026-evolution-energy-and-a-new-chapter-for-a-caribbean-classic/,https://www.oldseadogs.com/stories/racing-antigua-sailing-week-2026-evolution-energy-and-a-new-chapter-for-a-caribbean-classic,/stories/racing-antigua-sailing-week-2026-evolution-energy-and-a-new-chapter-for-a-caribbean-classic,301,Racing: Not a Reinvention — An Evolution of a Caribbean Legend
article redirect,https://oldseadogs.com/racing/exciting-start-to-the-national-12-and-border-counties-midweek-sailing-series/,/racing/exciting-start-to-the-national-12-and-border-counties-midweek-sailing-series/,https://www.oldseadogs.com/stories/racing-exciting-start-to-the-national-12-and-border-counties-midweek-sailing-series,/stories/racing-exciting-start-to-the-national-12-and-border-counties-midweek-sailing-series,301,Racing: A High-Seas Adventure: Thrilling Kick-Off for National 12 and Border Counties Midweek Sailing Series
article redirect,https://oldseadogs.com/news/future-of-the-yachting-market-insights-from-shipyard-executives/,/news/future-of-the-yachting-market-insights-from-shipyard-executives/,https://www.oldseadogs.com/stories/news-future-of-the-yachting-market-insights-from-shipyard-executives,/stories/news-future-of-the-yachting-market-insights-from-shipyard-executives,301,News: Discover the State of the Yacht Market Through the Eyes of Industry-leading Shipyard Executives
article redirect,https://oldseadogs.com/news/l%C3%BCrssen-superyacht-pelorus-hits-the-market/,/news/l%C3%BCrssen-superyacht-pelorus-hits-the-market/,https://www.oldseadogs.com/stories/news-lurssen-superyacht-pelorus-hits-the-market,/stories/news-lurssen-superyacht-pelorus-hits-the-market,301,News: Majestic Lürssen Superyacht Pelorus Charges onto Sales Scene With €160 Million Asking Price
article redirect,https://oldseadogs.com/boat-shows/prestigious-superyacht-pelorus-listed-for-sale-by-new-agency/,/boat-shows/prestigious-superyacht-pelorus-listed-for-sale-by-new-agency/,https://www.oldseadogs.com/stories/boat-shows-prestigious-superyacht-pelorus-listed-for-sale-by-new-agency,/stories/boat-shows-prestigious-superyacht-pelorus-listed-for-sale-by-new-agency,301,Shows: Edmiston's Nathan Farrelly and Hans van Doornmalen Assume Sale Mandate for 115m Lürssen Superyacht Pelorus
article redirect,https://oldseadogs.com/boat-shows/shipyard-chiefs-discuss-the-future-of-yacht-building-market/,/boat-shows/shipyard-chiefs-discuss-the-future-of-yacht-building-market/,https://www.oldseadogs.com/stories/boat-shows-shipyard-chiefs-discuss-the-future-of-yacht-building-market,/stories/boat-shows-shipyard-chiefs-discuss-the-future-of-yacht-building-market,301,Shows: Leading Shipyard Executives Unveil a Vision for the Future of Yacht Construction Market
article redirect,https://oldseadogs.com/boat-shows/a-glimpse-into-feadships-flagship-140m-superyacht-project-launch-of-project-826/,/boat-shows/a-glimpse-into-feadships-flagship-140m-superyacht-project-launch-of-project-826/,https://www.oldseadogs.com/stories/boat-shows-a-glimpse-into-feadships-flagship-140m-superyacht-project-launch-of-project-826,/stories/boat-shows-a-glimpse-into-feadships-flagship-140m-superyacht-project-launch-of-project-826,301,Shows: A Look into the Mysterious 140m Feadship Flagship Superyacht and the Launch of the Exceptional 80m Project 826
article redirect,https://oldseadogs.com/racing/df95-spring-series-sailing-event-at-east-kent-week-2/,/racing/df95-spring-series-sailing-event-at-east-kent-week-2/,https://www.oldseadogs.com/stories/racing-df95-spring-series-sailing-event-at-east-kent-week-2,/stories/racing-df95-spring-series-sailing-event-at-east-kent-week-2,301,Racing: Thrilling Race Progresses at East Kent Radio Sailing Club: DF95 Spring Series Week 2 Unfolds
article redirect,https://oldseadogs.com/news/glimpse-at-feadships-impressive-140m-superyacht/,/news/glimpse-at-feadships-impressive-140m-superyacht/,https://www.oldseadogs.com/stories/news-glimpse-at-feadships-impressive-140m-superyacht,/stories/news-glimpse-at-feadships-impressive-140m-superyacht,301,News: Sneak Peek at the Majestic Bow of the 140m Feadship Superyacht Under Construction
article redirect,https://oldseadogs.com/news/redefining-luxury-sanlorenzos-74steel-superyacht-virtuosity-unveiled/,/news/redefining-luxury-sanlorenzos-74steel-superyacht-virtuosity-unveiled/,https://www.oldseadogs.com/stories/news-redefining-luxury-sanlorenzos-74steel-superyacht-virtuosity-unveiled,/stories/news-redefining-luxury-sanlorenzos-74steel-superyacht-virtuosity-unveiled,301,News: Revolutionizing Onboard Architecture: Italian Shipyard Sanlorenzo Unveils the Bold and Innovative 74Steel Superyacht 'Virtuosity'
article redirect,https://oldseadogs.com/boat-reviews/sanlorenzo-boasts-ground-breaking-design-on-second-74steel-superyacht-virtuosity/,/boat-reviews/sanlorenzo-boasts-ground-breaking-design-on-second-74steel-superyacht-virtuosity/,https://www.oldseadogs.com/stories/boat-reviews-sanlorenzo-boasts-ground-breaking-design-on-second-74steel-superyacht-virtuosity,/stories/boat-reviews-sanlorenzo-boasts-ground-breaking-design-on-second-74steel-superyacht-virtuosity,301,Boat Reviews: Sanlorenzo Elevates Luxury Yachting with the Reveal of its Latest 74Steel Superyacht - Virtuosity
article redirect,https://oldseadogs.com/lifestyle/the-art-of-designing-superior-superyacht-helidecks/,/lifestyle/the-art-of-designing-superior-superyacht-helidecks/,https://www.oldseadogs.com/stories/lifestyle-the-art-of-designing-superior-superyacht-helidecks,/stories/lifestyle-the-art-of-designing-superior-superyacht-helidecks,301,Lifestyle: From Sky to Sea: Engineering the Pinnacle of Arrival Experiences on a Superyacht Helideck
article redirect,https://oldseadogs.com/news/vmg-astilleros-unveils-worlds-largest-yacht-dedicated-shiplift-drydock/,/news/vmg-astilleros-unveils-worlds-largest-yacht-dedicated-shiplift-drydock/,https://www.oldseadogs.com/stories/news-vmg-astilleros-unveils-worlds-largest-yacht-dedicated-shiplift-drydock,/stories/news-vmg-astilleros-unveils-worlds-largest-yacht-dedicated-shiplift-drydock,301,News: Astonishing Achievement in Yacht Servicing: VMG Astilleros Installs World’s Largest Shiplift Drydock
article redirect,https://oldseadogs.com/racing/a-fresh-wind-for-the-52-super-series-new-teams-on-the-horizon/,/racing/a-fresh-wind-for-the-52-super-series-new-teams-on-the-horizon/,https://www.oldseadogs.com/stories/racing-a-fresh-wind-for-the-52-super-series-new-teams-on-the-horizon,/stories/racing-a-fresh-wind-for-the-52-super-series-new-teams-on-the-horizon,301,Racing: Three New Teams to Kick Start their Journey in the Upcoming 52 SUPER SERIES Season
article redirect,https://oldseadogs.com/boat-reviews/introducing-santasevera-42-sport-the-ultimate-weekender/,/boat-reviews/introducing-santasevera-42-sport-the-ultimate-weekender/,https://www.oldseadogs.com/stories/boat-reviews-introducing-santasevera-42-sport-the-ultimate-weekender,/stories/boat-reviews-introducing-santasevera-42-sport-the-ultimate-weekender,301,Boat Reviews: Unveiling the Santasevera 42 Sport: The Sophisticated Open Day Cruiser Perfect for Weekend Adventures
article redirect,https://oldseadogs.com/boat-reviews/88m-explorer-yacht-project-emerges-from-shadows/,/boat-reviews/88m-explorer-yacht-project-emerges-from-shadows/,https://www.oldseadogs.com/stories/boat-reviews-88m-explorer-yacht-project-emerges-from-shadows,/stories/boat-reviews-88m-explorer-yacht-project-emerges-from-shadows,301,Boat Reviews: 87.9m Explorer Yacht Conversion Project Unveiled from Cloak of Secrecy
article redirect,https://oldseadogs.com/masterclass/expert-tips-for-navigating-upstream-locks/,/masterclass/expert-tips-for-navigating-upstream-locks/,https://www.oldseadogs.com/stories/masterclass-expert-tips-for-navigating-upstream-locks,/stories/masterclass-expert-tips-for-navigating-upstream-locks,301,Masterclass: Master the Art of Ascending Upstream Locks in Your Boating Adventures
article redirect,https://oldseadogs.com/news/feadship-motor-yacht-gin-tonic-begins-major-overhaul-at-pendennis-shipyard/,/news/feadship-motor-yacht-gin-tonic-begins-major-overhaul-at-pendennis-shipyard/,https://www.oldseadogs.com/stories/news-feadship-motor-yacht-gin-tonic-begins-major-overhaul-at-pendennis-shipyard,/stories/news-feadship-motor-yacht-gin-tonic-begins-major-overhaul-at-pendennis-shipyard,301,News: Classic Superyacht Gin-Tonic Arrives at Pendennis Shipyard – Undergoes Transformation
article redirect,https://oldseadogs.com/news/motor-yacht-chef-triumphs-at-prestigious-cooking-competition/,/news/motor-yacht-chef-triumphs-at-prestigious-cooking-competition/,https://www.oldseadogs.com/stories/news-motor-yacht-chef-triumphs-at-prestigious-cooking-competition,/stories/news-motor-yacht-chef-triumphs-at-prestigious-cooking-competition,301,News: Chef Aaron Thomas Scoops Top Prize at Superyacht Chef Contest 2026 on-board Motor Yacht Canvas
article redirect,https://oldseadogs.com/boat-reviews/rmk-yachts-and-hot-lab-launch-three-faceted-explorer-yacht-concept-petra/,/boat-reviews/rmk-yachts-and-hot-lab-launch-three-faceted-explorer-yacht-concept-petra/,https://www.oldseadogs.com/stories/boat-reviews-rmk-yachts-and-hot-lab-launch-three-faceted-explorer-yacht-concept-petra,/stories/boat-reviews-rmk-yachts-and-hot-lab-launch-three-faceted-explorer-yacht-concept-petra,301,Boat Reviews: Turkish Yard RMK Marine and Design Studio Hot Lab Offer Triple Treat with New Explorer Yacht Concept
article redirect,https://oldseadogs.com/racing/spectacular-displays-at-the-subic-and-antigua-regattas-2026/,/racing/spectacular-displays-at-the-subic-and-antigua-regattas-2026/,https://www.oldseadogs.com/stories/racing-spectacular-displays-at-the-subic-and-antigua-regattas-2026,/stories/racing-spectacular-displays-at-the-subic-and-antigua-regattas-2026,301,Racing: Thrills and Spills: A Glimpse into the Excitement of BPI Subic and Antigua Racing Cup 2026
article redirect,https://oldseadogs.com/news/transcendent-tenacity-at-2026-subic-and-antigua-racing-regattas/,/news/transcendent-tenacity-at-2026-subic-and-antigua-racing-regattas/,https://www.oldseadogs.com/stories/news-transcendent-tenacity-at-2026-subic-and-antigua-racing-regattas,/stories/news-transcendent-tenacity-at-2026-subic-and-antigua-racing-regattas,301,"News: Exhilarating BPI Series and Antigua Race of 2026: A Tale of Power, Precision, and Pure Sailing Passion"
article redirect,https://oldseadogs.com/news/exciting-updates-surfacing-surrounding-2026-okdia-sailing-events/,/news/exciting-updates-surfacing-surrounding-2026-okdia-sailing-events/,https://www.oldseadogs.com/stories/news-exciting-updates-surfacing-surrounding-2026-okdia-sailing-events,/stories/news-exciting-updates-surfacing-surrounding-2026-okdia-sailing-events,301,News: Discover the Flamboyant Updates to 2026 OKDIA European and World Sailing Events
article redirect,https://oldseadogs.com/news/round-the-island-race-2026-the-clock-starts-now/,/news/round-the-island-race-2026-the-clock-starts-now/,https://www.oldseadogs.com/stories/news-round-the-island-race-2026-the-clock-starts-now,/stories/news-round-the-island-race-2026-the-clock-starts-now,301,News: Round the Island Race 2026 Entries Open as the Countdown to July begins
article redirect,https://oldseadogs.com/news/star-of-the-white-lotus-series-silveryachts-catamaran-spacecat-sold/,/news/star-of-the-white-lotus-series-silveryachts-catamaran-spacecat-sold/,https://www.oldseadogs.com/stories/news-star-of-the-white-lotus-series-silveryachts-catamaran-spacecat-sold,/stories/news-star-of-the-white-lotus-series-silveryachts-catamaran-spacecat-sold,301,"News: SpaceCat, the Boutique Yacht Featured in 'The White Lotus', Finds a New Owner"
article redirect,https://oldseadogs.com/boat-reviews/sunseeker-superhawk-34/,/boat-reviews/sunseeker-superhawk-34/,https://www.oldseadogs.com/stories/boat-reviews-sunseeker-superhawk-34,/stories/boat-reviews-sunseeker-superhawk-34,301,Boat Reviews: Sunseeker Superhawk 34 – the Spirit of James Bond
article redirect,https://oldseadogs.com/boat-reviews/the-remarkable-journey-of-earthrace-alien-like-boat-and-record-breaker/,/boat-reviews/the-remarkable-journey-of-earthrace-alien-like-boat-and-record-breaker/,https://www.oldseadogs.com/stories/boat-reviews-the-remarkable-journey-of-earthrace-alien-like-boat-and-record-breaker,/stories/boat-reviews-the-remarkable-journey-of-earthrace-alien-like-boat-and-record-breaker,301,Boat Reviews: Earthrace: The Iconic Trimaran That Broke Records and Stood as a Beacon for Eco-Friendly Superboats
article redirect,https://oldseadogs.com/news/the-launch-of-the-famed-feadship-superyacht-project-1014/,/news/the-launch-of-the-famed-feadship-superyacht-project-1014/,https://www.oldseadogs.com/stories/news-the-launch-of-the-famed-feadship-superyacht-project-1014,/stories/news-the-launch-of-the-famed-feadship-superyacht-project-1014,301,News: Stepping Out of Shadows: The Reveal of the 101m Masterpiece Feadship Superyacht Project 1014
article redirect,https://oldseadogs.com/racing/thrilling-national-open-and-gp-open-mark-ilca-uk-2026-sailing-season/,/racing/thrilling-national-open-and-gp-open-mark-ilca-uk-2026-sailing-season/,https://www.oldseadogs.com/stories/racing-thrilling-national-open-and-gp-open-mark-ilca-uk-2026-sailing-season,/stories/racing-thrilling-national-open-and-gp-open-mark-ilca-uk-2026-sailing-season,301,Racing: High-Octane Drama Unfolds at ILCA UK 2026 National Open and Wessex ILCA GP Open
article redirect,https://oldseadogs.com/news/explorer-yacht-ourway-changes-hands-in-in-house-deal/,/news/explorer-yacht-ourway-changes-hands-in-in-house-deal/,https://www.oldseadogs.com/stories/news-explorer-yacht-ourway-changes-hands-in-in-house-deal,/stories/news-explorer-yacht-ourway-changes-hands-in-in-house-deal,301,"News: Inside Look at the Sale of Ourway, the Prominent 37m Explorer Yacht by Tenix Defence"
article redirect,https://oldseadogs.com/news/legal-battle-over-alfa-nero-superyacht-funds-reaches-critical-juncture/,/news/legal-battle-over-alfa-nero-superyacht-funds-reaches-critical-juncture/,https://www.oldseadogs.com/stories/news-legal-battle-over-alfa-nero-superyacht-funds-reaches-critical-juncture,/stories/news-legal-battle-over-alfa-nero-superyacht-funds-reaches-critical-juncture,301,News: Unravelling the Mystery of Alfa Nero’s Sale: A High Seas Financial Fiasco
article redirect,https://oldseadogs.com/boat-reviews/sea-ray-sundancer-455-the-ultimate-45foot-cruiser-for-comfort-performance/,/boat-reviews/sea-ray-sundancer-455-the-ultimate-45foot-cruiser-for-comfort-performance/,https://www.oldseadogs.com/stories/boat-reviews-sea-ray-sundancer-455-the-ultimate-45foot-cruiser-for-comfort-performance,/stories/boat-reviews-sea-ray-sundancer-455-the-ultimate-45foot-cruiser-for-comfort-performance,301,Boat Reviews: The Ultimate 45‑Foot Cruiser for Comfort & Performance
article redirect,https://oldseadogs.com/boat-reviews/sy-design-presents-45m-explorer-yacht-concept-anvil/,/boat-reviews/sy-design-presents-45m-explorer-yacht-concept-anvil/,https://www.oldseadogs.com/stories/boat-reviews-sy-design-presents-45m-explorer-yacht-concept-anvil,/stories/boat-reviews-sy-design-presents-45m-explorer-yacht-concept-anvil,301,"Boat Reviews: Italian studio SY Design reveals innovative 45-metre yacht concept Anvil, a bold journey through contrasting design language."
article redirect,https://oldseadogs.com/racing/thrilling-victory-at-2026-vx-one-victorian-titles-regatta/,/racing/thrilling-victory-at-2026-vx-one-victorian-titles-regatta/,https://www.oldseadogs.com/stories/racing-thrilling-victory-at-2026-vx-one-victorian-titles-regatta,/stories/racing-thrilling-victory-at-2026-vx-one-victorian-titles-regatta,301,"Racing: Wind-Whisked Weekend: Dollop Claims Victory at VX One Victorian State Titles, Brighton"
article redirect,https://oldseadogs.com/news/bering-yachts-embarks-on-construction-of-b165-explorer-yacht/,/news/bering-yachts-embarks-on-construction-of-b165-explorer-yacht/,https://www.oldseadogs.com/stories/news-bering-yachts-embarks-on-construction-of-b165-explorer-yacht,/stories/news-bering-yachts-embarks-on-construction-of-b165-explorer-yacht,301,"News: Bering Yachts Breaks Ground on Its Flagship B165 Explorer Yacht, Ushering in an Era of Luxury and Exploration"
article redirect,https://oldseadogs.com/news/bot%C3%ADn-trittel-from-olympic-gold-to-americas-cup-and-back-again-the-road-to-la-2028/,/news/bot%C3%ADn-trittel-from-olympic-gold-to-americas-cup-and-back-again-the-road-to-la-2028/,https://www.oldseadogs.com/stories/news-botin-trittel-from-olympic-gold-to-americas-cup-and-back-again-the-road-to-la-2028,/stories/news-botin-trittel-from-olympic-gold-to-americas-cup-and-back-again-the-road-to-la-2028,301,News: Gold Medallists Turn to the Cup — But the 49er Still Calls
article redirect,https://oldseadogs.com/gear/breakthrough-solution-the-a-t-quantum-530-wind-instrument/,/gear/breakthrough-solution-the-a-t-quantum-530-wind-instrument/,https://www.oldseadogs.com/stories/gear-breakthrough-solution-the-a-t-quantum-530-wind-instrument,/stories/gear-breakthrough-solution-the-a-t-quantum-530-wind-instrument,301,Gear: Wind Prediction Revolutionised: A+T Quantum 530's Innovative Quantum Technology Now Live
article redirect,https://oldseadogs.com/boat-reviews/cobalt-boats/,/boat-reviews/cobalt-boats/,https://www.oldseadogs.com/stories/boat-reviews-cobalt-boats,/stories/boat-reviews-cobalt-boats,301,Boat Reviews: Cobalt Boats
article redirect,https://oldseadogs.com/boat-reviews/galeon-410-htc-review/,/boat-reviews/galeon-410-htc-review/,https://www.oldseadogs.com/stories/boat-reviews-galeon-410-htc-review,/stories/boat-reviews-galeon-410-htc-review,301,Boat Reviews: Galeon 410 HTC - Review
article redirect,https://oldseadogs.com/news/march-2026s-most-significant-yachting-developments/,/news/march-2026s-most-significant-yachting-developments/,https://www.oldseadogs.com/stories/news-march-2026s-most-significant-yachting-developments,/stories/news-march-2026s-most-significant-yachting-developments,301,News: Unveiling the Captivating World of Yachting: A Comprehensive Review of March 2026's Noteworthy Stories
article redirect,https://oldseadogs.com/boat-reviews/sunseeker-manhattan-52-flybridge/,/boat-reviews/sunseeker-manhattan-52-flybridge/,https://www.oldseadogs.com/stories/boat-reviews-sunseeker-manhattan-52-flybridge,/stories/boat-reviews-sunseeker-manhattan-52-flybridge,301,Boat Reviews: Sunseeker Manhattan 52 - Flybridge
article redirect,https://oldseadogs.com/news/a-narrow-escape-chronicle-of-a-near-miss-superyacht-incident/,/news/a-narrow-escape-chronicle-of-a-near-miss-superyacht-incident/,https://www.oldseadogs.com/stories/news-a-narrow-escape-chronicle-of-a-near-miss-superyacht-incident,/stories/news-a-narrow-escape-chronicle-of-a-near-miss-superyacht-incident,301,News: Dicing with Death: A Yacht Worker's Close Call with Asphyxiation and Lessons in Maritime Safety
article redirect,https://oldseadogs.com/news/argo-unleashed-mod70-smashes-antigua-360-record-in-2-hours-29-minutes/,/news/argo-unleashed-mod70-smashes-antigua-360-record-in-2-hours-29-minutes/,https://www.oldseadogs.com/stories/news-argo-unleashed-mod70-smashes-antigua-360-record-in-2-hours-29-minutes,/stories/news-argo-unleashed-mod70-smashes-antigua-360-record-in-2-hours-29-minutes,301,News: Jason Carroll’s Argo Resets the Antigua 360 Benchmark Ahead of the RORC Caribbean 600
article redirect,https://oldseadogs.com/racing/argo-unleashed-mod70-smashes-antigua-360-record-in-2-hours-29-minutes/,/racing/argo-unleashed-mod70-smashes-antigua-360-record-in-2-hours-29-minutes/,https://www.oldseadogs.com/stories/racing-argo-unleashed-mod70-smashes-antigua-360-record-in-2-hours-29-minutes,/stories/racing-argo-unleashed-mod70-smashes-antigua-360-record-in-2-hours-29-minutes,301,Racing: Jason Carroll’s Argo Resets the Antigua 360 Benchmark Ahead of the RORC Caribbean 600
article redirect,https://oldseadogs.com/lifestyle/epic-sailing-princess-v50-adventure-to-southern-brittany-and-the-joys-of-boat-sharing/,/lifestyle/epic-sailing-princess-v50-adventure-to-southern-brittany-and-the-joys-of-boat-sharing/,https://www.oldseadogs.com/stories/lifestyle-epic-sailing-princess-v50-adventure-to-southern-brittany-and-the-joys-of-boat-sharing,/stories/lifestyle-epic-sailing-princess-v50-adventure-to-southern-brittany-and-the-joys-of-boat-sharing,301,Lifestyle: A Nautical Journey on a Princess V50 to Southern Brittany: The Experiences of First-time Motor Yacht Owners
article redirect,https://oldseadogs.com/boat-reviews/gulf-craft-unveils-third-majesty-100-terrace-yacht/,/boat-reviews/gulf-craft-unveils-third-majesty-100-terrace-yacht/,https://www.oldseadogs.com/stories/boat-reviews-gulf-craft-unveils-third-majesty-100-terrace-yacht,/stories/boat-reviews-gulf-craft-unveils-third-majesty-100-terrace-yacht,301,Boat Reviews: Gulf Craft Breaks Ground With Launch of Third Majestic 32-Metre Mastery 100 Terrace Yacht
article redirect,https://oldseadogs.com/news/intriguing-arrival-of-the-j/36-to-australian-shores/,/news/intriguing-arrival-of-the-j/36-to-australian-shores/,https://www.oldseadogs.com/stories/news-36-to-australian-shores,/stories/news-36-to-australian-shores,301,News: Enthralling debut of the sophisticated J/36 yacht in Australia – a symbiosis of luxury comfort and legendary performance
article redirect,https://oldseadogs.com/boat-reviews/motor-yacht-a-my-a/,/boat-reviews/motor-yacht-a-my-a/,https://www.oldseadogs.com/stories/boat-reviews-motor-yacht-a-my-a,/stories/boat-reviews-motor-yacht-a-my-a,301,Boat Reviews: Motor Yacht A (MY A)
article redirect,https://oldseadogs.com/boat-reviews/pacifica-44-review/,/boat-reviews/pacifica-44-review/,https://www.oldseadogs.com/stories/boat-reviews-pacifica-44-review,/stories/boat-reviews-pacifica-44-review,301,Boat Reviews: Pacifica 44 – A True Cruiser’s Classic
article redirect,https://oldseadogs.com/boat-reviews/princess-f58-debut-at-cannes-yachting-festival-2025/,/boat-reviews/princess-f58-debut-at-cannes-yachting-festival-2025/,https://www.oldseadogs.com/stories/boat-reviews-princess-f58-debut-at-cannes-yachting-festival-2025,/stories/boat-reviews-princess-f58-debut-at-cannes-yachting-festival-2025,301,Boat Reviews: Princess F58 made a Show-Stopping Debut at Cannes Yachting Festival 2025
article redirect,https://oldseadogs.com/racing/derbyshire-blue-clinches-victory-in-thrilling-nssa-championship/,/racing/derbyshire-blue-clinches-victory-in-thrilling-nssa-championship/,https://www.oldseadogs.com/stories/racing-derbyshire-blue-clinches-victory-in-thrilling-nssa-championship,/stories/racing-derbyshire-blue-clinches-victory-in-thrilling-nssa-championship,301,Racing: A Display of Tenacity: Derbyshire Blue Conquers in High-Spirited NSSA Double Handed Team Racing Championships
article redirect,https://oldseadogs.com/boat-reviews/first-impressions-the-formidable-solaris-power-70-long-range/,/boat-reviews/first-impressions-the-formidable-solaris-power-70-long-range/,https://www.oldseadogs.com/stories/boat-reviews-first-impressions-the-formidable-solaris-power-70-long-range,/stories/boat-reviews-first-impressions-the-formidable-solaris-power-70-long-range,301,Boat Reviews: Italian Marvel on Water - A Revealing First Look at the Magnificent Solaris Power 70 Long Range
article redirect,https://oldseadogs.com/boat-reviews/invincible-boats/,/boat-reviews/invincible-boats/,https://www.oldseadogs.com/stories/boat-reviews-invincible-boats,/stories/boat-reviews-invincible-boats,301,Boat Reviews: Offshore fishing machines built for the bold
article redirect,https://oldseadogs.com/boat-reviews/propelling-britains-superyacht-supply-chain-into-the-future/,/boat-reviews/propelling-britains-superyacht-supply-chain-into-the-future/,https://www.oldseadogs.com/stories/boat-reviews-propelling-britains-superyacht-supply-chain-into-the-future,/stories/boat-reviews-propelling-britains-superyacht-supply-chain-into-the-future,301,Boat Reviews: Why Britain’s Superyacht Industry is Poised to Navigate Uncharted Waters
article redirect,https://oldseadogs.com/racing/sailing-thrills-unleashed-at-the-sofia-season-opener-and-470-class-competition/,/racing/sailing-thrills-unleashed-at-the-sofia-season-opener-and-470-class-competition/,https://www.oldseadogs.com/stories/racing-sailing-thrills-unleashed-at-the-sofia-season-opener-and-470-class-competition,/stories/racing-sailing-thrills-unleashed-at-the-sofia-season-opener-and-470-class-competition,301,Racing: The Sofia Season Kicks Off With Exceptional Sailing and Intense Competition in the 470 Class
article redirect,https://oldseadogs.com/news/the-sailing-extravaganza-at-the-sofia-season-opener/,/news/the-sailing-extravaganza-at-the-sofia-season-opener/,https://www.oldseadogs.com/stories/news-the-sailing-extravaganza-at-the-sofia-season-opener,/stories/news-the-sailing-extravaganza-at-the-sofia-season-opener,301,News: All Hands on Deck: The Glory and Adventure of The 55th Trofeo Princesa Sofia Mallorca and the 470 Class
article redirect,https://oldseadogs.com/news/transforming-britain-into-a-global-superyacht-hub/,/news/transforming-britain-into-a-global-superyacht-hub/,https://www.oldseadogs.com/stories/news-transforming-britain-into-a-global-superyacht-hub,/stories/news-transforming-britain-into-a-global-superyacht-hub,301,News: Reimagining Britain's Superyacht Infrastructure: Bridging the Gap Between Heritage and Future
article redirect,https://oldseadogs.com/boat-reviews/discover-the-modern-marvel-of-the-american-schooner-columbia/,/boat-reviews/discover-the-modern-marvel-of-the-american-schooner-columbia/,https://www.oldseadogs.com/stories/boat-reviews-discover-the-modern-marvel-of-the-american-schooner-columbia,/stories/boat-reviews-discover-the-modern-marvel-of-the-american-schooner-columbia,301,Boat Reviews: Step into Maritime History with the Exquisite Schooner 'Columbia': An Icon of American Ingenuity and Heritage
article redirect,https://oldseadogs.com/news/swedish-sf-group-pioneers-superyacht-hub-transformation-in-panama/,/news/swedish-sf-group-pioneers-superyacht-hub-transformation-in-panama/,https://www.oldseadogs.com/stories/news-swedish-sf-group-pioneers-superyacht-hub-transformation-in-panama,/stories/news-swedish-sf-group-pioneers-superyacht-hub-transformation-in-panama,301,News: SF Group Propels Panama into the Spotlight with Landmark Superyacht Marina Project
article redirect,https://oldseadogs.com/racing/the-bold-switch-to-luna-rossa-insights-from-peter-burling/,/racing/the-bold-switch-to-luna-rossa-insights-from-peter-burling/,https://www.oldseadogs.com/stories/racing-the-bold-switch-to-luna-rossa-insights-from-peter-burling,/stories/racing-the-bold-switch-to-luna-rossa-insights-from-peter-burling,301,Racing: Unraveling Peter Burling's Pivotal Decision to Switch Sides to Luna Rossa in America's Cup
article redirect,https://oldseadogs.com/boat-shows/the-global-debut-of-mitan-second-numarine-40mxp-yacht-model/,/boat-shows/the-global-debut-of-mitan-second-numarine-40mxp-yacht-model/,https://www.oldseadogs.com/stories/boat-shows-the-global-debut-of-mitan-second-numarine-40mxp-yacht-model,/stories/boat-shows-the-global-debut-of-mitan-second-numarine-40mxp-yacht-model,301,"Shows: Experience the All-New Luxury at Sea with the Debut of Mitan, Numarine's Second Model from the 40MXP Series"
article redirect,https://oldseadogs.com/boat-shows/tureddi-yachts-makes-wavelengths-with-sale-of-first-custom-td27/,/boat-shows/tureddi-yachts-makes-wavelengths-with-sale-of-first-custom-td27/,https://www.oldseadogs.com/stories/boat-shows-tureddi-yachts-makes-wavelengths-with-sale-of-first-custom-td27,/stories/boat-shows-tureddi-yachts-makes-wavelengths-with-sale-of-first-custom-td27,301,Shows: Tureddi Yachts Achieves Benchmark with First Sale of Fully Custom TD27 at Renowned Boat Show
article redirect,https://oldseadogs.com/news/49-metre-amels-yacht-vibrance-finds-a-new-owner/,/news/49-metre-amels-yacht-vibrance-finds-a-new-owner/,https://www.oldseadogs.com/stories/news-49-metre-amels-yacht-vibrance-finds-a-new-owner,/stories/news-49-metre-amels-yacht-vibrance-finds-a-new-owner,301,News: 49-metre Amel's Yacht Vibrance Delighted with a New Owner in a Deal Involving Top Brokers
article redirect,https://oldseadogs.com/news/echoes-of-the-market-from-the-helm-insights-from-shipyard-ceos/,/news/echoes-of-the-market-from-the-helm-insights-from-shipyard-ceos/,https://www.oldseadogs.com/stories/news-echoes-of-the-market-from-the-helm-insights-from-shipyard-ceos,/stories/news-echoes-of-the-market-from-the-helm-insights-from-shipyard-ceos,301,News: Uncharted Waters: A Dive into the Future of Yachting with Europe's Top Shipyards' Executives
article redirect,https://oldseadogs.com/racing/impressive-twists-and-turns-on-penultimate-race-day-at-2026-macao-match-cup/,/racing/impressive-twists-and-turns-on-penultimate-race-day-at-2026-macao-match-cup/,https://www.oldseadogs.com/stories/racing-impressive-twists-and-turns-on-penultimate-race-day-at-2026-macao-match-cup,/stories/racing-impressive-twists-and-turns-on-penultimate-race-day-at-2026-macao-match-cup,301,Racing: Drama Unfolds as Underdogs Sail to Prominence in Pre-Finals of 2026 Macao Match Cup
article redirect,https://oldseadogs.com/boat-reviews/navigating-the-waters-of-change-insights-from-shipyard-ceos/,/boat-reviews/navigating-the-waters-of-change-insights-from-shipyard-ceos/,https://www.oldseadogs.com/stories/boat-reviews-navigating-the-waters-of-change-insights-from-shipyard-ceos,/stories/boat-reviews-navigating-the-waters-of-change-insights-from-shipyard-ceos,301,Boat Reviews: Decoding Current Market Trends and Future Forecasts: An Insightful Dispatch from Shipyard Maestros
article redirect,https://oldseadogs.com/boat-reviews/ocean-alexander-completes-puro-series-with-introduction-of-new-yacht-models/,/boat-reviews/ocean-alexander-completes-puro-series-with-introduction-of-new-yacht-models/,https://www.oldseadogs.com/stories/boat-reviews-ocean-alexander-completes-puro-series-with-introduction-of-new-yacht-models,/stories/boat-reviews-ocean-alexander-completes-puro-series-with-introduction-of-new-yacht-models,301,Boat Reviews: Ocean Alexander Reveals Two New Fascinating Yacht Models to Finalise the Elegant Puro Series
article redirect,https://oldseadogs.com/racing/spectacular-sailing-excitement-for-race-around-australia-2028/,/racing/spectacular-sailing-excitement-for-race-around-australia-2028/,https://www.oldseadogs.com/stories/racing-spectacular-sailing-excitement-for-race-around-australia-2028,/stories/racing-spectacular-sailing-excitement-for-race-around-australia-2028,301,Racing: Race Around Australia 2028 Stirs Adrenalin; The Shorthanded Ocean Racing Association Calls for Interested Parties
article redirect,https://oldseadogs.com/racing/2026-sydney-sail-grand-prix/,/racing/2026-sydney-sail-grand-prix/,https://www.oldseadogs.com/stories/racing-2026-sydney-sail-grand-prix,/stories/racing-2026-sydney-sail-grand-prix,301,Racing: 2026 Sydney Sail Grand Prix
article redirect,https://oldseadogs.com/news/activist-group-renames-larry-ellisons-musashi/,/news/activist-group-renames-larry-ellisons-musashi/,https://www.oldseadogs.com/stories/news-activist-group-renames-larry-ellisons-musashi,/stories/news-activist-group-renames-larry-ellisons-musashi,301,News: Controversial Protest as Activist Group Targets Tech Mogul Larry Ellison's Superyacht 'Musashi'
article redirect,https://oldseadogs.com/boat-reviews/bluegame-flagship-yacht-bgx83-sets-new-boundaries-of-adventure-and-luxury-design/,/boat-reviews/bluegame-flagship-yacht-bgx83-sets-new-boundaries-of-adventure-and-luxury-design/,https://www.oldseadogs.com/stories/boat-reviews-bluegame-flagship-yacht-bgx83-sets-new-boundaries-of-adventure-and-luxury-design,/stories/boat-reviews-bluegame-flagship-yacht-bgx83-sets-new-boundaries-of-adventure-and-luxury-design,301,Boat Reviews: Path-Breaker on Waves: The Bluegame BGX83 Marrying Adventure and Luxury in an Unrivaled Yacht Experience
article redirect,https://oldseadogs.com/boat-reviews/flybridge-yachts/,/boat-reviews/flybridge-yachts/,https://www.oldseadogs.com/stories/boat-reviews-flybridge-yachts,/stories/boat-reviews-flybridge-yachts,301,Boat Reviews: Exploring the Elegance: Top 10 Flybridge Yachts That Redefine Luxury on Water
article redirect,https://oldseadogs.com/gear/introducing-the-mav-lite-2.0-henri-lloyds-new-lightweight-shell/,/gear/introducing-the-mav-lite-2.0-henri-lloyds-new-lightweight-shell/,https://www.oldseadogs.com/stories/gear-introducing-the-mav-lite-2-0-henri-lloyds-new-lightweight-shell,/stories/gear-introducing-the-mav-lite-2-0-henri-lloyds-new-lightweight-shell,301,Gear: All-New MAV Lite 2.0 - A Lightweight Powerhouse for Waterproof Comfort by Henri-Lloyd
article redirect,https://oldseadogs.com/news/the-pinnacle-of-maritime-intellectualism-innorvation-26-underway/,/news/the-pinnacle-of-maritime-intellectualism-innorvation-26-underway/,https://www.oldseadogs.com/stories/news-the-pinnacle-of-maritime-intellectualism-innorvation-26-underway,/stories/news-the-pinnacle-of-maritime-intellectualism-innorvation-26-underway,301,News: Innovation and Collaboration at Sea: Innorvation 26 Convenes the Crème De La Crème of The Superyacht Sector
article redirect,https://oldseadogs.com/boat-reviews/exploring-the-wider-42-a-masterpiece-of-superyacht-ingenuity/,/boat-reviews/exploring-the-wider-42-a-masterpiece-of-superyacht-ingenuity/,https://www.oldseadogs.com/stories/boat-reviews-exploring-the-wider-42-a-masterpiece-of-superyacht-ingenuity,/stories/boat-reviews-exploring-the-wider-42-a-masterpiece-of-superyacht-ingenuity,301,"Boat Reviews: Meet the Wider 42: A Sleek Combo of Power, Speed, Innovation, and Bespoke Italian Craftsmanship"
article redirect,https://oldseadogs.com/news/exquisite-silverado-superyacht-sold-by-willard-boat-works/,/news/exquisite-silverado-superyacht-sold-by-willard-boat-works/,https://www.oldseadogs.com/stories/news-exquisite-silverado-superyacht-sold-by-willard-boat-works,/stories/news-exquisite-silverado-superyacht-sold-by-willard-boat-works,301,"News: Silverado, the Icon of American Cruises, Sold - Discover the Legacy of the Prestigious Motor Yacht"
article redirect,https://oldseadogs.com/news/ferretti-takeover-lacklustre-response-prompts-increased-bid-by-kkcg/,/news/ferretti-takeover-lacklustre-response-prompts-increased-bid-by-kkcg/,https://www.oldseadogs.com/stories/news-ferretti-takeover-lacklustre-response-prompts-increased-bid-by-kkcg,/stories/news-ferretti-takeover-lacklustre-response-prompts-increased-bid-by-kkcg,301,"News: As Shareholder Response to Ferretti Takeover Proves Lacklustre, KKCG Maritime Sweetens the Deal with an Increased Bid"
article redirect,https://oldseadogs.com/boat-reviews/forever-the-one-off-45m-logica-yacht-for-sale/,/boat-reviews/forever-the-one-off-45m-logica-yacht-for-sale/,https://www.oldseadogs.com/stories/boat-reviews-forever-the-one-off-45m-logica-yacht-for-sale,/stories/boat-reviews-forever-the-one-off-45m-logica-yacht-for-sale,301,"Boat Reviews: Discover Forever: A Unique, Custom-built Yacht Embarking Upon the Market's Stage"
article redirect,https://oldseadogs.com/news/hall-of-fame-honours-sailing-legends-and-high-seas-innovators/,/news/hall-of-fame-honours-sailing-legends-and-high-seas-innovators/,https://www.oldseadogs.com/stories/news-hall-of-fame-honours-sailing-legends-and-high-seas-innovators,/stories/news-hall-of-fame-honours-sailing-legends-and-high-seas-innovators,301,News: Recognising Excellence at Sea: Sailing Luminaries Honoured at America's Cup Hall of Fame
article redirect,https://oldseadogs.com/news/portsmouth-yardstick-2026-numbers-released-what-every-club-racer-needs-to-know/,/news/portsmouth-yardstick-2026-numbers-released-what-every-club-racer-needs-to-know/,https://www.oldseadogs.com/stories/news-portsmouth-yardstick-2026-numbers-released-what-every-club-racer-needs-to-know,/stories/news-portsmouth-yardstick-2026-numbers-released-what-every-club-racer-needs-to-know,301,News: RYA Publishes 2026 Portsmouth Yardstick List as Data-Driven Era of Club Racing Continues
article redirect,https://oldseadogs.com/news/squircle-capital-takes-full-ownership-of-mb92/,/news/squircle-capital-takes-full-ownership-of-mb92/,https://www.oldseadogs.com/stories/news-squircle-capital-takes-full-ownership-of-mb92,/stories/news-squircle-capital-takes-full-ownership-of-mb92,301,"News: Leading Widget Investment Firm, Squircle Capital, Acquires Total Ownership of Renowned Shipyard, MB92 Group"
article redirect,https://oldseadogs.com/racing/unpredictable-weather-halts-2026-pittwater-to-coffs-harbour-yacht-race/,/racing/unpredictable-weather-halts-2026-pittwater-to-coffs-harbour-yacht-race/,https://www.oldseadogs.com/stories/racing-unpredictable-weather-halts-2026-pittwater-to-coffs-harbour-yacht-race,/stories/racing-unpredictable-weather-halts-2026-pittwater-to-coffs-harbour-yacht-race,301,"Racing: Forecasted Wild Weather Forces 2026 Yacht Race Postponement, Highlights Nature's Unpredictability"
article redirect,https://oldseadogs.com/news/unveiling-of-the-customised-horizon-es88-motor-yacht-ke%CF%86i./,/news/unveiling-of-the-customised-horizon-es88-motor-yacht-ke%CF%86i./,https://www.oldseadogs.com/stories/news-unveiling-of-the-customised-horizon-es88-motor-yacht-ke-i,/stories/news-unveiling-of-the-customised-horizon-es88-motor-yacht-ke-i,301,"News: Horizon Yachts Launches the Reimagined ES88 Superyacht, Now Christened KEΦI: A True Mix of Elegance and Adventure."
article redirect,https://oldseadogs.com/racing/firefly-racing-awes-at-the-ovington-inland-championship/,/racing/firefly-racing-awes-at-the-ovington-inland-championship/,https://www.oldseadogs.com/stories/racing-firefly-racing-awes-at-the-ovington-inland-championship,/stories/racing-firefly-racing-awes-at-the-ovington-inland-championship,301,Racing: Sailor's Phenomenal Performance at the Ovington Inland Championships Celebrates 80 Years of Firefly Racing
article redirect,https://oldseadogs.com/boat-shows/palm-beach-international-boat-show-2026-superyachts-luxury-and-a-billion-dollar-showcase-on-floridas-waterfront/,/boat-shows/palm-beach-international-boat-show-2026-superyachts-luxury-and-a-billion-dollar-showcase-on-floridas-waterfront/,https://www.oldseadogs.com/stories/boat-shows-palm-beach-international-boat-show-2026-superyachts-luxury-and-a-billion-dollar-showc,/stories/boat-shows-palm-beach-international-boat-show-2026-superyachts-luxury-and-a-billion-dollar-showc,301,"Shows: Superyachts, VIP Experiences and Billion-Dollar Deals Define Palm Beach Boat Show 2026"
article redirect,https://oldseadogs.com/lifestyle/tennis-pro-carlos-alcaraz-orders-plush-27m-sunreef-ultima-88-catamaran/,/lifestyle/tennis-pro-carlos-alcaraz-orders-plush-27m-sunreef-ultima-88-catamaran/,https://www.oldseadogs.com/stories/lifestyle-tennis-pro-carlos-alcaraz-orders-plush-27m-sunreef-ultima-88-catamaran,/stories/lifestyle-tennis-pro-carlos-alcaraz-orders-plush-27m-sunreef-ultima-88-catamaran,301,Lifestyle: World-Class Tennis Champion Carlos Alcaraz Delights in Joining the Luxurious World of Yachting with a 27m Sunreef Ultima 88 Catamaran
article redirect,https://oldseadogs.com/news/acclaimed-38.4m-gloria-jongert-sailing-yacht-secures-new-ownership/,/news/acclaimed-38.4m-gloria-jongert-sailing-yacht-secures-new-ownership/,https://www.oldseadogs.com/stories/news-acclaimed-38-4m-gloria-jongert-sailing-yacht-secures-new-ownership,/stories/news-acclaimed-38-4m-gloria-jongert-sailing-yacht-secures-new-ownership,301,News: The Prized Jongert Sailing Yacht Gloria Changes Hands: A Nod to the Golden Age of Sailing With Modern Acuity
article redirect,https://oldseadogs.com/news/ellen-macarthur-cancer-trust-honours-dedicated-mate-as-volunteer-of-the-year/,/news/ellen-macarthur-cancer-trust-honours-dedicated-mate-as-volunteer-of-the-year/,https://www.oldseadogs.com/stories/news-ellen-macarthur-cancer-trust-honours-dedicated-mate-as-volunteer-of-the-year,/stories/news-ellen-macarthur-cancer-trust-honours-dedicated-mate-as-volunteer-of-the-year,301,"News: Loving Heart at Sea: Michael Green, Dedicated Mate and Beacon of Hope, Awarded as Volunteer of the Year by Ellen MacArthur Cancer Trust"
article redirect,https://oldseadogs.com/lifestyle/from-captain-to-ceo-the-evolved-role-of-superyacht-leaders/,/lifestyle/from-captain-to-ceo-the-evolved-role-of-superyacht-leaders/,https://www.oldseadogs.com/stories/lifestyle-from-captain-to-ceo-the-evolved-role-of-superyacht-leaders,/stories/lifestyle-from-captain-to-ceo-the-evolved-role-of-superyacht-leaders,301,Lifestyle: From Navigating Oceans to Steering Enterprises: Unveiling the Shift in the Superyacht Captain’s Role
article redirect,https://oldseadogs.com/news/market-response-to-middle-east-crisis-negotiations/,/news/market-response-to-middle-east-crisis-negotiations/,https://www.oldseadogs.com/stories/news-market-response-to-middle-east-crisis-negotiations,/stories/news-market-response-to-middle-east-crisis-negotiations,301,News: Unexpected Announcements Spark Market Shake-Up in Wake of Middle East Conflict
article redirect,https://oldseadogs.com/boat-reviews/mojo-second-of-zeelander-flagship-yachts-delivered-to-owner/,/boat-reviews/mojo-second-of-zeelander-flagship-yachts-delivered-to-owner/,https://www.oldseadogs.com/stories/boat-reviews-mojo-second-of-zeelander-flagship-yachts-delivered-to-owner,/stories/boat-reviews-mojo-second-of-zeelander-flagship-yachts-delivered-to-owner,301,"Boat Reviews: Zeelander's Second Flagship Yacht, Mojo: A Whisper-Quiet Powerhouse of Personalised Luxury"
article redirect,https://oldseadogs.com/news/the-launch-of-two-new-overmarines-mangusta-superyachts/,/news/the-launch-of-two-new-overmarines-mangusta-superyachts/,https://www.oldseadogs.com/stories/news-the-launch-of-two-new-overmarines-mangusta-superyachts,/stories/news-the-launch-of-two-new-overmarines-mangusta-superyachts,301,News: Dive into the Realm of Luxury with the Release of Two New Overmarine Mangusta Superyachts
article redirect,https://oldseadogs.com/news/2026-orc-double-handed-world-championship-novel-incentives-to-ease-entry/,/news/2026-orc-double-handed-world-championship-novel-incentives-to-ease-entry/,https://www.oldseadogs.com/stories/news-2026-orc-double-handed-world-championship-novel-incentives-to-ease-entry,/stories/news-2026-orc-double-handed-world-championship-novel-incentives-to-ease-entry,301,News: Exciting News - The 2026 ORC Double-Handed World Championship Introduces Trailblazing Incentives to Boost Entry
article redirect,https://oldseadogs.com/boat-reviews/emerging-brand-aiata-unveils-50ft-sunfinder-a-powerhouse-pleasure-craft/,/boat-reviews/emerging-brand-aiata-unveils-50ft-sunfinder-a-powerhouse-pleasure-craft/,https://www.oldseadogs.com/stories/boat-reviews-emerging-brand-aiata-unveils-50ft-sunfinder-a-powerhouse-pleasure-craft,/stories/boat-reviews-emerging-brand-aiata-unveils-50ft-sunfinder-a-powerhouse-pleasure-craft,301,Boat Reviews: Discover the Extraordinary Aiata Sunfinder - the 50ft Powerhouse of the Seas That Defines Luxury Leisure Craft Innovation
article redirect,https://oldseadogs.com/news/new-custom-designed-72m-tankoa-t720-fenice-superyacht-sold/,/news/new-custom-designed-72m-tankoa-t720-fenice-superyacht-sold/,https://www.oldseadogs.com/stories/news-new-custom-designed-72m-tankoa-t720-fenice-superyacht-sold,/stories/news-new-custom-designed-72m-tankoa-t720-fenice-superyacht-sold,301,News: Spectacular Custom-Designed T720 Fenice Sets Sail for American Shores with Tankoa's Ever-Expanding US Presence
article redirect,https://oldseadogs.com/news/rikki-wins-irc-one-in-the-2026-rorc-caribbean-600-after-a-nine-minute-margin/,/news/rikki-wins-irc-one-in-the-2026-rorc-caribbean-600-after-a-nine-minute-margin/,https://www.oldseadogs.com/stories/news-rikki-wins-irc-one-in-the-2026-rorc-caribbean-600-after-a-nine-minute-margin,/stories/news-rikki-wins-irc-one-in-the-2026-rorc-caribbean-600-after-a-nine-minute-margin,301,News: RP42 Rikki Secures IRC One Victory in One of the Closest Battles of the Caribbean 600
article redirect,https://oldseadogs.com/lifestyle/sky-high-sailing-david-frenchs-foiling-experience/,/lifestyle/sky-high-sailing-david-frenchs-foiling-experience/,https://www.oldseadogs.com/stories/lifestyle-sky-high-sailing-david-frenchs-foiling-experience,/stories/lifestyle-sky-high-sailing-david-frenchs-foiling-experience,301,Lifestyle: Bulwarks and Bulldust Features Third-Generation Boat Builder David French's Passion for Foiling
article redirect,https://oldseadogs.com/news/a-nail-biting-showdown-at-the-gl52-pensacola-cup-2026/,/news/a-nail-biting-showdown-at-the-gl52-pensacola-cup-2026/,https://www.oldseadogs.com/stories/news-a-nail-biting-showdown-at-the-gl52-pensacola-cup-2026,/stories/news-a-nail-biting-showdown-at-the-gl52-pensacola-cup-2026,301,News: Pensacola Cup 2026 Surges Ahead with Champagne Conditions and Unrelenting Competition
article redirect,https://oldseadogs.com/racing/captivating-highlights-from-the-gl52-pensacola-cup-and-waszp-games/,/racing/captivating-highlights-from-the-gl52-pensacola-cup-and-waszp-games/,https://www.oldseadogs.com/stories/racing-captivating-highlights-from-the-gl52-pensacola-cup-and-waszp-games,/stories/racing-captivating-highlights-from-the-gl52-pensacola-cup-and-waszp-games,301,Racing: Thrills and Spills on Day Three: A Look at the GL52 Pensacola Cup and the WASZP Games 2026
article redirect,https://oldseadogs.com/news/upcoming-marine-auctions-spotlight-march-2026/,/news/upcoming-marine-auctions-spotlight-march-2026/,https://www.oldseadogs.com/stories/news-upcoming-marine-auctions-spotlight-march-2026,/stories/news-upcoming-marine-auctions-spotlight-march-2026,301,News: Prepare for an Exciting Sea Adventure: Bid for the Azure Freedom in the March 2026 Marine Vessel Auctions
article redirect,https://oldseadogs.com/boat-reviews/epic-superyacht-construction-and-design-secrets-unveiled/,/boat-reviews/epic-superyacht-construction-and-design-secrets-unveiled/,https://www.oldseadogs.com/stories/boat-reviews-epic-superyacht-construction-and-design-secrets-unveiled,/stories/boat-reviews-epic-superyacht-construction-and-design-secrets-unveiled,301,Boat Reviews: Simultaneous Grand Superyacht Projects Unfold: German Naval Yards and Abeking & Rasmussen Join Forces
article redirect,https://oldseadogs.com/news/fifth-amels-80-yacht-snapped-up-rapidly-after-vlissingen-delivery/,/news/fifth-amels-80-yacht-snapped-up-rapidly-after-vlissingen-delivery/,https://www.oldseadogs.com/stories/news-fifth-amels-80-yacht-snapped-up-rapidly-after-vlissingen-delivery,/stories/news-fifth-amels-80-yacht-snapped-up-rapidly-after-vlissingen-delivery,301,"News: Newly Arrived Amels 80 Yacht Finds a Buyer Quickly, Demonstrating Continued Demand for the Limited Editions Series"
article redirect,https://oldseadogs.com/news/mammoth-new-superyacht-undertaking-by-german-naval-yards/,/news/mammoth-new-superyacht-undertaking-by-german-naval-yards/,https://www.oldseadogs.com/stories/news-mammoth-new-superyacht-undertaking-by-german-naval-yards,/stories/news-mammoth-new-superyacht-undertaking-by-german-naval-yards,301,News: German Naval Yards Build Over 100m Superstructure for Abeking & Rasmussen Superyacht
article redirect,https://oldseadogs.com/racing/onward-voyage-gb1s-aspirations-in-the-americas-cup/,/racing/onward-voyage-gb1s-aspirations-in-the-americas-cup/,https://www.oldseadogs.com/stories/racing-onward-voyage-gb1s-aspirations-in-the-americas-cup,/stories/racing-onward-voyage-gb1s-aspirations-in-the-americas-cup,301,"Racing: Athena Racing Affirms Steadfast Support for GB1, The United Kingdom's America's Cup Hopeful"
article redirect,https://oldseadogs.com/boat-shows/revolutionary-95m-superyacht-concept-revealed-by-palladino-yacht-design/,/boat-shows/revolutionary-95m-superyacht-concept-revealed-by-palladino-yacht-design/,https://www.oldseadogs.com/stories/boat-shows-revolutionary-95m-superyacht-concept-revealed-by-palladino-yacht-design,/stories/boat-shows-revolutionary-95m-superyacht-concept-revealed-by-palladino-yacht-design,301,"Shows: Palladino Yacht Design Unveils Audacious 95m Superyacht, Merging Architecture and the Sea"
article redirect,https://oldseadogs.com/boat-shows/unveiling-marine-history-auckland-wooden-boat-festival/,/boat-shows/unveiling-marine-history-auckland-wooden-boat-festival/,https://www.oldseadogs.com/stories/boat-shows-unveiling-marine-history-auckland-wooden-boat-festival,/stories/boat-shows-unveiling-marine-history-auckland-wooden-boat-festival,301,Shows: Nostalgia Sets Sail: Auckland Wooden Boat Festival Revives Age-Old Maritime Heritage
article redirect,https://oldseadogs.com/news/aegean-rs21-fleet-expansion-yacht-club-of-greece-receives-six-new-keelboats/,/news/aegean-rs21-fleet-expansion-yacht-club-of-greece-receives-six-new-keelboats/,https://www.oldseadogs.com/stories/news-aegean-rs21-fleet-expansion-yacht-club-of-greece-receives-six-new-keelboats,/stories/news-aegean-rs21-fleet-expansion-yacht-club-of-greece-receives-six-new-keelboats,301,News: Revitalising Greek Sailing: Yacht Club of Greece Introduces Six University-Sourced RS21 Keelboats to Regenerate Club Fleet
article redirect,https://oldseadogs.com/news/booming-startups-in-2026-yachting-sector/,/news/booming-startups-in-2026-yachting-sector/,https://www.oldseadogs.com/stories/news-booming-startups-in-2026-yachting-sector,/stories/news-booming-startups-in-2026-yachting-sector,301,News: Unleashing a New Chapter: Charting the Rise of Yachting Startups in 2026
article redirect,https://oldseadogs.com/boat-shows/isa-yachts-and-lobanov-design-reveal-remarkable-70m-blade-design/,/boat-shows/isa-yachts-and-lobanov-design-reveal-remarkable-70m-blade-design/,https://www.oldseadogs.com/stories/boat-shows-isa-yachts-and-lobanov-design-reveal-remarkable-70m-blade-design,/stories/boat-shows-isa-yachts-and-lobanov-design-reveal-remarkable-70m-blade-design,301,Shows: Unveiling a New Era: ISA Yachts and Lobanov Design Launch Mesmerising 70m superyacht named Blade
article redirect,https://oldseadogs.com/racing/rorc-caribbean-600-day-two-duels-in-the-trades-as-the-fleet-tightens-around-the-northern-islands/,/racing/rorc-caribbean-600-day-two-duels-in-the-trades-as-the-fleet-tightens-around-the-northern-islands/,https://www.oldseadogs.com/stories/racing-rorc-caribbean-600-day-two-duels-in-the-trades-as-the-fleet-tightens-around-the-northern-,/stories/racing-rorc-caribbean-600-day-two-duels-in-the-trades-as-the-fleet-tightens-around-the-northern-,301,Racing: From Nevis to St. Barts the Caribbean 600 Turns Tactical as Class Battles Intensify
article redirect,https://oldseadogs.com/boat-reviews/the-beneteau-gran-turismo-50-redefining-the-sportscruiser-class/,/boat-reviews/the-beneteau-gran-turismo-50-redefining-the-sportscruiser-class/,https://www.oldseadogs.com/stories/boat-reviews-the-beneteau-gran-turismo-50-redefining-the-sportscruiser-class,/stories/boat-reviews-the-beneteau-gran-turismo-50-redefining-the-sportscruiser-class,301,Boat Reviews: Discover the Beneteau Gran Turismo 50: A Bold and Distinctive Rearrangement of Classic Sportscruiser Elements
article redirect,https://oldseadogs.com/news/turquoise-yachts-appoints-thom-conboy-as-americas-region-representative/,/news/turquoise-yachts-appoints-thom-conboy-as-americas-region-representative/,https://www.oldseadogs.com/stories/news-turquoise-yachts-appoints-thom-conboy-as-americas-region-representative,/stories/news-turquoise-yachts-appoints-thom-conboy-as-americas-region-representative,301,News: Turquoise Yachts Boosts its Western Presence with Appointment of Thom Conboy
article redirect,https://oldseadogs.com/news/cape-towns-va-waterfront-set-for-a-multi-million-euro-superyacht-marina/,/news/cape-towns-va-waterfront-set-for-a-multi-million-euro-superyacht-marina/,https://www.oldseadogs.com/stories/news-cape-towns-va-waterfront-set-for-a-multi-million-euro-superyacht-marina,/stories/news-cape-towns-va-waterfront-set-for-a-multi-million-euro-superyacht-marina,301,News: Cape Town’s V&A Waterfront to Welcome €11.5 Million Superyacht Haven Amid Transformative Sea-side Development
article redirect,https://oldseadogs.com/news/palanad-4-claims-irc-zero-victory-in-tactical-2026-rorc-caribbean-600/,/news/palanad-4-claims-irc-zero-victory-in-tactical-2026-rorc-caribbean-600/,https://www.oldseadogs.com/stories/news-palanad-4-claims-irc-zero-victory-in-tactical-2026-rorc-caribbean-600,/stories/news-palanad-4-claims-irc-zero-victory-in-tactical-2026-rorc-caribbean-600,301,News: Mach 50 Palanad 4 Wins IRC Zero After 600 Miles of Tactical Pressure Around the Caribbean Islands
article redirect,https://oldseadogs.com/news/price-slash-and-resale-of-two-luxury-sanlorenzo-yachts/,/news/price-slash-and-resale-of-two-luxury-sanlorenzo-yachts/,https://www.oldseadogs.com/stories/news-price-slash-and-resale-of-two-luxury-sanlorenzo-yachts,/stories/news-price-slash-and-resale-of-two-luxury-sanlorenzo-yachts,301,News: Luxury Sanlorenzo Superyachts Mouchka and Piccolino Experience Financial Waves with Price Reduction and Resale
article redirect,https://oldseadogs.com/boat-reviews/relishing-90s-motor-boats-four-british-classics-that-stood-the-test-of-time/,/boat-reviews/relishing-90s-motor-boats-four-british-classics-that-stood-the-test-of-time/,https://www.oldseadogs.com/stories/boat-reviews-relishing-90s-motor-boats-four-british-classics-that-stood-the-test-of-time,/stories/boat-reviews-relishing-90s-motor-boats-four-british-classics-that-stood-the-test-of-time,301,Boat Reviews: A Nostalgic Voyage: Unearthing Four Defining 90s British Motor Boats Still Glittering on the Market
article redirect,https://oldseadogs.com/news/sail-newport-drops-bid-for-2027-ocean-race/,/news/sail-newport-drops-bid-for-2027-ocean-race/,https://www.oldseadogs.com/stories/news-sail-newport-drops-bid-for-2027-ocean-race,/stories/news-sail-newport-drops-bid-for-2027-ocean-race,301,News: Historic Shake-up for the Ocean Race: Sail Newport Declines 2027 Event to Focus on Core Missions
article redirect,https://oldseadogs.com/racing/sizzling-action-at-waszp-all-stars-championship-and-waszp-games-2026/,/racing/sizzling-action-at-waszp-all-stars-championship-and-waszp-games-2026/,https://www.oldseadogs.com/stories/racing-sizzling-action-at-waszp-all-stars-championship-and-waszp-games-2026,/stories/racing-sizzling-action-at-waszp-all-stars-championship-and-waszp-games-2026,301,Racing: Louis Tilly and Pearl Lattanzi Emerge Victorious at WASZP All-Stars Invitational; WASZP Games Kick-Off In High Gear
article redirect,https://oldseadogs.com/news/tennis-star-rafa-nadal-backs-superyacht-infrastructure-development/,/news/tennis-star-rafa-nadal-backs-superyacht-infrastructure-development/,https://www.oldseadogs.com/stories/news-tennis-star-rafa-nadal-backs-superyacht-infrastructure-development,/stories/news-tennis-star-rafa-nadal-backs-superyacht-infrastructure-development,301,"News: Rafa Nadal Ventures into Yachting Industry, Buys Stake in Superyacht Infrastructure Firm"
article redirect,https://oldseadogs.com/racing/anticipation-grows-as-kiwi-entry-joins-pittwater-to-coffs-harbour-yacht-race/,/racing/anticipation-grows-as-kiwi-entry-joins-pittwater-to-coffs-harbour-yacht-race/,https://www.oldseadogs.com/stories/racing-anticipation-grows-as-kiwi-entry-joins-pittwater-to-coffs-harbour-yacht-race,/stories/racing-anticipation-grows-as-kiwi-entry-joins-pittwater-to-coffs-harbour-yacht-race,301,Racing: Kiwi Sailor Among First-Timers in the Prestigious Pittwater to Coffs Harbour Yacht Race
article redirect,https://oldseadogs.com/news/navigating-legal-waters-lessons-from-a-cross-border-boat-sale-case/,/news/navigating-legal-waters-lessons-from-a-cross-border-boat-sale-case/,https://www.oldseadogs.com/stories/news-navigating-legal-waters-lessons-from-a-cross-border-boat-sale-case,/stories/news-navigating-legal-waters-lessons-from-a-cross-border-boat-sale-case,301,News: Complex Courts and Boating Contracts: A Tale of Navigating Legal Uncertainties in Cross-border Boat Sales
article redirect,https://oldseadogs.com/lifestyle/the-gentle-power-of-maldons-thames-barges/,/lifestyle/the-gentle-power-of-maldons-thames-barges/,https://www.oldseadogs.com/stories/lifestyle-the-gentle-power-of-maldons-thames-barges,/stories/lifestyle-the-gentle-power-of-maldons-thames-barges,301,Lifestyle: The Gentle Power of Maldon’s Thames Barges
article redirect,https://oldseadogs.com/news/yacht-club-costa-smeralda-announces-riveting-2026-season/,/news/yacht-club-costa-smeralda-announces-riveting-2026-season/,https://www.oldseadogs.com/stories/news-yacht-club-costa-smeralda-announces-riveting-2026-season,/stories/news-yacht-club-costa-smeralda-announces-riveting-2026-season,301,News: Dive into the Rush of the Waves: YC Costa Smeralda's Thrilling 2026 Season of High-Stakes Regattas and Historic Returns Awaits!
article redirect,https://oldseadogs.com/news/exceptional-refitted-feadship-yacht-solace-for-sale/,/news/exceptional-refitted-feadship-yacht-solace-for-sale/,https://www.oldseadogs.com/stories/news-exceptional-refitted-feadship-yacht-solace-for-sale,/stories/news-exceptional-refitted-feadship-yacht-solace-for-sale,301,News: Discover the Refurbished and Luxurious 57m Feadship Yacht Solace Listed for Glorious Sailing
article redirect,https://oldseadogs.com/destinations/exploring-grenada-and-carriacou-via-superyacht-a-six-day-charter-adventure/,/destinations/exploring-grenada-and-carriacou-via-superyacht-a-six-day-charter-adventure/,https://www.oldseadogs.com/stories/destinations-exploring-grenada-and-carriacou-via-superyacht-a-six-day-charter-adventure,/stories/destinations-exploring-grenada-and-carriacou-via-superyacht-a-six-day-charter-adventure,301,Destinations: Uncover the Authentic Culture and Laid-Back Luxury of Grenada and Carriacou with this Six-Day Superyacht Charter Itinerary
article redirect,https://oldseadogs.com/news/harken-uk-and-british-sailing-team-renew-partnership/,/news/harken-uk-and-british-sailing-team-renew-partnership/,https://www.oldseadogs.com/stories/news-harken-uk-and-british-sailing-team-renew-partnership,/stories/news-harken-uk-and-british-sailing-team-renew-partnership,301,News: Harken UK Pledges Continual Support to British Sailing Team Ahead of Los Angeles 2028 Olympics
article redirect,https://oldseadogs.com/boat-reviews/superyacht-sur-la-mer-the-benetti-beauty-up-for-grabs/,/boat-reviews/superyacht-sur-la-mer-the-benetti-beauty-up-for-grabs/,https://www.oldseadogs.com/stories/boat-reviews-superyacht-sur-la-mer-the-benetti-beauty-up-for-grabs,/stories/boat-reviews-superyacht-sur-la-mer-the-benetti-beauty-up-for-grabs,301,"Boat Reviews: An Adventure Awaited: The Unstoppable Splendour of the Benetti Vision Superyacht, SUR LA MER"
article redirect,https://oldseadogs.com/boat-reviews/the-thrill-of-unseen-purchase-an-adventure-with-the-windy-sr40/,/boat-reviews/the-thrill-of-unseen-purchase-an-adventure-with-the-windy-sr40/,https://www.oldseadogs.com/stories/boat-reviews-the-thrill-of-unseen-purchase-an-adventure-with-the-windy-sr40,/stories/boat-reviews-the-thrill-of-unseen-purchase-an-adventure-with-the-windy-sr40,301,Boat Reviews: Embrace the Unforeseen: An Epic Journey with the Unseen Purchase of a Windic SR40 Yacht
article redirect,https://oldseadogs.com/news/unveiling-euroilcas-first-women-sailing-coaches-clinic/,/news/unveiling-euroilcas-first-women-sailing-coaches-clinic/,https://www.oldseadogs.com/stories/news-unveiling-euroilcas-first-women-sailing-coaches-clinic,/stories/news-unveiling-euroilcas-first-women-sailing-coaches-clinic,301,News: EuroILCA Breaks New Ground With the Inauguration of Single-Gender Sailing Coaches Clinic
article redirect,https://oldseadogs.com/news/argo-claims-multihull-line-honours-after-600-miles-of-mod70-warfare/,/news/argo-claims-multihull-line-honours-after-600-miles-of-mod70-warfare/,https://www.oldseadogs.com/stories/news-argo-claims-multihull-line-honours-after-600-miles-of-mod70-warfare,/stories/news-argo-claims-multihull-line-honours-after-600-miles-of-mod70-warfare,301,News: Three Minutes After 600 Miles: Argo Edges Zoulou in Epic RORC Caribbean 600 Duel
article redirect,https://oldseadogs.com/boat-reviews/bering-yachts-sophisticated-second-hull-embarks/,/boat-reviews/bering-yachts-sophisticated-second-hull-embarks/,https://www.oldseadogs.com/stories/boat-reviews-bering-yachts-sophisticated-second-hull-embarks,/stories/boat-reviews-bering-yachts-sophisticated-second-hull-embarks,301,"Boat Reviews: Bering Yachts Unleashes its Rebranded, Refined B88 Explorer Yacht: The Ultimate Sea Journey Beckons"
article redirect,https://oldseadogs.com/racing/exhilarating-winter-sailing-series-at-lincoln-radio-sailing-club-burton-sc-kickstarts-zenith-open/,/racing/exhilarating-winter-sailing-series-at-lincoln-radio-sailing-club-burton-sc-kickstarts-zenith-open/,https://www.oldseadogs.com/stories/racing-exhilarating-winter-sailing-series-at-lincoln-radio-sailing-club-burton-sc-kickstarts-zen,/stories/racing-exhilarating-winter-sailing-series-at-lincoln-radio-sailing-club-burton-sc-kickstarts-zen,301,Racing: Thrills and Spills at Lincoln Radio Sailing Club and Idyllic Racing Conditions Makeway for Signature Zenith Open at Burton SC
article redirect,https://oldseadogs.com/boat-reviews/heesen-charts-new-waters-with-its-50m-superyacht-project-sophia/,/boat-reviews/heesen-charts-new-waters-with-its-50m-superyacht-project-sophia/,https://www.oldseadogs.com/stories/boat-reviews-heesen-charts-new-waters-with-its-50m-superyacht-project-sophia,/stories/boat-reviews-heesen-charts-new-waters-with-its-50m-superyacht-project-sophia,301,Boat Reviews: Luxury Redefined: Heesen's 50m Superyacht Project Sophia Sets Sail
article redirect,https://oldseadogs.com/racing/gran-canaria-hosts-the-2026-wwt-5-star-major-windsurf-world-cup/,/racing/gran-canaria-hosts-the-2026-wwt-5-star-major-windsurf-world-cup/,https://www.oldseadogs.com/stories/racing-gran-canaria-hosts-the-2026-wwt-5-star-major-windsurf-world-cup,/stories/racing-gran-canaria-hosts-the-2026-wwt-5-star-major-windsurf-world-cup,301,"Racing: 2026 WWT 5-Star Major Windsurf World Cup heads for Gran Canaria, marking an evolution in windsurfing competition"
article redirect,https://oldseadogs.com/news/green-direction-royal-southampton-yacht-clubs-new-commodores-plan/,/news/green-direction-royal-southampton-yacht-clubs-new-commodores-plan/,https://www.oldseadogs.com/stories/news-green-direction-royal-southampton-yacht-clubs-new-commodores-plan,/stories/news-green-direction-royal-southampton-yacht-clubs-new-commodores-plan,301,News: New Commodore at the Helm of Royal Southampton Yacht Club with an Eco-Friendly Vision
article redirect,https://oldseadogs.com/news/gold-coast-city-marina-shipyard-to-be-acquired-by-ma-financial-group/,/news/gold-coast-city-marina-shipyard-to-be-acquired-by-ma-financial-group/,https://www.oldseadogs.com/stories/news-gold-coast-city-marina-shipyard-to-be-acquired-by-ma-financial-group,/stories/news-gold-coast-city-marina-shipyard-to-be-acquired-by-ma-financial-group,301,News: MA Financial Group Strengthens Its Boating Service Offering with the Acquisition of Gold Coast City Marina & Shipyard
article redirect,https://oldseadogs.com/boat-shows/luxurious-55m-heesen-superyacht-laurentia-hits-the-market/,/boat-shows/luxurious-55m-heesen-superyacht-laurentia-hits-the-market/,https://www.oldseadogs.com/stories/boat-shows-luxurious-55m-heesen-superyacht-laurentia-hits-the-market,/stories/boat-shows-luxurious-55m-heesen-superyacht-laurentia-hits-the-market,301,"Shows: Experience Unrivalled Comfort at Sea with the Majestic Heesen Superyacht Laurentia, Now for Sale"
article redirect,https://oldseadogs.com/news/northampton-sailing-club-triumphs-as-rya-active-club-of-the-year-2026/,/news/northampton-sailing-club-triumphs-as-rya-active-club-of-the-year-2026/,https://www.oldseadogs.com/stories/news-northampton-sailing-club-triumphs-as-rya-active-club-of-the-year-2026,/stories/news-northampton-sailing-club-triumphs-as-rya-active-club-of-the-year-2026,301,News: Crowning Achievement: Northampton Sailing Club Soars to Victory as RYA’s 2026 Active Club of the Year
article redirect,https://oldseadogs.com/destinations/the-old-sea-dogs-global-club-directory/,/destinations/the-old-sea-dogs-global-club-directory/,https://www.oldseadogs.com/stories/destinations-the-old-sea-dogs-global-club-directory,/stories/destinations-the-old-sea-dogs-global-club-directory,301,Destinations: Where Sailors go when they need to relax
article redirect,https://oldseadogs.com/racing/a-glimpse-of-emirates-team-nzs-repurposed-ac75-unveiled/,/racing/a-glimpse-of-emirates-team-nzs-repurposed-ac75-unveiled/,https://www.oldseadogs.com/stories/racing-a-glimpse-of-emirates-team-nzs-repurposed-ac75-unveiled,/stories/racing-a-glimpse-of-emirates-team-nzs-repurposed-ac75-unveiled,301,"Racing: Emirates Team NZ Offers First Look at Reimagined AC75, Unveiling their Sailing Strategy"
article redirect,https://oldseadogs.com/news/gearing-up-for-billion-euro-growth-sunreef-yachts-ventures-and-challenges/,/news/gearing-up-for-billion-euro-growth-sunreef-yachts-ventures-and-challenges/,https://www.oldseadogs.com/stories/news-gearing-up-for-billion-euro-growth-sunreef-yachts-ventures-and-challenges,/stories/news-gearing-up-for-billion-euro-growth-sunreef-yachts-ventures-and-challenges,301,News: Sunreef Yachts' Ambitious Billion-Euro Target Amidst Middle East Disruptions: An Exclusive Insight
article redirect,https://oldseadogs.com/news/innovative-32m-trimaran-gitana-18-soars-past-design-milestone/,/news/innovative-32m-trimaran-gitana-18-soars-past-design-milestone/,https://www.oldseadogs.com/stories/news-innovative-32m-trimaran-gitana-18-soars-past-design-milestone,/stories/news-innovative-32m-trimaran-gitana-18-soars-past-design-milestone,301,News: New Era In Oceanic Racing Trimarans Erupts As Gitana 18 Takes Its First Successful Sail
article redirect,https://oldseadogs.com/boat-reviews/opulence-redefined-with-c.-g.-boatworks-motor-yacht-compass-rose-for-sale/,/boat-reviews/opulence-redefined-with-c.-g.-boatworks-motor-yacht-compass-rose-for-sale/,https://www.oldseadogs.com/stories/boat-reviews-opulence-redefined-with-c-g-boatworks-motor-yacht-compass-rose-for-sale,/stories/boat-reviews-opulence-redefined-with-c-g-boatworks-motor-yacht-compass-rose-for-sale,301,Boat Reviews: Experience the Doorway to Luxury: The Impressive 49m Compass Rose Motor Yacht Listed for Sale
article redirect,https://oldseadogs.com/boat-reviews/revolutionising-yachting-the-wallytender48-explained/,/boat-reviews/revolutionising-yachting-the-wallytender48-explained/,https://www.oldseadogs.com/stories/boat-reviews-revolutionising-yachting-the-wallytender48-explained,/stories/boat-reviews-revolutionising-yachting-the-wallytender48-explained,301,Boat Reviews: Italian Shipyard Wally Redefines the Boating Experience with its Compact yet Futuristic Wallytender48
article redirect,https://oldseadogs.com/racing/sea-warriors-tom-dolans-exceptional-launch-and-international-influence-on-offshore-racing/,/racing/sea-warriors-tom-dolans-exceptional-launch-and-international-influence-on-offshore-racing/,https://www.oldseadogs.com/stories/racing-sea-warriors-tom-dolans-exceptional-launch-and-international-influence-on-offshore-racing,/stories/racing-sea-warriors-tom-dolans-exceptional-launch-and-international-influence-on-offshore-racing,301,Racing: A Season of Surprises: Tom Dolan's Stirring Start and the Emergence of International Talents in Offshore Racing
article redirect,https://oldseadogs.com/news/boero-yacht-coatings-teams-up-with-ferrari-hypersail-in-performance-sailing-endeavour/,/news/boero-yacht-coatings-teams-up-with-ferrari-hypersail-in-performance-sailing-endeavour/,https://www.oldseadogs.com/stories/news-boero-yacht-coatings-teams-up-with-ferrari-hypersail-in-performance-sailing-endeavour,/stories/news-boero-yacht-coatings-teams-up-with-ferrari-hypersail-in-performance-sailing-endeavour,301,News: Boero Yacht Coatings Joins Forces with Ferrari Hypersail to Revamp High-Performance Sailing Through Research and Innovation
article redirect,https://oldseadogs.com/boat-shows/dubai-international-boat-show-postponed-until-november-2026/,/boat-shows/dubai-international-boat-show-postponed-until-november-2026/,https://www.oldseadogs.com/stories/boat-shows-dubai-international-boat-show-postponed-until-november-2026,/stories/boat-shows-dubai-international-boat-show-postponed-until-november-2026,301,Shows: Dubai's Premier Boating Event Pushed to November 2026 for Alignment with Prime Boating Season
article redirect,https://oldseadogs.com/racing/edge-sailing-team-gears-up-for-the-pallas-capital-gold-cup/,/racing/edge-sailing-team-gears-up-for-the-pallas-capital-gold-cup/,https://www.oldseadogs.com/stories/racing-edge-sailing-team-gears-up-for-the-pallas-capital-gold-cup,/stories/racing-edge-sailing-team-gears-up-for-the-pallas-capital-gold-cup,301,Racing: Edge Sailing Team Set to Ride the Waves at the Pallas Capital Gold Cup: A New Journey Begins
article redirect,https://oldseadogs.com/news/sunseeker-hits-major-milestone-with-40-metre-superyacht/,/news/sunseeker-hits-major-milestone-with-40-metre-superyacht/,https://www.oldseadogs.com/stories/news-sunseeker-hits-major-milestone-with-40-metre-superyacht,/stories/news-sunseeker-hits-major-milestone-with-40-metre-superyacht,301,News: Unveiling A New Era: Sunseeker’s Milestone of First 40-metre Post Takeover
article redirect,https://oldseadogs.com/racing/the-krakens-call-battle-of-titans-at-the-2026-gl52-southern-series/,/racing/the-krakens-call-battle-of-titans-at-the-2026-gl52-southern-series/,https://www.oldseadogs.com/stories/racing-the-krakens-call-battle-of-titans-at-the-2026-gl52-southern-series,/stories/racing-the-krakens-call-battle-of-titans-at-the-2026-gl52-southern-series,301,Racing: Titans of the Sea: Top GL52 Teams Ready for Clash at the 2026 Southern Series
article redirect,https://oldseadogs.com/boat-reviews/timeless-superyacht-line-unveiled-by-isa-yachts-and-luca-dini/,/boat-reviews/timeless-superyacht-line-unveiled-by-isa-yachts-and-luca-dini/,https://www.oldseadogs.com/stories/boat-reviews-timeless-superyacht-line-unveiled-by-isa-yachts-and-luca-dini,/stories/boat-reviews-timeless-superyacht-line-unveiled-by-isa-yachts-and-luca-dini,301,Boat Reviews: Intriguing Collaboration between ISA Yachts and Luca Dini Leads to New 'Timeless' Superyacht Line
article redirect,https://oldseadogs.com/news/addressing-safety-concerns-and-mental-wellbeing-in-the-yachting-industry-by-2026/,/news/addressing-safety-concerns-and-mental-wellbeing-in-the-yachting-industry-by-2026/,https://www.oldseadogs.com/stories/news-addressing-safety-concerns-and-mental-wellbeing-in-the-yachting-industry-by-2026,/stories/news-addressing-safety-concerns-and-mental-wellbeing-in-the-yachting-industry-by-2026,301,News: Renewed Efforts Needed: Yacht Safety and Crew Wellbeing Falling Short in Industry Survey
article redirect,https://oldseadogs.com/news/construction-milestone-sunseeker-134-yacht-model-underway/,/news/construction-milestone-sunseeker-134-yacht-model-underway/,https://www.oldseadogs.com/stories/news-construction-milestone-sunseeker-134-yacht-model-underway,/stories/news-construction-milestone-sunseeker-134-yacht-model-underway,301,News: Sunseeker's Remarkable 41m Superyacht Achieves Significant Construction Milestone
article redirect,https://oldseadogs.com/gear/henri-lloyd-partners-with-prometheus-sailing-creating-waves-together/,/gear/henri-lloyd-partners-with-prometheus-sailing-creating-waves-together/,https://www.oldseadogs.com/stories/gear-henri-lloyd-partners-with-prometheus-sailing-creating-waves-together,/stories/gear-henri-lloyd-partners-with-prometheus-sailing-creating-waves-together,301,Gear: Prometheus Sailing Champions Henri-Lloyd as Official Clothing Partner: A Voyage Towards Equity and Excellence on the High Seas
article redirect,https://oldseadogs.com/news/introducing-superyacht-eco-associations-new-air-quality-certification/,/news/introducing-superyacht-eco-associations-new-air-quality-certification/,https://www.oldseadogs.com/stories/news-introducing-superyacht-eco-associations-new-air-quality-certification,/stories/news-introducing-superyacht-eco-associations-new-air-quality-certification,301,News: Superyacht Eco Association Rolls Out Innovative Air Quality Certification for Luxury Vessels
article redirect,https://oldseadogs.com/news/leopard-3-seals-come-from-behind-victory-at-the-2026-rorc-nelsons-cup/,/news/leopard-3-seals-come-from-behind-victory-at-the-2026-rorc-nelsons-cup/,https://www.oldseadogs.com/stories/news-leopard-3-seals-come-from-behind-victory-at-the-2026-rorc-nelsons-cup,/stories/news-leopard-3-seals-come-from-behind-victory-at-the-2026-rorc-nelsons-cup,301,News: Trade Winds and Tactical Nerve Hand Leopard 3 the IMA Maxi Crown in Antigua
article redirect,https://oldseadogs.com/gear/vaikobi-unveils-upgraded-hiker-force-suit/,/gear/vaikobi-unveils-upgraded-hiker-force-suit/,https://www.oldseadogs.com/stories/gear-vaikobi-unveils-upgraded-hiker-force-suit,/stories/gear-vaikobi-unveils-upgraded-hiker-force-suit,301,"Gear: Vaikobi Reveals the Highly Anticipated Hiker Force Suit Gen 2: An Upgrade on Durability, Comfort, and Performance"
article redirect,https://oldseadogs.com/boat-reviews/meet-the-splendid-eh/,/boat-reviews/meet-the-splendid-eh/,https://www.oldseadogs.com/stories/boat-reviews-meet-the-splendid-eh,/stories/boat-reviews-meet-the-splendid-eh,301,"Boat Reviews: Experience Seafaring Elegance Aboard the Sophisticated Benetti Motopanfilo 37M, EH²"
article redirect,https://oldseadogs.com/news/revolutionizing-superyacht-designs-with-glass/,/news/revolutionizing-superyacht-designs-with-glass/,https://www.oldseadogs.com/stories/news-revolutionizing-superyacht-designs-with-glass,/stories/news-revolutionizing-superyacht-designs-with-glass,301,News: Innovative Utilization of Glass Transforms Superyacht Design and Engineering - The New Horizon of Maritime Luxury
article redirect,https://oldseadogs.com/news/the-importance-of-rig-checks-before-sailing/,/news/the-importance-of-rig-checks-before-sailing/,https://www.oldseadogs.com/stories/news-the-importance-of-rig-checks-before-sailing,/stories/news-the-importance-of-rig-checks-before-sailing,301,News: The Often-Overlooked but Crucial Step in Sailing Preparations: Rig Checks
article redirect,https://oldseadogs.com/boat-reviews/evolving-waters-the-transformations-of-sunseeker-manhattan-56-and-saxdor-460-gtc/,/boat-reviews/evolving-waters-the-transformations-of-sunseeker-manhattan-56-and-saxdor-460-gtc/,https://www.oldseadogs.com/stories/boat-reviews-evolving-waters-the-transformations-of-sunseeker-manhattan-56-and-saxdor-460-gtc,/stories/boat-reviews-evolving-waters-the-transformations-of-sunseeker-manhattan-56-and-saxdor-460-gtc,301,Boat Reviews: Gentle Yet Impactful Modifications in Sunseeker Manhattan 56 and Emergence of Leisure-centric Saxdor 460 GTC: A Comprehensive Review
article redirect,https://oldseadogs.com/news/impressive-price-reduction-on-opulent-debra-one-yacht/,/news/impressive-price-reduction-on-opulent-debra-one-yacht/,https://www.oldseadogs.com/stories/news-impressive-price-reduction-on-opulent-debra-one-yacht,/stories/news-impressive-price-reduction-on-opulent-debra-one-yacht,301,"News: Debra One Luxury Yacht Sees Spectacular €700,000 Price Reduction, a Must-See for Any Aspiring Sea Captain"
article redirect,https://oldseadogs.com/boat-reviews/the-launch-of-the-ninth-model-in-the-mulder-thirtysix-yacht-series/,/boat-reviews/the-launch-of-the-ninth-model-in-the-mulder-thirtysix-yacht-series/,https://www.oldseadogs.com/stories/boat-reviews-the-launch-of-the-ninth-model-in-the-mulder-thirtysix-yacht-series,/stories/boat-reviews-the-launch-of-the-ninth-model-in-the-mulder-thirtysix-yacht-series,301,Boat Reviews: Dutch Shipyards Invite the Ninth Mulder ThirtySix Luxury Yacht to Hit the Open Waters
article redirect,https://oldseadogs.com/boat-shows/the-revamped-sunseeker-manhattan-56-a-delicate-balance-of-subtlety-and-innovation/,/boat-shows/the-revamped-sunseeker-manhattan-56-a-delicate-balance-of-subtlety-and-innovation/,https://www.oldseadogs.com/stories/boat-shows-the-revamped-sunseeker-manhattan-56-a-delicate-balance-of-subtlety-and-innovation,/stories/boat-shows-the-revamped-sunseeker-manhattan-56-a-delicate-balance-of-subtlety-and-innovation,301,Shows: Daring Evolution in the New Sunseeker Manhattan 56: A Dream Blend of Subtlety And Productive Alterations Unveiled
article redirect,https://oldseadogs.com/racing/historic-zoom8-state-championships-and-sweeping-iqfoil-international-games/,/racing/historic-zoom8-state-championships-and-sweeping-iqfoil-international-games/,https://www.oldseadogs.com/stories/racing-historic-zoom8-state-championships-and-sweeping-iqfoil-international-games,/stories/racing-historic-zoom8-state-championships-and-sweeping-iqfoil-international-games,301,Racing: Unyielding Competitors and Dramatic Undertakings in Zoom8 State Championships and iQFOiL International Games
article redirect,https://oldseadogs.com/news/unravelling-the-grand-tour-clocking-time-through-sailing/,/news/unravelling-the-grand-tour-clocking-time-through-sailing/,https://www.oldseadogs.com/stories/news-unravelling-the-grand-tour-clocking-time-through-sailing,/stories/news-unravelling-the-grand-tour-clocking-time-through-sailing,301,News: The Fifth Edition of The Grand Tour Sailing: Unwrapping the Mystery of Time
article redirect,https://oldseadogs.com/news/upscale-58m-amaral-motor-yacht-changes-hands-embarks-new-journey/,/news/upscale-58m-amaral-motor-yacht-changes-hands-embarks-new-journey/,https://www.oldseadogs.com/stories/news-upscale-58m-amaral-motor-yacht-changes-hands-embarks-new-journey,/stories/news-upscale-58m-amaral-motor-yacht-changes-hands-embarks-new-journey,301,"News: Grandeur On Water: German-Built Amaral, A 58m Abeking & Rasmussen Motor Yacht, Delights A New Owner"
article redirect,https://oldseadogs.com/news/luxury-motor-yacht-this-is-mine-sold-and-renamed-seas-the-day/,/news/luxury-motor-yacht-this-is-mine-sold-and-renamed-seas-the-day/,https://www.oldseadogs.com/stories/news-luxury-motor-yacht-this-is-mine-sold-and-renamed-seas-the-day,/stories/news-luxury-motor-yacht-this-is-mine-sold-and-renamed-seas-the-day,301,"News: A Change in Tides: The 27m Posillipo-Rizzardi Motor Yacht 'This is Mine' Finds New Owners and a New Name, 'Seas The Day'"
article redirect,https://oldseadogs.com/news/nanny-cay-expands-30-million-marina-development-reshapes-the-bvis-south-coast/,/news/nanny-cay-expands-30-million-marina-development-reshapes-the-bvis-south-coast/,https://www.oldseadogs.com/stories/news-nanny-cay-expands-30-million-marina-development-reshapes-the-bvis-south-coast,/stories/news-nanny-cay-expands-30-million-marina-development-reshapes-the-bvis-south-coast,301,"News: Construction Begins on Major South Marina Expansion at Nanny Cay, Tortola"
article redirect,https://oldseadogs.com/news/rhody-regatta-sets-sail-for-narragansett-bay-racing-season/,/news/rhody-regatta-sets-sail-for-narragansett-bay-racing-season/,https://www.oldseadogs.com/stories/news-rhody-regatta-sets-sail-for-narragansett-bay-racing-season,/stories/news-rhody-regatta-sets-sail-for-narragansett-bay-racing-season,301,"News: Ready, Set, Sail: Rhody Regatta Sets the Course for Narragansett Bay's Eagerly Anticipated 2026 Racing Season"
article redirect,https://oldseadogs.com/news/the-spectacular-line-up-for-the-2026-st-barths-bucket/,/news/the-spectacular-line-up-for-the-2026-st-barths-bucket/,https://www.oldseadogs.com/stories/news-the-spectacular-line-up-for-the-2026-st-barths-bucket,/stories/news-the-spectacular-line-up-for-the-2026-st-barths-bucket,301,News: The Competing Giants of the Sea: The Yachts for the 2026 St Barths Bucket
article redirect,https://oldseadogs.com/news/yacht-sales-robust-in-february-2026-outpacing-last-years-numbers/,/news/yacht-sales-robust-in-february-2026-outpacing-last-years-numbers/,https://www.oldseadogs.com/stories/news-yacht-sales-robust-in-february-2026-outpacing-last-years-numbers,/stories/news-yacht-sales-robust-in-february-2026-outpacing-last-years-numbers,301,"News: Boom Time for Yacht Market: February 2026 Sees Continued Growth, Eclipsing Previous Year's Figures"
article redirect,https://oldseadogs.com/racing/yachts-to-compete-at-2026-st-barths-bucket-a-closer-look/,/racing/yachts-to-compete-at-2026-st-barths-bucket-a-closer-look/,https://www.oldseadogs.com/stories/racing-yachts-to-compete-at-2026-st-barths-bucket-a-closer-look,/stories/racing-yachts-to-compete-at-2026-st-barths-bucket-a-closer-look,301,Racing: Exploring the Competing Yachts and Sailing Greats at the 2026 St Barths Bucket Regatta
article redirect,https://oldseadogs.com/news/decisive-vote-leads-musto-skiff-class-towards-the-mainsail-x-inclusion/,/news/decisive-vote-leads-musto-skiff-class-towards-the-mainsail-x-inclusion/,https://www.oldseadogs.com/stories/news-decisive-vote-leads-musto-skiff-class-towards-the-mainsail-x-inclusion,/stories/news-decisive-vote-leads-musto-skiff-class-towards-the-mainsail-x-inclusion,301,News: Embracing Change in Sailing: Musto Skiff Class Votes Overwhelmingly for Further Integration of the Mainsail X
article redirect,https://oldseadogs.com/boat-reviews/fairline-squadron-58-flybridge/,/boat-reviews/fairline-squadron-58-flybridge/,https://www.oldseadogs.com/stories/boat-reviews-fairline-squadron-58-flybridge,/stories/boat-reviews-fairline-squadron-58-flybridge,301,Boat Reviews: Fairline Squadron 58 – A Timeless Classic in Flybridge Luxury
article redirect,https://oldseadogs.com/racing/fourth-day-dominance-99th-bacardi-cup-sailing-tournament/,/racing/fourth-day-dominance-99th-bacardi-cup-sailing-tournament/,https://www.oldseadogs.com/stories/racing-fourth-day-dominance-99th-bacardi-cup-sailing-tournament,/stories/racing-fourth-day-dominance-99th-bacardi-cup-sailing-tournament,301,Racing: Sailors Cayard and Kleen Dominate Day 4 of the 99th Bacardi Cup: A Battle Among Champions
article redirect,https://oldseadogs.com/news/iconic-superyacht-christina-o-on-market-for-52m/,/news/iconic-superyacht-christina-o-on-market-for-52m/,https://www.oldseadogs.com/stories/news-iconic-superyacht-christina-o-on-market-for-52m,/stories/news-iconic-superyacht-christina-o-on-market-for-52m,301,"News: Embrace Luxury and History with Superyacht Christina O, Now Available for a Reduced Price of €52M"
article redirect,https://oldseadogs.com/boat-reviews/launch-nears-for-first-swan-80-a-new-addition-to-nautor-swan-yachts-lineup/,/boat-reviews/launch-nears-for-first-swan-80-a-new-addition-to-nautor-swan-yachts-lineup/,https://www.oldseadogs.com/stories/boat-reviews-launch-nears-for-first-swan-80-a-new-addition-to-nautor-swan-yachts-lineup,/stories/boat-reviews-launch-nears-for-first-swan-80-a-new-addition-to-nautor-swan-yachts-lineup,301,Boat Reviews: Step Aboard the Swan 80: Nautor Swan's Newest Maxi Yacht Approaching Official Launch
article redirect,https://oldseadogs.com/news/round-the-island-race-2026-dates-released/,/news/round-the-island-race-2026-dates-released/,https://www.oldseadogs.com/stories/news-round-the-island-race-2026-dates-released,/stories/news-round-the-island-race-2026-dates-released,301,"News: Round the Island Race 2026: One Race, One Thousand Stories"
article redirect,https://oldseadogs.com/news/the-ocean-race-2027/,/news/the-ocean-race-2027/,https://www.oldseadogs.com/stories/news-the-ocean-race-2027,/stories/news-the-ocean-race-2027,301,News: The Ocean Race 2027 — Where Offshore Sailing Meets Its Ultimate Reckoning
article redirect,https://oldseadogs.com/racing/the-ocean-race-2027/,/racing/the-ocean-race-2027/,https://www.oldseadogs.com/stories/racing-the-ocean-race-2027,/stories/racing-the-ocean-race-2027,301,Racing: The Ocean Race 2027 — Where Offshore Sailing Meets Its Ultimate Reckoning
article redirect,https://oldseadogs.com/racing/2026-corsair-national-championship-underway/,/racing/2026-corsair-national-championship-underway/,https://www.oldseadogs.com/stories/racing-2026-corsair-national-championship-underway,/stories/racing-2026-corsair-national-championship-underway,301,Racing: Corsair Trimarans Converge on San Francisco Bay for the Thrills of the 2026 Corsair National Championship
article redirect,https://oldseadogs.com/boat-reviews/impressive-price-adjustment-on-hemisphere-a-stargazing-44m-catamaran/,/boat-reviews/impressive-price-adjustment-on-hemisphere-a-stargazing-44m-catamaran/,https://www.oldseadogs.com/stories/boat-reviews-impressive-price-adjustment-on-hemisphere-a-stargazing-44m-catamaran,/stories/boat-reviews-impressive-price-adjustment-on-hemisphere-a-stargazing-44m-catamaran,301,"Boat Reviews: Exciting news in the yachting world: there's a significant price decrease for the impressive 44m Pendennis catamaran, Hemisphere!"
article redirect,https://oldseadogs.com/boat-reviews/journey-to-outfitting-the-cdm-flexplorer-165-second-and-third-hulls/,/boat-reviews/journey-to-outfitting-the-cdm-flexplorer-165-second-and-third-hulls/,https://www.oldseadogs.com/stories/boat-reviews-journey-to-outfitting-the-cdm-flexplorer-165-second-and-third-hulls,/stories/boat-reviews-journey-to-outfitting-the-cdm-flexplorer-165-second-and-third-hulls,301,"Boat Reviews: Embrace the Sea: Second and Third Flexplorer 165 Hulls Head to Outfitting, Promising Customized Luxury at Its Finest"
article redirect,https://oldseadogs.com/boat-reviews/the-2026-waterproof-boating-jackets-showdown/,/boat-reviews/the-2026-waterproof-boating-jackets-showdown/,https://www.oldseadogs.com/stories/boat-reviews-the-2026-waterproof-boating-jackets-showdown,/stories/boat-reviews-the-2026-waterproof-boating-jackets-showdown,301,Boat Reviews: Brave the Elements: A Comparative Review of 2026's Best Waterproof Boating Jackets Exposed to Rigorous Testing
article redirect,https://oldseadogs.com/boat-reviews/unveiling-the-dynamic-aquila-45-sport-a-powerboat-arrayed-in-suv-inspired-styling/,/boat-reviews/unveiling-the-dynamic-aquila-45-sport-a-powerboat-arrayed-in-suv-inspired-styling/,https://www.oldseadogs.com/stories/boat-reviews-unveiling-the-dynamic-aquila-45-sport-a-powerboat-arrayed-in-suv-inspired-styling,/stories/boat-reviews-unveiling-the-dynamic-aquila-45-sport-a-powerboat-arrayed-in-suv-inspired-styling,301,Boat Reviews: Aquila 45 Sport Makes Waves in Marine Industry: Distinctive SUV-Influenced Styling Meets Supercraft Functionality
article redirect,https://oldseadogs.com/racing/admirals-cup-enlivens-global-tournament-and-star-sailors-league-braces-for-a-global-race/,/racing/admirals-cup-enlivens-global-tournament-and-star-sailors-league-braces-for-a-global-race/,https://www.oldseadogs.com/stories/racing-admirals-cup-enlivens-global-tournament-and-star-sailors-league-braces-for-a-global-race,/stories/racing-admirals-cup-enlivens-global-tournament-and-star-sailors-league-braces-for-a-global-race,301,"Racing: Unleashing the Lion: Admiral's Cup Teams Join Pallas Capital Gold Cup, Star Sailors on the Horizon of the SSL Gold Cup Qualifying Series."
article redirect,https://oldseadogs.com/boat-reviews/gypsy-moth-iv-an-iconic-british-yacht/,/boat-reviews/gypsy-moth-iv-an-iconic-british-yacht/,https://www.oldseadogs.com/stories/boat-reviews-gypsy-moth-iv-an-iconic-british-yacht,/stories/boat-reviews-gypsy-moth-iv-an-iconic-british-yacht,301,Boat Reviews: Sir Francis Chichester's Gypsy Moth IV
article redirect,https://oldseadogs.com/news/world-sailing-opens-bidding-for-2030-2031-championships/,/news/world-sailing-opens-bidding-for-2030-2031-championships/,https://www.oldseadogs.com/stories/news-world-sailing-opens-bidding-for-2030-2031-championships,/stories/news-world-sailing-opens-bidding-for-2030-2031-championships,301,News: Bid Now for 2030-2031 World Sailing Championships – Showcasing Olympic Class Sailing at its Best
article redirect,https://oldseadogs.com/news/damen-yachting-shipyard-launches-project-zurich-third-of-the-amels-80-series/,/news/damen-yachting-shipyard-launches-project-zurich-third-of-the-amels-80-series/,https://www.oldseadogs.com/stories/news-damen-yachting-shipyard-launches-project-zurich-third-of-the-amels-80-series,/stories/news-damen-yachting-shipyard-launches-project-zurich-third-of-the-amels-80-series,301,News: Project Zurich Splashes into Scene: Damen Yachting's Third Amels 80 Superyacht Sets Sail
article redirect,https://oldseadogs.com/racing/dramatic-conclusion-to-howth-yacht-club-dinghy-frostbites-spring-series/,/racing/dramatic-conclusion-to-howth-yacht-club-dinghy-frostbites-spring-series/,https://www.oldseadogs.com/stories/racing-dramatic-conclusion-to-howth-yacht-club-dinghy-frostbites-spring-series,/stories/racing-dramatic-conclusion-to-howth-yacht-club-dinghy-frostbites-spring-series,301,Racing: Intense Final Races Decided Winners at Howth Yacht Club Dinghy Frostbites Spring Series
article redirect,https://oldseadogs.com/boat-shows/infinite-voyage-iii-a-luxurious-32m-azimut-motor-yacht-now-on-sale/,/boat-shows/infinite-voyage-iii-a-luxurious-32m-azimut-motor-yacht-now-on-sale/,https://www.oldseadogs.com/stories/boat-shows-infinite-voyage-iii-a-luxurious-32m-azimut-motor-yacht-now-on-sale,/stories/boat-shows-infinite-voyage-iii-a-luxurious-32m-azimut-motor-yacht-now-on-sale,301,Shows: Infinite Voyage III: Italian Elegance Meets Modern Performance in the 32m Azimut Motor Yacht Now Seeking New Owner
article redirect,https://oldseadogs.com/news/ninth-moonen-122-martinique-yacht-enters-outfitting-phase/,/news/ninth-moonen-122-martinique-yacht-enters-outfitting-phase/,https://www.oldseadogs.com/stories/news-ninth-moonen-122-martinique-yacht-enters-outfitting-phase,/stories/news-ninth-moonen-122-martinique-yacht-enters-outfitting-phase,301,"News: Dutch Yard Moonen Yachts Celebrate Milestone with Ninth 122 Martinique Model, YN207, Entering Outfitting Stage"
article redirect,https://oldseadogs.com/news/redefining-superyacht-marketing-the-make-your-mark-retreat/,/news/redefining-superyacht-marketing-the-make-your-mark-retreat/,https://www.oldseadogs.com/stories/news-redefining-superyacht-marketing-the-make-your-mark-retreat,/stories/news-redefining-superyacht-marketing-the-make-your-mark-retreat,301,News: Elevating the Superyacht Industry: The Make Your Mark Marketing retreat sparks conversation on enhancing brand image
article redirect,https://oldseadogs.com/boat-shows/revamping-the-superyacht-industrys-image-a-marketing-masterclass-in-amsterdam/,/boat-shows/revamping-the-superyacht-industrys-image-a-marketing-masterclass-in-amsterdam/,https://www.oldseadogs.com/stories/boat-shows-revamping-the-superyacht-industrys-image-a-marketing-masterclass-in-amsterdam,/stories/boat-shows-revamping-the-superyacht-industrys-image-a-marketing-masterclass-in-amsterdam,301,Shows: Amsterdam's 'Make Your Mark': A Pivotal Gathering to Reframe the Superyacht Industry’s Narrative
article redirect,https://oldseadogs.com/news/sale-of-prestigious-overmarine-motor-yacht-nana-ii/,/news/sale-of-prestigious-overmarine-motor-yacht-nana-ii/,https://www.oldseadogs.com/stories/news-sale-of-prestigious-overmarine-motor-yacht-nana-ii,/stories/news-sale-of-prestigious-overmarine-motor-yacht-nana-ii,301,News: Nana II: The Gem of Overmarine Yachts Finds a New Owner in An Off-market Deal
article redirect,https://oldseadogs.com/boat-shows/sanctuary-cove-international-boat-show-2026/,/boat-shows/sanctuary-cove-international-boat-show-2026/,https://www.oldseadogs.com/stories/boat-shows-sanctuary-cove-international-boat-show-2026,/stories/boat-shows-sanctuary-cove-international-boat-show-2026,301,Shows: Sanctuary Cove International Boat Show 2026: Australia’s Ultimate On-Water Showcase Returns
article redirect,https://oldseadogs.com/news/sanctuary-cove-international-boat-show-2026/,/news/sanctuary-cove-international-boat-show-2026/,https://www.oldseadogs.com/stories/news-sanctuary-cove-international-boat-show-2026,/stories/news-sanctuary-cove-international-boat-show-2026,301,News: Sanctuary Cove International Boat Show 2026: Australia’s Ultimate On-Water Showcase Returns
article redirect,https://oldseadogs.com/boat-reviews/superyacht-project-zurich-ready-for-final-outfitting/,/boat-reviews/superyacht-project-zurich-ready-for-final-outfitting/,https://www.oldseadogs.com/stories/boat-reviews-superyacht-project-zurich-ready-for-final-outfitting,/stories/boat-reviews-superyacht-project-zurich-ready-for-final-outfitting,301,"Boat Reviews: Damen Yachting launches its third Amels 80 series superyacht, Project Zurich"
article redirect,https://oldseadogs.com/racing/vaikobis-thrilling-venture-into-18ft-skiff-racing/,/racing/vaikobis-thrilling-venture-into-18ft-skiff-racing/,https://www.oldseadogs.com/stories/racing-vaikobis-thrilling-venture-into-18ft-skiff-racing,/stories/racing-vaikobis-thrilling-venture-into-18ft-skiff-racing,301,Racing: Navigating the Waves: Vaikobi's Deep Dive into the Thrilling World of 18ft Skiff Racing
article redirect,https://oldseadogs.com/destinations/hercules-a-1907-steam-tugboat/,/destinations/hercules-a-1907-steam-tugboat/,https://www.oldseadogs.com/stories/destinations-hercules-a-1907-steam-tugboat,/stories/destinations-hercules-a-1907-steam-tugboat,301,"Destinations: Hercules, a 1907 Steam Tugboat"
article redirect,https://oldseadogs.com/racing/benjamin-and-sam-pascoes-thrilling-run-in-seld%C3%A9n-sailjuice-winter-series-2025-26/,/racing/benjamin-and-sam-pascoes-thrilling-run-in-seld%C3%A9n-sailjuice-winter-series-2025-26/,https://www.oldseadogs.com/stories/racing-benjamin-and-sam-pascoes-thrilling-run-in-selden-sailjuice-winter-series-2025-26,/stories/racing-benjamin-and-sam-pascoes-thrilling-run-in-selden-sailjuice-winter-series-2025-26,301,Racing: The Pascoe Duo's Epic Journey Through the Winds: Seldén Sailjuice Winter Series 2025-26 Uncovered
article redirect,https://oldseadogs.com/news/sailing-success-for-benjamin-and-sam-pascoe-in-winter-series-and-highlights-from-the-df95-winter-series/,/news/sailing-success-for-benjamin-and-sam-pascoe-in-winter-series-and-highlights-from-the-df95-winter-series/,https://www.oldseadogs.com/stories/news-sailing-success-for-benjamin-and-sam-pascoe-in-winter-series-and-highlights-from-the-df95-w,/stories/news-sailing-success-for-benjamin-and-sam-pascoe-in-winter-series-and-highlights-from-the-df95-w,301,News: The Seldén Sailjuice Winter Series: An Engaging Tale of Two Brothers and a Captivating Account of the DF95 Winter Series
article redirect,https://oldseadogs.com/news/saxdor-yachts-a-bold-leap-into-the-american-market/,/news/saxdor-yachts-a-bold-leap-into-the-american-market/,https://www.oldseadogs.com/stories/news-saxdor-yachts-a-bold-leap-into-the-american-market,/stories/news-saxdor-yachts-a-bold-leap-into-the-american-market,301,"News: Finnish Brand Saxdor Yachts Acquired by Malibu Boats, Laying Groundwork for a US Expansion"
article redirect,https://oldseadogs.com/news/talented-young-sailor-ralph-hadley-navigates-towards-an-exciting-2026/,/news/talented-young-sailor-ralph-hadley-navigates-towards-an-exciting-2026/,https://www.oldseadogs.com/stories/news-talented-young-sailor-ralph-hadley-navigates-towards-an-exciting-2026,/stories/news-talented-young-sailor-ralph-hadley-navigates-towards-an-exciting-2026,301,News: Ralph Hadley: A Bright Star Emerging on the Sailing Horizon Gears Up for an Eventful New Year
article redirect,https://oldseadogs.com/boat-reviews/tykun-x-revolution-in-high-performance-chase-boats/,/boat-reviews/tykun-x-revolution-in-high-performance-chase-boats/,https://www.oldseadogs.com/stories/boat-reviews-tykun-x-revolution-in-high-performance-chase-boats,/stories/boat-reviews-tykun-x-revolution-in-high-performance-chase-boats,301,Boat Reviews: Introducing Tykun X: A Glorious Blend of Military Grit and Superyacht Style
article redirect,https://oldseadogs.com/news/celebrating-milestone-anniversaries-at-rya-dinghy-watersports-show-2026/,/news/celebrating-milestone-anniversaries-at-rya-dinghy-watersports-show-2026/,https://www.oldseadogs.com/stories/news-celebrating-milestone-anniversaries-at-rya-dinghy-watersports-show-2026,/stories/news-celebrating-milestone-anniversaries-at-rya-dinghy-watersports-show-2026,301,News: Relishing the Rich Diversity of UK Dinghy Classes at the RYA Dinghy & Watersports Show 2026
article redirect,https://oldseadogs.com/news/giovanni-costantino-takes-helm-as-chairman-of-the-italian-sea-group/,/news/giovanni-costantino-takes-helm-as-chairman-of-the-italian-sea-group/,https://www.oldseadogs.com/stories/news-giovanni-costantino-takes-helm-as-chairman-of-the-italian-sea-group,/stories/news-giovanni-costantino-takes-helm-as-chairman-of-the-italian-sea-group,301,"News: Founder and CEO of The Italian Sea Group, Giovanni Costantino, Assumes the Title of Board’s Chairman"
article redirect,https://oldseadogs.com/racing/globe40-race-head-to-head-battle-in-the-southern-atlantic/,/racing/globe40-race-head-to-head-battle-in-the-southern-atlantic/,https://www.oldseadogs.com/stories/racing-globe40-race-head-to-head-battle-in-the-southern-atlantic,/stories/racing-globe40-race-head-to-head-battle-in-the-southern-atlantic,301,Racing: Competitive Tides in Globe40 Race as Teams Overcome Challenges of Cape Horn and Windy Southern Atlantic.
article redirect,https://oldseadogs.com/boat-shows/sirena-yachts-exciting-unveils-sirena-118-and-superyachts-42m/,/boat-shows/sirena-yachts-exciting-unveils-sirena-118-and-superyachts-42m/,https://www.oldseadogs.com/stories/boat-shows-sirena-yachts-exciting-unveils-sirena-118-and-superyachts-42m,/stories/boat-shows-sirena-yachts-exciting-unveils-sirena-118-and-superyachts-42m,301,Shows: Sirena Yachts Embarks on Exciting New Chapter with Two Majestic Premieres - Sirena 118 and Superyachts 42m
article redirect,https://oldseadogs.com/boat-reviews/the-worlds-largest-sailing-ship/,/boat-reviews/the-worlds-largest-sailing-ship/,https://www.oldseadogs.com/stories/boat-reviews-the-worlds-largest-sailing-ship,/stories/boat-reviews-the-worlds-largest-sailing-ship,301,Boat Reviews: The World’s Largest Sailing Ship
article redirect,https://oldseadogs.com/masterclass/nautical-jargon-dictionary-a-glossary-of-sailing-yachting-terms/,/masterclass/nautical-jargon-dictionary-a-glossary-of-sailing-yachting-terms/,https://www.oldseadogs.com/stories/masterclass-nautical-jargon-dictionary-a-glossary-of-sailing-yachting-terms,/stories/masterclass-nautical-jargon-dictionary-a-glossary-of-sailing-yachting-terms,301,Masterclass: Nautical Jargon Dictionary
article redirect,https://oldseadogs.com/news/iconic-sensation-sailing-yacht-mari-cha-iii-hits-the-market/,/news/iconic-sensation-sailing-yacht-mari-cha-iii-hits-the-market/,https://www.oldseadogs.com/stories/news-iconic-sensation-sailing-yacht-mari-cha-iii-hits-the-market,/stories/news-iconic-sensation-sailing-yacht-mari-cha-iii-hits-the-market,301,News: Invincible Mari-Cha III Yacht Breaks Waves and Records: Now Available for Purchase
article redirect,https://oldseadogs.com/gear/torque-quick-release-harness-back-with-a-bang/,/gear/torque-quick-release-harness-back-with-a-bang/,https://www.oldseadogs.com/stories/gear-torque-quick-release-harness-back-with-a-bang,/stories/gear-torque-quick-release-harness-back-with-a-bang,301,Gear: Safe and Comfortable Sailing with Torque Quick-Release Harness: The Harness Sailors are Raving About
article redirect,https://oldseadogs.com/news/cork-weeks-coastal-fleet-opens-doors-for-more-participants/,/news/cork-weeks-coastal-fleet-opens-doors-for-more-participants/,https://www.oldseadogs.com/stories/news-cork-weeks-coastal-fleet-opens-doors-for-more-participants,/stories/news-cork-weeks-coastal-fleet-opens-doors-for-more-participants,301,"News: In an Exciting Move, Cork Week Expands Race Eligibility, Welcoming More Coastal Fleet Competitors"
article redirect,https://oldseadogs.com/boat-reviews/custom-lines-navetta-35-yacht-redefining-luxury-sailing-experience/,/boat-reviews/custom-lines-navetta-35-yacht-redefining-luxury-sailing-experience/,https://www.oldseadogs.com/stories/boat-reviews-custom-lines-navetta-35-yacht-redefining-luxury-sailing-experience,/stories/boat-reviews-custom-lines-navetta-35-yacht-redefining-luxury-sailing-experience,301,Boat Reviews: Custom Line Shakes the Yachting World with Navetta 35: First of its Kind in Modern Yachting Universe
article redirect,https://oldseadogs.com/masterclass/mastering-the-art-of-cruising-inland-waterways/,/masterclass/mastering-the-art-of-cruising-inland-waterways/,https://www.oldseadogs.com/stories/masterclass-mastering-the-art-of-cruising-inland-waterways,/stories/masterclass-mastering-the-art-of-cruising-inland-waterways,301,Masterclass: Sailing Rivers and Canals: An Expert's Advice on Inland Voyages
article redirect,https://oldseadogs.com/news/monaco-energy-boat-challenge-marks-13th-edition-with-innovations/,/news/monaco-energy-boat-challenge-marks-13th-edition-with-innovations/,https://www.oldseadogs.com/stories/news-monaco-energy-boat-challenge-marks-13th-edition-with-innovations,/stories/news-monaco-energy-boat-challenge-marks-13th-edition-with-innovations,301,News: The 13th Monaco Energy Boat Challenge is Bursting with Ingenuity as 43 Teams from 21 Nations Unleash Their Marine Technologies
article redirect,https://oldseadogs.com/news/unveiling-the-grand-yachts-of-february-2026/,/news/unveiling-the-grand-yachts-of-february-2026/,https://www.oldseadogs.com/stories/news-unveiling-the-grand-yachts-of-february-2026,/stories/news-unveiling-the-grand-yachts-of-february-2026,301,"News: New Builds, Maiden Voyages and Tragic Incident: An Insight into the Yachting World of February 2026"
article redirect,https://oldseadogs.com/racing/2026-fireball-worlds-draw-winners-celebrate-with-new-jib/,/racing/2026-fireball-worlds-draw-winners-celebrate-with-new-jib/,https://www.oldseadogs.com/stories/racing-2026-fireball-worlds-draw-winners-celebrate-with-new-jib,/stories/racing-2026-fireball-worlds-draw-winners-celebrate-with-new-jib,301,Racing: Joyous Winners of the Fireball Worlds Draw gear up for 2026 Races with P&B Jib
article redirect,https://oldseadogs.com/news/archipelago-yachts-unveils-new-production-facility-on-isle-of-wight/,/news/archipelago-yachts-unveils-new-production-facility-on-isle-of-wight/,https://www.oldseadogs.com/stories/news-archipelago-yachts-unveils-new-production-facility-on-isle-of-wight,/stories/news-archipelago-yachts-unveils-new-production-facility-on-isle-of-wight,301,News: Archipelago Yachts Bolsters UK Presence with a Dedicated Production Facility on the Isle of Wight
article redirect,https://oldseadogs.com/news/sunreef-yachts-ambitious-high-seas-quest-1b-annual-revenue-by-2030/,/news/sunreef-yachts-ambitious-high-seas-quest-1b-annual-revenue-by-2030/,https://www.oldseadogs.com/stories/news-sunreef-yachts-ambitious-high-seas-quest-1b-annual-revenue-by-2030,/stories/news-sunreef-yachts-ambitious-high-seas-quest-1b-annual-revenue-by-2030,301,"News: Sunreef Yachts Unveils ‘Beyond 2030’ Strategy, Targets €1B Annual Revenue, hires Yvan Eymieu as Global Commercial Director"
article redirect,https://oldseadogs.com/news/superyacht-cup-palma-marks-30th-edition-with-exciting-new-class/,/news/superyacht-cup-palma-marks-30th-edition-with-exciting-new-class/,https://www.oldseadogs.com/stories/news-superyacht-cup-palma-marks-30th-edition-with-exciting-new-class,/stories/news-superyacht-cup-palma-marks-30th-edition-with-exciting-new-class,301,News: Superyacht Cup Palma Celebrates 30th Anniversary with Introduction of Performance Multihull Class
article redirect,https://oldseadogs.com/racing/swiss-sailgp-in-sydney-showdown-with-golden-hour-debut/,/racing/swiss-sailgp-in-sydney-showdown-with-golden-hour-debut/,https://www.oldseadogs.com/stories/racing-swiss-sailgp-in-sydney-showdown-with-golden-hour-debut,/stories/racing-swiss-sailgp-in-sydney-showdown-with-golden-hour-debut,301,Racing: Swiss SailGP Team Set to Blaze the Waters of Sydney in Revolutionary Golden Hour Racing
article redirect,https://oldseadogs.com/gear/harken-unveils-innovative-ilca-kicker-at-rya-dinghy-watersports-show-2026/,/gear/harken-unveils-innovative-ilca-kicker-at-rya-dinghy-watersports-show-2026/,https://www.oldseadogs.com/stories/gear-harken-unveils-innovative-ilca-kicker-at-rya-dinghy-watersports-show-2026,/stories/gear-harken-unveils-innovative-ilca-kicker-at-rya-dinghy-watersports-show-2026,301,Gear: Discover Harken's High-tech ILCA Kicker: A Leap in Marine Racing Gear Unveiled at RYA Dinghy & Watersports Show 2026
article redirect,https://oldseadogs.com/news/new-cycles-new-crews-the-49er-49erfx-and-nacra-17-fleets-reset-for-la-2028/,/news/new-cycles-new-crews-the-49er-49erfx-and-nacra-17-fleets-reset-for-la-2028/,https://www.oldseadogs.com/stories/news-new-cycles-new-crews-the-49er-49erfx-and-nacra-17-fleets-reset-for-la-2028,/stories/news-new-cycles-new-crews-the-49er-49erfx-and-nacra-17-fleets-reset-for-la-2028,301,"News: New Cycles, New Crews: The 49er, 49erFX and Nacra 17 Fleets Reset for LA 2028"
article redirect,https://oldseadogs.com/racing/new-cycles-new-crews-the-49er-49erfx-and-nacra-17-fleets-reset-for-la-2028/,/racing/new-cycles-new-crews-the-49er-49erfx-and-nacra-17-fleets-reset-for-la-2028/,https://www.oldseadogs.com/stories/racing-new-cycles-new-crews-the-49er-49erfx-and-nacra-17-fleets-reset-for-la-2028,/stories/racing-new-cycles-new-crews-the-49er-49erfx-and-nacra-17-fleets-reset-for-la-2028,301,"Racing: New Cycles, New Crews: The 49er, 49erFX and Nacra 17 Fleets Reset for LA 2028"
article redirect,https://oldseadogs.com/boat-shows/palm-beach-international-boat-show-2026-spotlight-on-grand-superyachts/,/boat-shows/palm-beach-international-boat-show-2026-spotlight-on-grand-superyachts/,https://www.oldseadogs.com/stories/boat-shows-palm-beach-international-boat-show-2026-spotlight-on-grand-superyachts,/stories/boat-shows-palm-beach-international-boat-show-2026-spotlight-on-grand-superyachts,301,Shows: 2026 Puts Superyacht Giants on Display at the Grand Palm Beach International Boat Show
article redirect,https://oldseadogs.com/racing/return-of-the-two-handed-titans-to-pittwater-to-coffs-harbour-yacht-race/,/racing/return-of-the-two-handed-titans-to-pittwater-to-coffs-harbour-yacht-race/,https://www.oldseadogs.com/stories/racing-return-of-the-two-handed-titans-to-pittwater-to-coffs-harbour-yacht-race,/stories/racing-return-of-the-two-handed-titans-to-pittwater-to-coffs-harbour-yacht-race,301,Racing: Anticipation Builds as Two-Handed Powerhouses Rejoin the Fray at Pittwater to Coffs Harbour Yacht Race
article redirect,https://oldseadogs.com/boat-reviews/sneak-peek-at-fdc-yachts-new-26m-pocket-superyacht-project-umai/,/boat-reviews/sneak-peek-at-fdc-yachts-new-26m-pocket-superyacht-project-umai/,https://www.oldseadogs.com/stories/boat-reviews-sneak-peek-at-fdc-yachts-new-26m-pocket-superyacht-project-umai,/stories/boat-reviews-sneak-peek-at-fdc-yachts-new-26m-pocket-superyacht-project-umai,301,Boat Reviews: Turkish Shipyard FDC Yachts Reveals Details of Their Stunning New Pocket Superyacht: Project Umai
article redirect,https://oldseadogs.com/racing/2026-circuit-begins-with-54th-trofeo-princesa-sofia/,/racing/2026-circuit-begins-with-54th-trofeo-princesa-sofia/,https://www.oldseadogs.com/stories/racing-2026-circuit-begins-with-54th-trofeo-princesa-sofia,/stories/racing-2026-circuit-begins-with-54th-trofeo-princesa-sofia,301,Racing: Kickstarting the 2026 Circuit: Trofeo Princesa Sofia Serves as Launch Pad for Olympic Sailing Season
article redirect,https://oldseadogs.com/boat-shows/genova-takes-centre-stage-as-the-ocean-race-ignites-a-week-of-ocean-action/,/boat-shows/genova-takes-centre-stage-as-the-ocean-race-ignites-a-week-of-ocean-action/,https://www.oldseadogs.com/stories/boat-shows-genova-takes-centre-stage-as-the-ocean-race-ignites-a-week-of-ocean-action,/stories/boat-shows-genova-takes-centre-stage-as-the-ocean-race-ignites-a-week-of-ocean-action,301,Shows: Genova Becomes a Global Hub for Ocean Action as The Ocean Race Returns to Italy
article redirect,https://oldseadogs.com/news/launching-legacy-4-debut-of-codecasas-57m-luxury-superyacht/,/news/launching-legacy-4-debut-of-codecasas-57m-luxury-superyacht/,https://www.oldseadogs.com/stories/news-launching-legacy-4-debut-of-codecasas-57m-luxury-superyacht,/stories/news-launching-legacy-4-debut-of-codecasas-57m-luxury-superyacht,301,"News: Codecasa Unveils the Debut of Its First 57m Superyacht, 'Legacy 4'"
article redirect,https://oldseadogs.com/racing/london-castaways-triumphs-in-uk-match-racing-qualifier-1/,/racing/london-castaways-triumphs-in-uk-match-racing-qualifier-1/,https://www.oldseadogs.com/stories/racing-london-castaways-triumphs-in-uk-match-racing-qualifier-1,/stories/racing-london-castaways-triumphs-in-uk-match-racing-qualifier-1,301,Racing: UK Match Racing Qualifier 1: London Castaways Seals Win with Late Surge
article redirect,https://oldseadogs.com/news/marina-revolution-dini-m3-monaco-join-forces-in-nautical-destination-planning/,/news/marina-revolution-dini-m3-monaco-join-forces-in-nautical-destination-planning/,https://www.oldseadogs.com/stories/news-marina-revolution-dini-m3-monaco-join-forces-in-nautical-destination-planning,/stories/news-marina-revolution-dini-m3-monaco-join-forces-in-nautical-destination-planning,301,News: Shaping the Future: Innovative Collaborative Partnership Formed between Luca Dini Design & Architecture and M3 Marine
article redirect,https://oldseadogs.com/boat-reviews/top-four-motor-yachts-you-can-own-for-100000/,/boat-reviews/top-four-motor-yachts-you-can-own-for-100000/,https://www.oldseadogs.com/stories/boat-reviews-top-four-motor-yachts-you-can-own-for-100000,/stories/boat-reviews-top-four-motor-yachts-you-can-own-for-100000,301,"Boat Reviews: Dive Into Luxury: Explore the Best Motor Yachts Under £100,000 on the Market Today"
article redirect,https://oldseadogs.com/boat-reviews/bilgins-263-series-final-superyacht-al-reem-unveiling-of-interior-design/,/boat-reviews/bilgins-263-series-final-superyacht-al-reem-unveiling-of-interior-design/,https://www.oldseadogs.com/stories/boat-reviews-bilgins-263-series-final-superyacht-al-reem-unveiling-of-interior-design,/stories/boat-reviews-bilgins-263-series-final-superyacht-al-reem-unveiling-of-interior-design,301,Boat Reviews: First Glimpse Inside Bilgin's Majestic 80m Superyacht Al Reem of the 263 Series
article redirect,https://oldseadogs.com/news/celtic-longboat-winter-regatta-ignites-dell-quay-sailing-club/,/news/celtic-longboat-winter-regatta-ignites-dell-quay-sailing-club/,https://www.oldseadogs.com/stories/news-celtic-longboat-winter-regatta-ignites-dell-quay-sailing-club,/stories/news-celtic-longboat-winter-regatta-ignites-dell-quay-sailing-club,301,News: Dell Quay Sailing Club Sparks New Life with Celtic Longboat Winter Regatta
article redirect,https://oldseadogs.com/racing/new-zealand-wing-foiling-nationals-set-for-2026-at-worser-bay-boating-club/,/racing/new-zealand-wing-foiling-nationals-set-for-2026-at-worser-bay-boating-club/,https://www.oldseadogs.com/stories/racing-new-zealand-wing-foiling-nationals-set-for-2026-at-worser-bay-boating-club,/stories/racing-new-zealand-wing-foiling-nationals-set-for-2026-at-worser-bay-boating-club,301,"Racing: The 2026 Wing Foiling Nationals, An Unmatched Spectacle of Speed and Balance, Readies Arrival at Worser Bay Boating Club"
article redirect,https://oldseadogs.com/news/40m-motor-yacht-l.a.u.l-experiences-1m-price-drop/,/news/40m-motor-yacht-l.a.u.l-experiences-1m-price-drop/,https://www.oldseadogs.com/stories/news-40m-motor-yacht-l-a-u-l-experiences-1m-price-drop,/stories/news-40m-motor-yacht-l-a-u-l-experiences-1m-price-drop,301,News: Experience a Blend of Luxury and Marine Adventure on the 40m Extra Motor Yacht L.A.U.L: Get it While it's Hot!
article redirect,https://oldseadogs.com/racing/grand-kickoff-for-the-56th-finn-world-masters-in-brisbane/,/racing/grand-kickoff-for-the-56th-finn-world-masters-in-brisbane/,https://www.oldseadogs.com/stories/racing-grand-kickoff-for-the-56th-finn-world-masters-in-brisbane,/stories/racing-grand-kickoff-for-the-56th-finn-world-masters-in-brisbane,301,Racing: Brisbane Comes Alive as 56th Finn World Masters Sailing Championship Sets Sail
article redirect,https://oldseadogs.com/boat-reviews/leapher-yachts-unveils-61m-superyacht-horizon-ii/,/boat-reviews/leapher-yachts-unveils-61m-superyacht-horizon-ii/,https://www.oldseadogs.com/stories/boat-reviews-leapher-yachts-unveils-61m-superyacht-horizon-ii,/stories/boat-reviews-leapher-yachts-unveils-61m-superyacht-horizon-ii,301,Boat Reviews: Horizon II - An Adventurer's Masterpiece: Leapher Yachts' First 61m Explorer Yacht Sees Water
article redirect,https://oldseadogs.com/racing/rorc-nelsons-cup-2026-the-final-caribbean-proving-ground-before-the-600/,/racing/rorc-nelsons-cup-2026-the-final-caribbean-proving-ground-before-the-600/,https://www.oldseadogs.com/stories/racing-rorc-nelsons-cup-2026-the-final-caribbean-proving-ground-before-the-600,/stories/racing-rorc-nelsons-cup-2026-the-final-caribbean-proving-ground-before-the-600,301,Racing: RORC Nelson’s Cup Series 2026 - Race Ready in Antigua
article redirect,https://oldseadogs.com/boat-reviews/globetrotting-powerhouse-yacht-the-wind-horse-fpb-83/,/boat-reviews/globetrotting-powerhouse-yacht-the-wind-horse-fpb-83/,https://www.oldseadogs.com/stories/boat-reviews-globetrotting-powerhouse-yacht-the-wind-horse-fpb-83,/stories/boat-reviews-globetrotting-powerhouse-yacht-the-wind-horse-fpb-83,301,Boat Reviews: FPB 83 Wind Horse: A Boat Built for Unstoppable Adventure on Global Swells
article redirect,https://oldseadogs.com/news/2026-rorc-transatlantic-race-innovation-endurance-and-the-oceans-verdict/,/news/2026-rorc-transatlantic-race-innovation-endurance-and-the-oceans-verdict/,https://www.oldseadogs.com/stories/news-2026-rorc-transatlantic-race-innovation-endurance-and-the-oceans-verdict,/stories/news-2026-rorc-transatlantic-race-innovation-endurance-and-the-oceans-verdict,301,"News: From Record-Breakers to Corinthian Triumphs, the 2026 RORC Transatlantic Race Sets a New Benchmark"
article redirect,https://oldseadogs.com/boat-reviews/lazzara-lpc-300-defying-design-norms-in-luxury-power-catamaran/,/boat-reviews/lazzara-lpc-300-defying-design-norms-in-luxury-power-catamaran/,https://www.oldseadogs.com/stories/boat-reviews-lazzara-lpc-300-defying-design-norms-in-luxury-power-catamaran,/stories/boat-reviews-lazzara-lpc-300-defying-design-norms-in-luxury-power-catamaran,301,Boat Reviews: The Sensational New Lazzara LPC 300: A Compact Powerhouse Redefining Spatial Luxury in Catamaran Design
article redirect,https://oldseadogs.com/boat-shows/sanlorenzo-sx120-the-star-of-cannes/,/boat-shows/sanlorenzo-sx120-the-star-of-cannes/,https://www.oldseadogs.com/stories/boat-shows-sanlorenzo-sx120-the-star-of-cannes,/stories/boat-shows-sanlorenzo-sx120-the-star-of-cannes,301,Shows: First Look into the Luxurious Sanlorenzo SX120: The Ultimate Incontriation of Adventure and Opulence
article redirect,https://oldseadogs.com/news/uncovering-the-complex-legal-landscape-of-superyacht-inheritance/,/news/uncovering-the-complex-legal-landscape-of-superyacht-inheritance/,https://www.oldseadogs.com/stories/news-uncovering-the-complex-legal-landscape-of-superyacht-inheritance,/stories/news-uncovering-the-complex-legal-landscape-of-superyacht-inheritance,301,News: Don't be Adrift: The Unexpected Legal Dilemma over Superyacht Inheritance in the European Union
article redirect,https://oldseadogs.com/boat-shows/anticipating-massive-growth-the-future-of-mediterranean-cruising-grounds/,/boat-shows/anticipating-massive-growth-the-future-of-mediterranean-cruising-grounds/,https://www.oldseadogs.com/stories/boat-shows-anticipating-massive-growth-the-future-of-mediterranean-cruising-grounds,/stories/boat-shows-anticipating-massive-growth-the-future-of-mediterranean-cruising-grounds,301,Shows: Projecting a 2035 Superyacht Boom: A Deep Dive into the Future of the Mediterranean’s Prime Cruising Territory
article redirect,https://oldseadogs.com/boat-reviews/the-moxley-12/,/boat-reviews/the-moxley-12/,https://www.oldseadogs.com/stories/boat-reviews-the-moxley-12,/stories/boat-reviews-the-moxley-12,301,Boat Reviews: The Moxley 12
article redirect,https://oldseadogs.com/news/the-pinnacle-of-superyacht-network-yares-unrivaled-role/,/news/the-pinnacle-of-superyacht-network-yares-unrivaled-role/,https://www.oldseadogs.com/stories/news-the-pinnacle-of-superyacht-network-yares-unrivaled-role,/stories/news-the-pinnacle-of-superyacht-network-yares-unrivaled-role,301,News: Unravelling YARE: The Captivating Tale of a One-of-a-Kind Superyacht Industry Network
article redirect,https://oldseadogs.com/boat-shows/2026-rya-dinghy-watersports-show/,/boat-shows/2026-rya-dinghy-watersports-show/,https://www.oldseadogs.com/stories/boat-shows-2026-rya-dinghy-watersports-show,/stories/boat-shows-2026-rya-dinghy-watersports-show,301,"Shows: Explore, Learn and Get Inspired: RYA Dinghy & Watersports Show 2026 Set for Farnborough This February"
article redirect,https://oldseadogs.com/news/driving-connectivity-transformation-in-the-superyacht-industry/,/news/driving-connectivity-transformation-in-the-superyacht-industry/,https://www.oldseadogs.com/stories/news-driving-connectivity-transformation-in-the-superyacht-industry,/stories/news-driving-connectivity-transformation-in-the-superyacht-industry,301,News: Discover How Modern Technology Transforms Offshore Connectivity for Luxury Yachts
article redirect,https://oldseadogs.com/gear/yamaha-revolutionises-boat-docking-with-video-game-aesthetics/,/gear/yamaha-revolutionises-boat-docking-with-video-game-aesthetics/,https://www.oldseadogs.com/stories/gear-yamaha-revolutionises-boat-docking-with-video-game-aesthetics,/stories/gear-yamaha-revolutionises-boat-docking-with-video-game-aesthetics,301,Gear: Yamaha Transforms Boat Docking into an Exciting Video Game with its Helm Master EX
article redirect,https://oldseadogs.com/racing/fischer-p%C3%A9quin-master-lanzarote-to-win-2026-international-regatta/,/racing/fischer-p%C3%A9quin-master-lanzarote-to-win-2026-international-regatta/,https://www.oldseadogs.com/stories/racing-fischer-pequin-master-lanzarote-to-win-2026-international-regatta,/stories/racing-fischer-pequin-master-lanzarote-to-win-2026-international-regatta,301,Racing: Fischer and Péquin Crowned 49er Champions at Lanzarote International Regatta
article redirect,https://oldseadogs.com/news/after-two-weeks-at-sea-the-2026-rorc-transatlantic-race-comes-into-focus/,/news/after-two-weeks-at-sea-the-2026-rorc-transatlantic-race-comes-into-focus/,https://www.oldseadogs.com/stories/news-after-two-weeks-at-sea-the-2026-rorc-transatlantic-race-comes-into-focus,/stories/news-after-two-weeks-at-sea-the-2026-rorc-transatlantic-race-comes-into-focus,301,"News: Jackknife Shines, Linnea Aurora Leads the Superyachts as the 2026 RORC Transatlantic Fleet Reaches Antigua"
article redirect,https://oldseadogs.com/racing/after-two-weeks-at-sea-the-2026-rorc-transatlantic-race-comes-into-focus/,/racing/after-two-weeks-at-sea-the-2026-rorc-transatlantic-race-comes-into-focus/,https://www.oldseadogs.com/stories/racing-after-two-weeks-at-sea-the-2026-rorc-transatlantic-race-comes-into-focus,/stories/racing-after-two-weeks-at-sea-the-2026-rorc-transatlantic-race-comes-into-focus,301,"Racing: Jackknife Shines, Linnea Aurora Leads the Superyachts as the 2026 RORC Transatlantic Fleet Reaches Antigua"
article redirect,https://oldseadogs.com/news/ai-and-luxury-marketing-take-center-stage-at-superyacht-conclave/,/news/ai-and-luxury-marketing-take-center-stage-at-superyacht-conclave/,https://www.oldseadogs.com/stories/news-ai-and-luxury-marketing-take-center-stage-at-superyacht-conclave,/stories/news-ai-and-luxury-marketing-take-center-stage-at-superyacht-conclave,301,News: The Magic of Marketing Meets Seafaring Splendour: A Two-Day Convention for Superyacht Industry Leaders in Amsterdam
article redirect,https://oldseadogs.com/boat-reviews/the-pinnacle-of-italian-yachting-the-solaris-power-60-coup%C3%A9/,/boat-reviews/the-pinnacle-of-italian-yachting-the-solaris-power-60-coup%C3%A9/,https://www.oldseadogs.com/stories/boat-reviews-the-pinnacle-of-italian-yachting-the-solaris-power-60-coupe,/stories/boat-reviews-the-pinnacle-of-italian-yachting-the-solaris-power-60-coupe,301,Boat Reviews: Discover the Exquisite Solaris Power 60 Coupé: A Masterpiece on Water
article redirect,https://oldseadogs.com/news/innovative-online-maritime-academy-in-the-works-by-british-marine/,/news/innovative-online-maritime-academy-in-the-works-by-british-marine/,https://www.oldseadogs.com/stories/news-innovative-online-maritime-academy-in-the-works-by-british-marine,/stories/news-innovative-online-maritime-academy-in-the-works-by-british-marine,301,News: Revolution Coming to Maritime Training: British Marine Unveils Plans for Digital BM Academy
article redirect,https://oldseadogs.com/news/rolex-switzerland-sail-grand-prix-returns-to-geneva-for-2026/,/news/rolex-switzerland-sail-grand-prix-returns-to-geneva-for-2026/,https://www.oldseadogs.com/stories/news-rolex-switzerland-sail-grand-prix-returns-to-geneva-for-2026,/stories/news-rolex-switzerland-sail-grand-prix-returns-to-geneva-for-2026,301,News: Rolex Switzerland Sail Grand Prix Returns to Geneva for 2026 SailGP Season
article redirect,https://oldseadogs.com/racing/rolex-switzerland-sail-grand-prix-returns-to-geneva-for-2026/,/racing/rolex-switzerland-sail-grand-prix-returns-to-geneva-for-2026/,https://www.oldseadogs.com/stories/racing-rolex-switzerland-sail-grand-prix-returns-to-geneva-for-2026,/stories/racing-rolex-switzerland-sail-grand-prix-returns-to-geneva-for-2026,301,Racing: Rolex Switzerland Sail Grand Prix Returns to Geneva for 2026 SailGP Season
article redirect,https://oldseadogs.com/masterclass/steering-clear-of-wage-related-troubles-a-guide-for-sailors/,/masterclass/steering-clear-of-wage-related-troubles-a-guide-for-sailors/,https://www.oldseadogs.com/stories/masterclass-steering-clear-of-wage-related-troubles-a-guide-for-sailors,/stories/masterclass-steering-clear-of-wage-related-troubles-a-guide-for-sailors,301,Masterclass: How to Avoid Turning Wages into Anchors: An Essential Survival Guide for Yacht Owners
article redirect,https://oldseadogs.com/boat-reviews/the-arcadia-a80-maritime-innovation-in-compact-luxury/,/boat-reviews/the-arcadia-a80-maritime-innovation-in-compact-luxury/,https://www.oldseadogs.com/stories/boat-reviews-the-arcadia-a80-maritime-innovation-in-compact-luxury,/stories/boat-reviews-the-arcadia-a80-maritime-innovation-in-compact-luxury,301,Boat Reviews: Marvel at the Arcadia A80: A Triumph in Luxury Yachting Crafted to Thrive Amidst Mediterranean Anchoring Restrictions
article redirect,https://oldseadogs.com/news/navigating-the-future-of-yacht-refitting-coatings-and-consequences/,/news/navigating-the-future-of-yacht-refitting-coatings-and-consequences/,https://www.oldseadogs.com/stories/news-navigating-the-future-of-yacht-refitting-coatings-and-consequences,/stories/news-navigating-the-future-of-yacht-refitting-coatings-and-consequences,301,News: As the Sailing Industry Evolves So Must Its Approach to Yacht Refitting
article redirect,https://oldseadogs.com/boat-reviews/nimbus-495-coup%C3%A9-a-revolutionary-entry-into-inland-cruising/,/boat-reviews/nimbus-495-coup%C3%A9-a-revolutionary-entry-into-inland-cruising/,https://www.oldseadogs.com/stories/boat-reviews-nimbus-495-coupe-a-revolutionary-entry-into-inland-cruising,/stories/boat-reviews-nimbus-495-coupe-a-revolutionary-entry-into-inland-cruising,301,Boat Reviews: New Nimbus 495 Coupé Ushers in an Era of Seamless Sailing Along the Great Inland Waterways
article redirect,https://oldseadogs.com/racing/energising-updates-from-viking-marine-frostbite-series-2/,/racing/energising-updates-from-viking-marine-frostbite-series-2/,https://www.oldseadogs.com/stories/racing-energising-updates-from-viking-marine-frostbite-series-2,/stories/racing-energising-updates-from-viking-marine-frostbite-series-2,301,Racing: Viking Marine Frostbite Series 2 Captures Spirits at Dun Laoghaire Motor Yacht Club
article redirect,https://oldseadogs.com/racing/estonia-sets-memorable-stage-for-ice-sailing-cup-series/,/racing/estonia-sets-memorable-stage-for-ice-sailing-cup-series/,https://www.oldseadogs.com/stories/racing-estonia-sets-memorable-stage-for-ice-sailing-cup-series,/stories/racing-estonia-sets-memorable-stage-for-ice-sailing-cup-series,301,Racing: The Third Stage of Estonian Ice Sailing Cup Sets A New Standard with Baltic's Best
article redirect,https://oldseadogs.com/news/hybrid-superyachts-benetti-debuts-latest-b.now-67m-series/,/news/hybrid-superyachts-benetti-debuts-latest-b.now-67m-series/,https://www.oldseadogs.com/stories/news-hybrid-superyachts-benetti-debuts-latest-b-now-67m-series,/stories/news-hybrid-superyachts-benetti-debuts-latest-b-now-67m-series,301,News: Cruise into the Future: Benetti Launches Two Hybrid Superyachts Blending Luxury and Sustainability
article redirect,https://oldseadogs.com/news/raven-unleashed-when-a-monohull-redefined-the-atlantic/,/news/raven-unleashed-when-a-monohull-redefined-the-atlantic/,https://www.oldseadogs.com/stories/news-raven-unleashed-when-a-monohull-redefined-the-atlantic,/stories/news-raven-unleashed-when-a-monohull-redefined-the-atlantic,301,News: Raven Rewrites the Atlantic with Record-Breaking RORC Transatlantic Victory
article redirect,https://oldseadogs.com/racing/raven-unleashed-when-a-monohull-redefined-the-atlantic/,/racing/raven-unleashed-when-a-monohull-redefined-the-atlantic/,https://www.oldseadogs.com/stories/racing-raven-unleashed-when-a-monohull-redefined-the-atlantic,/stories/racing-raven-unleashed-when-a-monohull-redefined-the-atlantic,301,Racing: Raven Rewrites the Atlantic with Record-Breaking RORC Transatlantic Victory
article redirect,https://oldseadogs.com/boat-reviews/the-nearing-completion-of-the-luxury-forte-47-yacht/,/boat-reviews/the-nearing-completion-of-the-luxury-forte-47-yacht/,https://www.oldseadogs.com/stories/boat-reviews-the-nearing-completion-of-the-luxury-forte-47-yacht,/stories/boat-reviews-the-nearing-completion-of-the-luxury-forte-47-yacht,301,"Boat Reviews: Experiencing Luxury at Sea: Forte 47, High-End Aluminium Yacht Nears Completion"
article redirect,https://oldseadogs.com/gear/last-chance-to-engage-with-musto-sale/,/gear/last-chance-to-engage-with-musto-sale/,https://www.oldseadogs.com/stories/gear-last-chance-to-engage-with-musto-sale,/stories/gear-last-chance-to-engage-with-musto-sale,301,"Gear: Gear Up for Greatness: Musto Sale Ending Soon, Don't Miss Out!"
article redirect,https://oldseadogs.com/news/2026-rorc-transatlantic-race/,/news/2026-rorc-transatlantic-race/,https://www.oldseadogs.com/stories/news-2026-rorc-transatlantic-race,/stories/news-2026-rorc-transatlantic-race,301,"News: Two Visions, One Ocean: Raven and Be Cool Set to Define the 2026 RORC Transatlantic Race"
article redirect,https://oldseadogs.com/racing/2026-rorc-transatlantic-race/,/racing/2026-rorc-transatlantic-race/,https://www.oldseadogs.com/stories/racing-2026-rorc-transatlantic-race,/stories/racing-2026-rorc-transatlantic-race,301,"Racing: Two Visions, One Ocean: Raven and Be Cool Set to Define the 2026 RORC Transatlantic Race"
article redirect,https://oldseadogs.com/news/orc-european-championship-2026-gathers-pace-with-klaipedas-special-offers/,/news/orc-european-championship-2026-gathers-pace-with-klaipedas-special-offers/,https://www.oldseadogs.com/stories/news-orc-european-championship-2026-gathers-pace-with-klaipedas-special-offers,/stories/news-orc-european-championship-2026-gathers-pace-with-klaipedas-special-offers,301,News: Discover Klaipeda's Allure: ORC European Championship 2026 Lays out Discounted Accommodations and Traditional Gastronomy
article redirect,https://oldseadogs.com/racing/shimmering-triumph-swedens-49erfx-team-ahead-of-world-championships/,/racing/shimmering-triumph-swedens-49erfx-team-ahead-of-world-championships/,https://www.oldseadogs.com/stories/racing-shimmering-triumph-swedens-49erfx-team-ahead-of-world-championships,/stories/racing-shimmering-triumph-swedens-49erfx-team-ahead-of-world-championships,301,Racing: Discover the Rising Stars: Sweden's New 49erFX Team's Meteoric Rise to Glory
article redirect,https://oldseadogs.com/news/unveiling-the-jassi-102.4m-superyacht-by-l%C3%BCrssen-shipyard/,/news/unveiling-the-jassi-102.4m-superyacht-by-l%C3%BCrssen-shipyard/,https://www.oldseadogs.com/stories/news-unveiling-the-jassi-102-4m-superyacht-by-lurssen-shipyard,/stories/news-unveiling-the-jassi-102-4m-superyacht-by-lurssen-shipyard,301,News: Lürssen Superyacht Jassi Makes Its Grand Debut: Key Features and Intriguing Facts
article redirect,https://oldseadogs.com/news/55.2-metre-feadship-motor-yacht-somnium-acquired-by-a-new-owner/,/news/55.2-metre-feadship-motor-yacht-somnium-acquired-by-a-new-owner/,https://www.oldseadogs.com/stories/news-55-2-metre-feadship-motor-yacht-somnium-acquired-by-a-new-owner,/stories/news-55-2-metre-feadship-motor-yacht-somnium-acquired-by-a-new-owner,301,"News: Somnium, the Award-Winning Feadship Motor Yacht, Finds a New Owner: A Deep Dive into its Serene Charm"
article redirect,https://oldseadogs.com/boat-reviews/bilgin-yachts-fourth-52m-superyacht-from-bilgin-170-series-sold-delivery-due-2027/,/boat-reviews/bilgin-yachts-fourth-52m-superyacht-from-bilgin-170-series-sold-delivery-due-2027/,https://www.oldseadogs.com/stories/boat-reviews-bilgin-yachts-fourth-52m-superyacht-from-bilgin-170-series-sold-delivery-due-2027,/stories/boat-reviews-bilgin-yachts-fourth-52m-superyacht-from-bilgin-170-series-sold-delivery-due-2027,301,"Boat Reviews: In-house Sale of Under-Construction 52-metre Bilgin 170 Superyacht Announced, Expected to Set Sail in 2027"
article redirect,https://oldseadogs.com/destinations/biras-marina-the-bvis-new-hub-for-superyachts/,/destinations/biras-marina-the-bvis-new-hub-for-superyachts/,https://www.oldseadogs.com/stories/destinations-biras-marina-the-bvis-new-hub-for-superyachts,/stories/destinations-biras-marina-the-bvis-new-hub-for-superyachts,301,"Destinations: North Sound Welcomes Biras Marina, A Luxurious Ouverture for Superyachts in the British Virgin Islands"
article redirect,https://oldseadogs.com/news/decoding-the-37th-americas-cup-an-in-depth-look-into-its-arbitration/,/news/decoding-the-37th-americas-cup-an-in-depth-look-into-its-arbitration/,https://www.oldseadogs.com/stories/news-decoding-the-37th-americas-cup-an-in-depth-look-into-its-arbitration,/stories/news-decoding-the-37th-americas-cup-an-in-depth-look-into-its-arbitration,301,News: Exploring the Fascinating Chronicles of the 37th America's Cup Through its Latest Arbitration Record
article redirect,https://oldseadogs.com/gear/explore-the-ocean-with-vaikobi-upf50-sun-ready-gear/,/gear/explore-the-ocean-with-vaikobi-upf50-sun-ready-gear/,https://www.oldseadogs.com/stories/gear-explore-the-ocean-with-vaikobi-upf50-sun-ready-gear,/stories/gear-explore-the-ocean-with-vaikobi-upf50-sun-ready-gear,301,Gear: Embrace An Ocean Adventure With Utmost Protection in Vaikobi's UV50+ Sun-Ready Gear
article redirect,https://oldseadogs.com/lifestyle/extravagance-at-sea-the-superyachts-of-nfl-team-owners/,/lifestyle/extravagance-at-sea-the-superyachts-of-nfl-team-owners/,https://www.oldseadogs.com/stories/lifestyle-extravagance-at-sea-the-superyachts-of-nfl-team-owners,/stories/lifestyle-extravagance-at-sea-the-superyachts-of-nfl-team-owners,301,Lifestyle: Supreme Turf to Lavish Turquoise: NFL Owners Rule the Seas On Off-Seasons
article redirect,https://oldseadogs.com/boat-reviews/impending-launch-of-the-superb-mangusta-oceano-44-hull-%238/,/boat-reviews/impending-launch-of-the-superb-mangusta-oceano-44-hull-%238/,https://www.oldseadogs.com/stories/boat-reviews-impending-launch-of-the-superb-mangusta-oceano-44-hull-8,/stories/boat-reviews-impending-launch-of-the-superb-mangusta-oceano-44-hull-8,301,"Boat Reviews: The Mangusta Oceano 44, Hull #8: An Unmissable Opportunity to Bypass the Waitlist"
article redirect,https://oldseadogs.com/news/rorc-transatlantic-race-2026/,/news/rorc-transatlantic-race-2026/,https://www.oldseadogs.com/stories/news-rorc-transatlantic-race-2026,/stories/news-rorc-transatlantic-race-2026,301,News: Runners & Riders Ready for the 2026 RORC Transatlantic Race from Lanzarote to Antigua
article redirect,https://oldseadogs.com/racing/rorc-transatlantic-race-2026/,/racing/rorc-transatlantic-race-2026/,https://www.oldseadogs.com/stories/racing-rorc-transatlantic-race-2026,/stories/racing-rorc-transatlantic-race-2026,301,Racing: Runners & Riders Ready for the 2026 RORC Transatlantic Race from Lanzarote to Antigua
article redirect,https://oldseadogs.com/boat-shows/royal-yachting-association-dinghy-show-to-unveil-new-layout/,/boat-shows/royal-yachting-association-dinghy-show-to-unveil-new-layout/,https://www.oldseadogs.com/stories/boat-shows-royal-yachting-association-dinghy-show-to-unveil-new-layout,/stories/boat-shows-royal-yachting-association-dinghy-show-to-unveil-new-layout,301,Shows: Never Miss a Beat at the RYA Dinghy Show: P&B Stand Flaunts Prime Location on Updated Floor Plan
article redirect,https://oldseadogs.com/boat-reviews/unveiling-the-windy-sr77-a-superyacht-redefined/,/boat-reviews/unveiling-the-windy-sr77-a-superyacht-redefined/,https://www.oldseadogs.com/stories/boat-reviews-unveiling-the-windy-sr77-a-superyacht-redefined,/stories/boat-reviews-unveiling-the-windy-sr77-a-superyacht-redefined,301,Boat Reviews: Meet the new Windy SR77: The largest craft in Windy's fleet that captivates with superyacht luxury and dynamic design.
article redirect,https://oldseadogs.com/boat-reviews/40m-explorer-yacht-concept-unveiled-by-er-yacht-design/,/boat-reviews/40m-explorer-yacht-concept-unveiled-by-er-yacht-design/,https://www.oldseadogs.com/stories/boat-reviews-40m-explorer-yacht-concept-unveiled-by-er-yacht-design,/stories/boat-reviews-40m-explorer-yacht-concept-unveiled-by-er-yacht-design,301,"Boat Reviews: ER Yacht Design Introduces MedEx, a Revolutionary 40m Explorer Yacht Built for Mediterranean Escapades"
article redirect,https://oldseadogs.com/masterclass/mastering-buoyage-for-safe-sailing/,/masterclass/mastering-buoyage-for-safe-sailing/,https://www.oldseadogs.com/stories/masterclass-mastering-buoyage-for-safe-sailing,/stories/masterclass-mastering-buoyage-for-safe-sailing,301,Masterclass: Navigate the High Seas with Confidence: A Comprehensive Guide to Using Buoyage
article redirect,https://oldseadogs.com/news/rorc-transatlantic-fleet-locks-into-the-trade-winds/,/news/rorc-transatlantic-fleet-locks-into-the-trade-winds/,https://www.oldseadogs.com/stories/news-rorc-transatlantic-fleet-locks-into-the-trade-winds,/stories/news-rorc-transatlantic-fleet-locks-into-the-trade-winds,301,News: Southern Escape Complete as the 2026 RORC Transatlantic Fleet Locks into the Trade Winds
article redirect,https://oldseadogs.com/racing/rorc-transatlantic-fleet-locks-into-the-trade-winds/,/racing/rorc-transatlantic-fleet-locks-into-the-trade-winds/,https://www.oldseadogs.com/stories/racing-rorc-transatlantic-fleet-locks-into-the-trade-winds,/stories/racing-rorc-transatlantic-fleet-locks-into-the-trade-winds,301,Racing: Southern Escape Complete as the 2026 RORC Transatlantic Fleet Locks into the Trade Winds
article redirect,https://oldseadogs.com/racing/stage-set-for-thrills-at-the-inaugural-wingfoil-racing-world-cup-2026-in-hong-kong/,/racing/stage-set-for-thrills-at-the-inaugural-wingfoil-racing-world-cup-2026-in-hong-kong/,https://www.oldseadogs.com/stories/racing-stage-set-for-thrills-at-the-inaugural-wingfoil-racing-world-cup-2026-in-hong-kong,/stories/racing-stage-set-for-thrills-at-the-inaugural-wingfoil-racing-world-cup-2026-in-hong-kong,301,Racing: Hong Kong Plays Host for First Time to the World's Top Athletes for the 2026 WingFoil Racing World Cup
article redirect,https://oldseadogs.com/news/the-elegant-heesen-motor-yacht-benik-hits-the-market/,/news/the-elegant-heesen-motor-yacht-benik-hits-the-market/,https://www.oldseadogs.com/stories/news-the-elegant-heesen-motor-yacht-benik-hits-the-market,/stories/news-the-elegant-heesen-motor-yacht-benik-hits-the-market,301,"News: Discover the Timeless Luxury of 41m Heesen Yacht Benik, Now Available for Sale"
article redirect,https://oldseadogs.com/news/2026-openskiff-rules-revive-on-water-umpiring/,/news/2026-openskiff-rules-revive-on-water-umpiring/,https://www.oldseadogs.com/stories/news-2026-openskiff-rules-revive-on-water-umpiring,/stories/news-2026-openskiff-rules-revive-on-water-umpiring,301,News: OpenSkiff Youth Sailing Heralds the Return of On-Water Umpiring with 2026 Class Rules
article redirect,https://oldseadogs.com/boat-reviews/majestic-43m-yacht-sunrise-hits-market-for-the-very-first-time/,/boat-reviews/majestic-43m-yacht-sunrise-hits-market-for-the-very-first-time/,https://www.oldseadogs.com/stories/boat-reviews-majestic-43m-yacht-sunrise-hits-market-for-the-very-first-time,/stories/boat-reviews-majestic-43m-yacht-sunrise-hits-market-for-the-very-first-time,301,"Boat Reviews: Step Aboard the 43-Metre Yacht Sunrise: An Epitome of Luxury, Now Available on the Market"
article redirect,https://oldseadogs.com/news/malta-delivers-a-masterclass-as-2026-eurilca-masters-series/,/news/malta-delivers-a-masterclass-as-2026-eurilca-masters-series/,https://www.oldseadogs.com/stories/news-malta-delivers-a-masterclass-as-2026-eurilca-masters-series,/stories/news-malta-delivers-a-masterclass-as-2026-eurilca-masters-series,301,News: Malta Sets the Benchmark as 2026 EurILCA Masters Series Opens in Challenging Conditions
article redirect,https://oldseadogs.com/racing/malta-delivers-a-masterclass-as-2026-eurilca-masters-series/,/racing/malta-delivers-a-masterclass-as-2026-eurilca-masters-series/,https://www.oldseadogs.com/stories/racing-malta-delivers-a-masterclass-as-2026-eurilca-masters-series,/stories/racing-malta-delivers-a-masterclass-as-2026-eurilca-masters-series,301,Racing: Malta Sets the Benchmark as 2026 EurILCA Masters Series Opens in Challenging Conditions
article redirect,https://oldseadogs.com/boat-reviews/pearl-73-unveiling-a-gem-of-the-sea-with-enhanced-vistas/,/boat-reviews/pearl-73-unveiling-a-gem-of-the-sea-with-enhanced-vistas/,https://www.oldseadogs.com/stories/boat-reviews-pearl-73-unveiling-a-gem-of-the-sea-with-enhanced-vistas,/stories/boat-reviews-pearl-73-unveiling-a-gem-of-the-sea-with-enhanced-vistas,301,Boat Reviews: Delight in Attainable Luxury with Pearl 73’s Refined Aesthetics and Innovative Features
article redirect,https://oldseadogs.com/news/philippines-big-boat-sailing-season-kickstarted-with-bpi-busuanga-cup/,/news/philippines-big-boat-sailing-season-kickstarted-with-bpi-busuanga-cup/,https://www.oldseadogs.com/stories/news-philippines-big-boat-sailing-season-kickstarted-with-bpi-busuanga-cup,/stories/news-philippines-big-boat-sailing-season-kickstarted-with-bpi-busuanga-cup,301,News: A New Dawn for Sailing: The Philippines open the Big Boat Sailing Season with the Thrilling 10th BPI Busuanga Cup
article redirect,https://oldseadogs.com/news/unprecedented-year-forecasted-for-luxury-yacht-market/,/news/unprecedented-year-forecasted-for-luxury-yacht-market/,https://www.oldseadogs.com/stories/news-unprecedented-year-forecasted-for-luxury-yacht-market,/stories/news-unprecedented-year-forecasted-for-luxury-yacht-market,301,News: Two Booming Happenings in Yacht Market: Steeler Yachts's New Venture and Impressive Sales Kick-off
article redirect,https://oldseadogs.com/news/achieving-sustainability-milestones-in-the-large-yacht-sector/,/news/achieving-sustainability-milestones-in-the-large-yacht-sector/,https://www.oldseadogs.com/stories/news-achieving-sustainability-milestones-in-the-large-yacht-sector,/stories/news-achieving-sustainability-milestones-in-the-large-yacht-sector,301,News: Global Standardization Takes Hold as Large-Yachts Inch Toward Sustainable Benchmarks
article redirect,https://oldseadogs.com/racing/plymouth-fastnet-500-entries-open-for-2026-extravaganza/,/racing/plymouth-fastnet-500-entries-open-for-2026-extravaganza/,https://www.oldseadogs.com/stories/racing-plymouth-fastnet-500-entries-open-for-2026-extravaganza,/stories/racing-plymouth-fastnet-500-entries-open-for-2026-extravaganza,301,Racing: Gearing Up for the Plymouth Fastnet 500 'Must Do' Sailing Event of 2026
article redirect,https://oldseadogs.com/news/visionf-101-flagship-catamaran-surpasses-expectations-in-sea-trials/,/news/visionf-101-flagship-catamaran-surpasses-expectations-in-sea-trials/,https://www.oldseadogs.com/stories/news-visionf-101-flagship-catamaran-surpasses-expectations-in-sea-trials,/stories/news-visionf-101-flagship-catamaran-surpasses-expectations-in-sea-trials,301,News: VisionF Yachts Celebrates Successful Sea Trials of Its Pioneering 101 Flagship Catamaran Model
article redirect,https://oldseadogs.com/boat-shows/dubai-international-boat-show-a-rising-star-of-the-superyacht-scene/,/boat-shows/dubai-international-boat-show-a-rising-star-of-the-superyacht-scene/,https://www.oldseadogs.com/stories/boat-shows-dubai-international-boat-show-a-rising-star-of-the-superyacht-scene,/stories/boat-shows-dubai-international-boat-show-a-rising-star-of-the-superyacht-scene,301,Shows: A New Sailing Left Bank? Dubai Embraces the Winter Superyacht Scene with its International Boat Show
article redirect,https://oldseadogs.com/news/groundbreaking-55m-superyacht-concept-ion-unveiled/,/news/groundbreaking-55m-superyacht-concept-ion-unveiled/,https://www.oldseadogs.com/stories/news-groundbreaking-55m-superyacht-concept-ion-unveiled,/stories/news-groundbreaking-55m-superyacht-concept-ion-unveiled,301,"News: The Future is Now: Meet 'ION', a Superyacht with Nuclear Power and Modernistic Design"
article redirect,https://oldseadogs.com/news/mb92-golfe-juan-reopens-post-5m-renovation/,/news/mb92-golfe-juan-reopens-post-5m-renovation/,https://www.oldseadogs.com/stories/news-mb92-golfe-juan-reopens-post-5m-renovation,/stories/news-mb92-golfe-juan-reopens-post-5m-renovation,301,"News: MB92 Golfe-Juan: Revamped, More Advanced, and Ready for Action Following Comprehensive €5M Upgrade"
article redirect,https://oldseadogs.com/gear/revolutionizing-sail-selection-an-easy-customized-approach/,/gear/revolutionizing-sail-selection-an-easy-customized-approach/,https://www.oldseadogs.com/stories/gear-revolutionizing-sail-selection-an-easy-customized-approach,/stories/gear-revolutionizing-sail-selection-an-easy-customized-approach,301,Gear: Unveiling a New Era of Sail Selection: Discover How North Sails Simplifies and Personalizes the Process
article redirect,https://oldseadogs.com/news/the-maxi-battle-poised-to-ignite-the-2026-rorc-caribbean-600/,/news/the-maxi-battle-poised-to-ignite-the-2026-rorc-caribbean-600/,https://www.oldseadogs.com/stories/news-the-maxi-battle-poised-to-ignite-the-2026-rorc-caribbean-600,/stories/news-the-maxi-battle-poised-to-ignite-the-2026-rorc-caribbean-600,301,News: It’s the RORC Caribbean 600
article redirect,https://oldseadogs.com/racing/thrilling-fifth-day-at-the-bough-beech-icicle-series-2026/,/racing/thrilling-fifth-day-at-the-bough-beech-icicle-series-2026/,https://www.oldseadogs.com/stories/racing-thrilling-fifth-day-at-the-bough-beech-icicle-series-2026,/stories/racing-thrilling-fifth-day-at-the-bough-beech-icicle-series-2026,301,Racing: The Action Heats Up Despite the Chill on the 5th Day of Bough Beech Icicle Series 2026
article redirect,https://oldseadogs.com/racing/majestic-days-at-the-royal-varuna-yacht-club-championship/,/racing/majestic-days-at-the-royal-varuna-yacht-club-championship/,https://www.oldseadogs.com/stories/racing-majestic-days-at-the-royal-varuna-yacht-club-championship,/stories/racing-majestic-days-at-the-royal-varuna-yacht-club-championship,301,Racing: Sailing Enthusiasts Revel in the Splendour of the Royal Varuna Yacht Club Masters Championship
article redirect,https://oldseadogs.com/news/the-royal-yachting-association-celebrates-one-year-of-reflections-on-water/,/news/the-royal-yachting-association-celebrates-one-year-of-reflections-on-water/,https://www.oldseadogs.com/stories/news-the-royal-yachting-association-celebrates-one-year-of-reflections-on-water,/stories/news-the-royal-yachting-association-celebrates-one-year-of-reflections-on-water,301,"News: A Year of Progress: RYA's 'Reflections on Water' Highlights People, Initiatives and Accessible Watersports"
article redirect,https://oldseadogs.com/news/construction-underway-on-seventh-codecasa-43-yacht/,/news/construction-underway-on-seventh-codecasa-43-yacht/,https://www.oldseadogs.com/stories/news-construction-underway-on-seventh-codecasa-43-yacht,/stories/news-construction-underway-on-seventh-codecasa-43-yacht,301,News: Italian Shipyard Codecasa Embarks on Construction of Spectacular Seventh Codecasa 43 Yacht
article redirect,https://oldseadogs.com/racing/lazarus-capital-partners-clinches-victory-in-18ft-skiff-balmain-cup/,/racing/lazarus-capital-partners-clinches-victory-in-18ft-skiff-balmain-cup/,https://www.oldseadogs.com/stories/racing-lazarus-capital-partners-clinches-victory-in-18ft-skiff-balmain-cup,/stories/racing-lazarus-capital-partners-clinches-victory-in-18ft-skiff-balmain-cup,301,Racing: The Thrill of Victory Swells for Lazarus Capital Partners in 18ft Skiff Balmain Cup Adversities
article redirect,https://oldseadogs.com/news/the-ocean-race-atlantic-2026/,/news/the-ocean-race-atlantic-2026/,https://www.oldseadogs.com/stories/news-the-ocean-race-atlantic-2026,/stories/news-the-ocean-race-atlantic-2026,301,News: 11th Hour Racing Named Impact Partner of The Ocean Race Atlantic 2026
article redirect,https://oldseadogs.com/news/unprecedented-growth-next-yacht-groups-100m-record-year/,/news/unprecedented-growth-next-yacht-groups-100m-record-year/,https://www.oldseadogs.com/stories/news-unprecedented-growth-next-yacht-groups-100m-record-year,/stories/news-unprecedented-growth-next-yacht-groups-100m-record-year,301,News: Next Yacht Group Celebrates Stellar Performance Hitting €100M Mark in 2025: A High-Seas Success Story
article redirect,https://oldseadogs.com/news/worlds-first-vx-one-championship-to-launch-in-miami-2027/,/news/worlds-first-vx-one-championship-to-launch-in-miami-2027/,https://www.oldseadogs.com/stories/news-worlds-first-vx-one-championship-to-launch-in-miami-2027,/stories/news-worlds-first-vx-one-championship-to-launch-in-miami-2027,301,"News: Miami Gears for Grand Sailing Showdown: Inaugural VX One World Championship, 2027"
article redirect,https://oldseadogs.com/news/australian-olympic-medalist-jensen-joins-team-nz/,/news/australian-olympic-medalist-jensen-joins-team-nz/,https://www.oldseadogs.com/stories/news-australian-olympic-medalist-jensen-joins-team-nz,/stories/news-australian-olympic-medalist-jensen-joins-team-nz,301,"News: Bolstering Ranks: Iain Jensen, Olympic Gold Medalist, Joins Emirates Team New Zealand"
article redirect,https://oldseadogs.com/boat-reviews/dutch-shipyard-moonen-yachts-commences-work-on-tenth-122-martinique-model/,/boat-reviews/dutch-shipyard-moonen-yachts-commences-work-on-tenth-122-martinique-model/,https://www.oldseadogs.com/stories/boat-reviews-dutch-shipyard-moonen-yachts-commences-work-on-tenth-122-martinique-model,/stories/boat-reviews-dutch-shipyard-moonen-yachts-commences-work-on-tenth-122-martinique-model,301,"Boat Reviews: Voyage Begins for the Tenth Moonen 122 Martinique Yacht, Embracing High-Art Interiors by Vripack"
article redirect,https://oldseadogs.com/news/newly-announced-superyacht-over-100m-sold-by-abeking-rasmussen/,/news/newly-announced-superyacht-over-100m-sold-by-abeking-rasmussen/,https://www.oldseadogs.com/stories/news-newly-announced-superyacht-over-100m-sold-by-abeking-rasmussen,/stories/news-newly-announced-superyacht-over-100m-sold-by-abeking-rasmussen,301,News: Abeking & Rasmussen Sparks Interest by Announcing Sale of a Grand 100+ Metres Superyacht
article redirect,https://oldseadogs.com/news/opulence-at-sea-the-luxurious-78m-rocinante-is-now-up-for-grabs/,/news/opulence-at-sea-the-luxurious-78m-rocinante-is-now-up-for-grabs/,https://www.oldseadogs.com/stories/news-opulence-at-sea-the-luxurious-78m-rocinante-is-now-up-for-grabs,/stories/news-opulence-at-sea-the-luxurious-78m-rocinante-is-now-up-for-grabs,301,"News: Explore the Lavish Lürssen Superyacht Rocinante, Now Listed for Sale"
article redirect,https://oldseadogs.com/gear/simrad-unveils-autonomous-boat-docking-system/,/gear/simrad-unveils-autonomous-boat-docking-system/,https://www.oldseadogs.com/stories/gear-simrad-unveils-autonomous-boat-docking-system,/stories/gear-simrad-unveils-autonomous-boat-docking-system,301,Gear: The Future of Boating: Simrad Launches AutoCaptain Autonomous Boating System For Hassle-Free Docking
article redirect,https://oldseadogs.com/boat-reviews/tuxedo-yachting-house-transforms-superyacht-sector-with-aluminium-masterpiece/,/boat-reviews/tuxedo-yachting-house-transforms-superyacht-sector-with-aluminium-masterpiece/,https://www.oldseadogs.com/stories/boat-reviews-tuxedo-yachting-house-transforms-superyacht-sector-with-aluminium-masterpiece,/stories/boat-reviews-tuxedo-yachting-house-transforms-superyacht-sector-with-aluminium-masterpiece,301,Boat Reviews: History Reinvents Itself as Tuxedo Yachting House Pushes Boundaries with New Aluminium Superyacht - Ceccarelli 40
article redirect,https://oldseadogs.com/news/a-familiar-leader-takes-charge-navigating-numarines-next-phase/,/news/a-familiar-leader-takes-charge-navigating-numarines-next-phase/,https://www.oldseadogs.com/stories/news-a-familiar-leader-takes-charge-navigating-numarines-next-phase,/stories/news-a-familiar-leader-takes-charge-navigating-numarines-next-phase,301,"News: Ex-CEO Patrik von Sydow Returns to Numarine, Setting Sail for New Horizons in the Exploration Yacht Market"
article redirect,https://oldseadogs.com/news/breaking-waves-the-first-ever-all-female-crew-circumnavigating-non-stop/,/news/breaking-waves-the-first-ever-all-female-crew-circumnavigating-non-stop/,https://www.oldseadogs.com/stories/news-breaking-waves-the-first-ever-all-female-crew-circumnavigating-non-stop,/stories/news-breaking-waves-the-first-ever-all-female-crew-circumnavigating-non-stop,301,News: Daring to Break Records: Celebrating the First All-Female Crew's Non-Stop Global Circumnavigation
article redirect,https://oldseadogs.com/news/rossinavi-unveils-wing-breaking-53m-superyacht-heed/,/news/rossinavi-unveils-wing-breaking-53m-superyacht-heed/,https://www.oldseadogs.com/stories/news-rossinavi-unveils-wing-breaking-53m-superyacht-heed,/stories/news-rossinavi-unveils-wing-breaking-53m-superyacht-heed,301,"News: Under Wraps Until Now, Rossinavi's 53m Superyacht 'Heed' Finally Sees the Light of Day"
article redirect,https://oldseadogs.com/news/the-inaugural-antigua-racing-cup-arrives-in-2026/,/news/the-inaugural-antigua-racing-cup-arrives-in-2026/,https://www.oldseadogs.com/stories/news-the-inaugural-antigua-racing-cup-arrives-in-2026,/stories/news-the-inaugural-antigua-racing-cup-arrives-in-2026,301,News: The Inaugural Antigua Racing Cup Arrives in 2026
article redirect,https://oldseadogs.com/boat-shows/yachtings-global-reveal-boot-d%C3%BCsseldorf-2026/,/boat-shows/yachtings-global-reveal-boot-d%C3%BCsseldorf-2026/,https://www.oldseadogs.com/stories/boat-shows-yachtings-global-reveal-boot-dusseldorf-2026,/stories/boat-shows-yachtings-global-reveal-boot-dusseldorf-2026,301,Shows: Boost in International Visitors as boot Düsseldorf 2026 Unveils Elite 24m+ Yachts Amid Strengthening Demand
article redirect,https://oldseadogs.com/boat-shows/boot-d%C3%BCsseldorf-2026-the-global-marine-industry-regains-its-momentum/,/boat-shows/boot-d%C3%BCsseldorf-2026-the-global-marine-industry-regains-its-momentum/,https://www.oldseadogs.com/stories/boat-shows-boot-dusseldorf-2026-the-global-marine-industry-regains-its-momentum,/stories/boat-shows-boot-dusseldorf-2026-the-global-marine-industry-regains-its-momentum,301,"Shows: Strong Sales, Global Energy and Record International Reach Mark a Breakout boot Düsseldorf 2026"
article redirect,https://oldseadogs.com/boat-reviews/four-exceptional-motor-boats-that-offer-bang-for-your-buck/,/boat-reviews/four-exceptional-motor-boats-that-offer-bang-for-your-buck/,https://www.oldseadogs.com/stories/boat-reviews-four-exceptional-motor-boats-that-offer-bang-for-your-buck,/stories/boat-reviews-four-exceptional-motor-boats-that-offer-bang-for-your-buck,301,Boat Reviews: Discover Four Luxury Motor Boats Offering Serious Value Right Now
article redirect,https://oldseadogs.com/news/sailgp-lands-in-rio-foiling-at-full-flight-beneath-sugarloaf/,/news/sailgp-lands-in-rio-foiling-at-full-flight-beneath-sugarloaf/,https://www.oldseadogs.com/stories/news-sailgp-lands-in-rio-foiling-at-full-flight-beneath-sugarloaf,/stories/news-sailgp-lands-in-rio-foiling-at-full-flight-beneath-sugarloaf,301,News: Foiling at Full Flight Beneath Sugarloaf
article redirect,https://oldseadogs.com/racing/spectacular-small-club-triumph-one-metre-world-championships/,/racing/spectacular-small-club-triumph-one-metre-world-championships/,https://www.oldseadogs.com/stories/racing-spectacular-small-club-triumph-one-metre-world-championships,/stories/racing-spectacular-small-club-triumph-one-metre-world-championships,301,Racing: Journey to the Unforgettable One Metre World Championships in Remote Queensland
article redirect,https://oldseadogs.com/news/sydney-harbour-regatta-celebrating-21-years-of-nautical-thrills/,/news/sydney-harbour-regatta-celebrating-21-years-of-nautical-thrills/,https://www.oldseadogs.com/stories/news-sydney-harbour-regatta-celebrating-21-years-of-nautical-thrills,/stories/news-sydney-harbour-regatta-celebrating-21-years-of-nautical-thrills,301,News: Mark Your Calendar for the 21st Nautilus Marine Insurance Sydney Harbour Regatta 2026: Action-Packed Weekend Unfolds!
article redirect,https://oldseadogs.com/news/cass-yacht-design-and-aes-yacht-two-fascinating-superyacht-concepts/,/news/cass-yacht-design-and-aes-yacht-two-fascinating-superyacht-concepts/,https://www.oldseadogs.com/stories/news-cass-yacht-design-and-aes-yacht-two-fascinating-superyacht-concepts,/stories/news-cass-yacht-design-and-aes-yacht-two-fascinating-superyacht-concepts,301,News: AES Yacht and Cass Yacht Design Celebrate Collaboration with Groundbreaking 50m and 70m Superyacht Concepts
article redirect,https://oldseadogs.com/boat-shows/immersive-boat-shows-and-marvellous-marine-innovations-of-2025/,/boat-shows/immersive-boat-shows-and-marvellous-marine-innovations-of-2025/,https://www.oldseadogs.com/stories/boat-shows-immersive-boat-shows-and-marvellous-marine-innovations-of-2025,/stories/boat-shows-immersive-boat-shows-and-marvellous-marine-innovations-of-2025,301,"Shows: A voyage through the 2025 boat season: Dazzling innovations, tugboat chic, and the rise of sociable cruising"
article redirect,https://oldseadogs.com/boat-reviews/introducing-the-35m-bee-explorer-a-compact-marine-wonder/,/boat-reviews/introducing-the-35m-bee-explorer-a-compact-marine-wonder/,https://www.oldseadogs.com/stories/boat-reviews-introducing-the-35m-bee-explorer-a-compact-marine-wonder,/stories/boat-reviews-introducing-the-35m-bee-explorer-a-compact-marine-wonder,301,Boat Reviews: Discover the Bee Explorer: A Pocket-Sized Superyacht with Long-Range Cruising Capabilities
article redirect,https://oldseadogs.com/boat-reviews/italian-family-shipyards-immersed-in-superyacht-refit-excellence/,/boat-reviews/italian-family-shipyards-immersed-in-superyacht-refit-excellence/,https://www.oldseadogs.com/stories/boat-reviews-italian-family-shipyards-immersed-in-superyacht-refit-excellence,/stories/boat-reviews-italian-family-shipyards-immersed-in-superyacht-refit-excellence,301,Boat Reviews: Mastering the Art of Superyacht Refit: The Starry Tale of Amico & Co's Genoa Shipyards
article redirect,https://oldseadogs.com/news/revolutionary-works-and-innovations-of-custom-italian-shipyard-crn/,/news/revolutionary-works-and-innovations-of-custom-italian-shipyard-crn/,https://www.oldseadogs.com/stories/news-revolutionary-works-and-innovations-of-custom-italian-shipyard-crn,/stories/news-revolutionary-works-and-innovations-of-custom-italian-shipyard-crn,301,News: Discover the Innovations and Future Plans of Italian Custom Shipyard CRN
article redirect,https://oldseadogs.com/news/unveiling-the-upcoming-euromarina-optimist-torrevieja-2026-regatta/,/news/unveiling-the-upcoming-euromarina-optimist-torrevieja-2026-regatta/,https://www.oldseadogs.com/stories/news-unveiling-the-upcoming-euromarina-optimist-torrevieja-2026-regatta,/stories/news-unveiling-the-upcoming-euromarina-optimist-torrevieja-2026-regatta,301,News: Promising Excitement on the Water: The Much-Anticipated Euromarina Optimist Torrevieja 2026 Regatta
article redirect,https://oldseadogs.com/lifestyle/blue-legend-the-creation-story-of-a-custom-nelson-80-motor-yacht/,/lifestyle/blue-legend-the-creation-story-of-a-custom-nelson-80-motor-yacht/,https://www.oldseadogs.com/stories/lifestyle-blue-legend-the-creation-story-of-a-custom-nelson-80-motor-yacht,/stories/lifestyle-blue-legend-the-creation-story-of-a-custom-nelson-80-motor-yacht,301,"Lifestyle: Discover Blue Legend, the Super Yacht Born of an Ambitious Dream and Unbridled Enthusiasm for the Sea"
article redirect,https://oldseadogs.com/boat-reviews/dutch-shipbuilders-heesen-unveil-second-hull-in-new-class-of-superyachts/,/boat-reviews/dutch-shipbuilders-heesen-unveil-second-hull-in-new-class-of-superyachts/,https://www.oldseadogs.com/stories/boat-reviews-dutch-shipbuilders-heesen-unveil-second-hull-in-new-class-of-superyachts,/stories/boat-reviews-dutch-shipbuilders-heesen-unveil-second-hull-in-new-class-of-superyachts,301,Boat Reviews: Ground-breaking second hull in Heesen’s 'new class' of superyachts revealed - welcome aboard the Project Evita
article redirect,https://oldseadogs.com/masterclass/international-safety-at-sea-a-one-day-course-spotlight/,/masterclass/international-safety-at-sea-a-one-day-course-spotlight/,https://www.oldseadogs.com/stories/masterclass-international-safety-at-sea-a-one-day-course-spotlight,/stories/masterclass-international-safety-at-sea-a-one-day-course-spotlight,301,Masterclass: Harnessing the Adventure of the Sea Safely: A Deep Dive into the International Safety at Sea Course
article redirect,https://oldseadogs.com/racing/an-exciting-start-to-the-flying-dutchman-australian-championship-2026/,/racing/an-exciting-start-to-the-flying-dutchman-australian-championship-2026/,https://www.oldseadogs.com/stories/racing-an-exciting-start-to-the-flying-dutchman-australian-championship-2026,/stories/racing-an-exciting-start-to-the-flying-dutchman-australian-championship-2026,301,"Racing: Day 1 & 2 of the Flying Dutchman Australian Championship 2026: A Rollercoaster of Skill, Strategy and Sailing!"
article redirect,https://oldseadogs.com/news/hans-kortlevers-brings-fresh-vision-after-purchasing-jongert-yachts/,/news/hans-kortlevers-brings-fresh-vision-after-purchasing-jongert-yachts/,https://www.oldseadogs.com/stories/news-hans-kortlevers-brings-fresh-vision-after-purchasing-jongert-yachts,/stories/news-hans-kortlevers-brings-fresh-vision-after-purchasing-jongert-yachts,301,News: Revolution in the Horizon: Dutch Entrepreneur Hans Kortlevers Acquires Renowned Jongert Yachts
article redirect,https://oldseadogs.com/news/breath-taking-battles-at-ilca-under-21-world-championships-2026/,/news/breath-taking-battles-at-ilca-under-21-world-championships-2026/,https://www.oldseadogs.com/stories/news-breath-taking-battles-at-ilca-under-21-world-championships-2026,/stories/news-breath-taking-battles-at-ilca-under-21-world-championships-2026,301,"News: Breath-taking Struggles in the ILCA Under 21 World Championships 2026, Where Top Spots Are Fought Tooth and Nail"
article redirect,https://oldseadogs.com/racing/championed-sailors-compete-in-lanzarote-at-under-21-world-championships-2026/,/racing/championed-sailors-compete-in-lanzarote-at-under-21-world-championships-2026/,https://www.oldseadogs.com/stories/racing-championed-sailors-compete-in-lanzarote-at-under-21-world-championships-2026,/stories/racing-championed-sailors-compete-in-lanzarote-at-under-21-world-championships-2026,301,Racing: Fierce Competition on Day Five: ILCA Under 21 World Championships 2026 in Lanzarote
article redirect,https://oldseadogs.com/racing/bacardi-winter-series-nautical-champions-gear-up/,/racing/bacardi-winter-series-nautical-champions-gear-up/,https://www.oldseadogs.com/stories/racing-bacardi-winter-series-nautical-champions-gear-up,/stories/racing-bacardi-winter-series-nautical-champions-gear-up,301,Racing: All Set for an Exciting Start: The Bacardi Winter Series Sailing Regatta Kicks Off
article redirect,https://oldseadogs.com/news/grand-departure-oyster-world-rally-2026-2027-embarks-from-antigua/,/news/grand-departure-oyster-world-rally-2026-2027-embarks-from-antigua/,https://www.oldseadogs.com/stories/news-grand-departure-oyster-world-rally-2026-2027-embarks-from-antigua,/stories/news-grand-departure-oyster-world-rally-2026-2027-embarks-from-antigua,301,News: An Unforgettable Adventure Begins: Oyster Owners Embark on 16-month Circumnavigation in the 2026-2027 Oyster World Rally
article redirect,https://oldseadogs.com/news/last-call-for-the-annual-womens-regatta-camp-at-st.-thomas/,/news/last-call-for-the-annual-womens-regatta-camp-at-st.-thomas/,https://www.oldseadogs.com/stories/news-last-call-for-the-annual-womens-regatta-camp-at-st-thomas,/stories/news-last-call-for-the-annual-womens-regatta-camp-at-st-thomas,301,"News: Immerse in a 5-Day Women-focused Sailing Camp at St. Thomas: A Perfect Blend of Learning, Racing, and Revelry"
article redirect,https://oldseadogs.com/news/luxurious-custom-line-navetta-37-motor-yacht-sokny-changes-hands/,/news/luxurious-custom-line-navetta-37-motor-yacht-sokny-changes-hands/,https://www.oldseadogs.com/stories/news-luxurious-custom-line-navetta-37-motor-yacht-sokny-changes-hands,/stories/news-luxurious-custom-line-navetta-37-motor-yacht-sokny-changes-hands,301,News: Prestigious Navetta 37 Model Yacht Sokny Finds New Owner in Exclusive Sale
article redirect,https://oldseadogs.com/news/response-from-tisg-to-legal-proceedings-involving-ill-fated-yacht-bayesian/,/news/response-from-tisg-to-legal-proceedings-involving-ill-fated-yacht-bayesian/,https://www.oldseadogs.com/stories/news-response-from-tisg-to-legal-proceedings-involving-ill-fated-yacht-bayesian,/stories/news-response-from-tisg-to-legal-proceedings-involving-ill-fated-yacht-bayesian,301,News: Italian Sea Group Responds to Press Reports Over Legal Proceedings Resulting from Bayesian Yacht Tragedy
article redirect,https://oldseadogs.com/news/sale-of-the-extravagant-32m-sanlorenzo-sl106-motor-yacht-piacere-iii/,/news/sale-of-the-extravagant-32m-sanlorenzo-sl106-motor-yacht-piacere-iii/,https://www.oldseadogs.com/stories/news-sale-of-the-extravagant-32m-sanlorenzo-sl106-motor-yacht-piacere-iii,/stories/news-sale-of-the-extravagant-32m-sanlorenzo-sl106-motor-yacht-piacere-iii,301,News: The Lavish Italian-built Sanlorenzo SL106 M/Y Piacere III Finds a New Home
article redirect,https://oldseadogs.com/news/steven-chapman-takes-helm-as-new-vp-of-marketing-at-denison-yachting/,/news/steven-chapman-takes-helm-as-new-vp-of-marketing-at-denison-yachting/,https://www.oldseadogs.com/stories/news-steven-chapman-takes-helm-as-new-vp-of-marketing-at-denison-yachting,/stories/news-steven-chapman-takes-helm-as-new-vp-of-marketing-at-denison-yachting,301,News: Navigating New Waters: How Steven Chapman's Appointment as VP of Marketing Bolsters Denison Yachting's Growth and Innovation
article redirect,https://oldseadogs.com/boat-reviews/the-future-of-sustainable-coatings-in-yacht-refits/,/boat-reviews/the-future-of-sustainable-coatings-in-yacht-refits/,https://www.oldseadogs.com/stories/boat-reviews-the-future-of-sustainable-coatings-in-yacht-refits,/stories/boat-reviews-the-future-of-sustainable-coatings-in-yacht-refits,301,Boat Reviews: Exploring the Impact of Environmental Regulations and Sustainability Goals on Yacht Refit Coatings
article redirect,https://oldseadogs.com/news/the-green-transformation-of-superyacht-refitting/,/news/the-green-transformation-of-superyacht-refitting/,https://www.oldseadogs.com/stories/news-the-green-transformation-of-superyacht-refitting,/stories/news-the-green-transformation-of-superyacht-refitting,301,News: How Environmental Regulations and Sustainability Goals are Redefining Superyacht Paint Refits
article redirect,https://oldseadogs.com/gear/the-impact-of-sustainability-on-yacht-coatings/,/gear/the-impact-of-sustainability-on-yacht-coatings/,https://www.oldseadogs.com/stories/gear-the-impact-of-sustainability-on-yacht-coatings,/stories/gear-the-impact-of-sustainability-on-yacht-coatings,301,Gear: How Environmental Regulations and Sustainability Goals are Changing the Yacht Coatings Industry
article redirect,https://oldseadogs.com/boat-reviews/westport-yachts-unveils-sensational-first-41m-rph-model/,/boat-reviews/westport-yachts-unveils-sensational-first-41m-rph-model/,https://www.oldseadogs.com/stories/boat-reviews-westport-yachts-unveils-sensational-first-41m-rph-model,/stories/boat-reviews-westport-yachts-unveils-sensational-first-41m-rph-model,301,Boat Reviews: Westport Yachts breaks from dock with the first yacht of its innovative 41-meter Raised Pilothouse series
article redirect,https://oldseadogs.com/news/award-winning-superyacht-50-shades-of-play-hits-the-market/,/news/award-winning-superyacht-50-shades-of-play-hits-the-market/,https://www.oldseadogs.com/stories/news-award-winning-superyacht-50-shades-of-play-hits-the-market,/stories/news-award-winning-superyacht-50-shades-of-play-hits-the-market,301,News: Excitement Builds as 34-Meter Yacht ‘50 Shades of Play’ Emerges for the First-Time in Brokerage Market
article redirect,https://oldseadogs.com/boat-shows/exploring-maltas-maritime-gem-the-melita-marine-group/,/boat-shows/exploring-maltas-maritime-gem-the-melita-marine-group/,https://www.oldseadogs.com/stories/boat-shows-exploring-maltas-maritime-gem-the-melita-marine-group,/stories/boat-shows-exploring-maltas-maritime-gem-the-melita-marine-group,301,Shows: The Valetta Voyage - Embarking on a Dynamic Journey with Malta's Own Melita Marine Group
article redirect,https://oldseadogs.com/news/first-sunseeker-134-yacht-model-sold-to-an-american-owner/,/news/first-sunseeker-134-yacht-model-sold-to-an-american-owner/,https://www.oldseadogs.com/stories/news-first-sunseeker-134-yacht-model-sold-to-an-american-owner,/stories/news-first-sunseeker-134-yacht-model-sold-to-an-american-owner,301,News: Right Off the Racks! First Model of the Sunseeker 134 Yacht Acquired by an American Aficionado
article redirect,https://oldseadogs.com/news/legacy-of-late-dinghy-racing-icon-alan-aj-johnson/,/news/legacy-of-late-dinghy-racing-icon-alan-aj-johnson/,https://www.oldseadogs.com/stories/news-legacy-of-late-dinghy-racing-icon-alan-aj-johnson,/stories/news-legacy-of-late-dinghy-racing-icon-alan-aj-johnson,301,News: Remembering Alan 'AJ' Johnson: Icon of UK Dinghy Racing Across Multiple Classes
article redirect,https://oldseadogs.com/masterclass/mastering-boats-trim-for-smoother-sailing/,/masterclass/mastering-boats-trim-for-smoother-sailing/,https://www.oldseadogs.com/stories/masterclass-mastering-boats-trim-for-smoother-sailing,/stories/masterclass-mastering-boats-trim-for-smoother-sailing,301,"Masterclass: Expert Advice: Master Your Boat’s Trim for a Smoother, Economical and Safer Sailing Experience"
article redirect,https://oldseadogs.com/news/spectacular-stopover-at-airlie-beach-for-the-clipper-round-the-world-yacht-race/,/news/spectacular-stopover-at-airlie-beach-for-the-clipper-round-the-world-yacht-race/,https://www.oldseadogs.com/stories/news-spectacular-stopover-at-airlie-beach-for-the-clipper-round-the-world-yacht-race,/stories/news-spectacular-stopover-at-airlie-beach-for-the-clipper-round-the-world-yacht-race,301,News: The Clipper Round the World Yacht Race Participants Relish an Exhilarating Stopover in the Midst of Tropical Cyclone at Airlie Beach
article redirect,https://oldseadogs.com/news/turkeys-spectacular-superyacht-reveal-introducing-m/y-angelique/,/news/turkeys-spectacular-superyacht-reveal-introducing-m/y-angelique/,https://www.oldseadogs.com/stories/news-y-angelique,/stories/news-y-angelique,301,"News: Witness the Epoch of Turkish Yacht Building: Meet M/Y Angelique, the Nation's Largest Craft"
article redirect,https://oldseadogs.com/news/innovative-triumphs-at-2026-motor-boat-awards/,/news/innovative-triumphs-at-2026-motor-boat-awards/,https://www.oldseadogs.com/stories/news-innovative-triumphs-at-2026-motor-boat-awards,/stories/news-innovative-triumphs-at-2026-motor-boat-awards,301,News: Unveiling the Pioneers of the Seas: Winners of the 2026 Motor Boat Awards
article redirect,https://oldseadogs.com/news/kkcg-maritime-boosts-stake-in-ferretti-amid-tense-shareholder-politics/,/news/kkcg-maritime-boosts-stake-in-ferretti-amid-tense-shareholder-politics/,https://www.oldseadogs.com/stories/news-kkcg-maritime-boosts-stake-in-ferretti-amid-tense-shareholder-politics,/stories/news-kkcg-maritime-boosts-stake-in-ferretti-amid-tense-shareholder-politics,301,"News: Amid Geopolitical Tensions and Corporate Strain, KKCG Maritime Ups the Ante in Ferretti's Quandary"
article redirect,https://oldseadogs.com/news/launch-of-second-steeler-ocean-explorer-85-yacht-moss/,/news/launch-of-second-steeler-ocean-explorer-85-yacht-moss/,https://www.oldseadogs.com/stories/news-launch-of-second-steeler-ocean-explorer-85-yacht-moss,/stories/news-launch-of-second-steeler-ocean-explorer-85-yacht-moss,301,News: Steeler Yachts Hits the Waves with a Second Unit from Their Impressive Ocean Explorer 85 Yacht Series: Meet Moss
article redirect,https://oldseadogs.com/news/revolutionary-av/it-training-programme-for-yacht-crews-launched/,/news/revolutionary-av/it-training-programme-for-yacht-crews-launched/,https://www.oldseadogs.com/stories/news-it-training-programme-for-yacht-crews-launched,/stories/news-it-training-programme-for-yacht-crews-launched,301,News: Revolutionising the Yachting Sector: AV/IT Training Programme Empowers Crew with Essential Technical Skills
article redirect,https://oldseadogs.com/racing/selection-process-begins-for-britains-youth-americas-cup-team/,/racing/selection-process-begins-for-britains-youth-americas-cup-team/,https://www.oldseadogs.com/stories/racing-selection-process-begins-for-britains-youth-americas-cup-team,/stories/racing-selection-process-begins-for-britains-youth-americas-cup-team,301,Racing: Golden Opportunity: Britain's Youth America's Cup Team Kick-starts Selection Process Under Guidance of Hannah Mills
article redirect,https://oldseadogs.com/news/superyacht-reality-campaign-portrays-real-life-on-a-yacht/,/news/superyacht-reality-campaign-portrays-real-life-on-a-yacht/,https://www.oldseadogs.com/stories/news-superyacht-reality-campaign-portrays-real-life-on-a-yacht,/stories/news-superyacht-reality-campaign-portrays-real-life-on-a-yacht,301,News: Industry Initiative 'Superyacht Reality' Launches to Showcase the True Experience of Life at Sea
article redirect,https://oldseadogs.com/boat-reviews/unveiling-of-aiatas-new-flagship-the-sunfinder-50/,/boat-reviews/unveiling-of-aiatas-new-flagship-the-sunfinder-50/,https://www.oldseadogs.com/stories/boat-reviews-unveiling-of-aiatas-new-flagship-the-sunfinder-50,/stories/boat-reviews-unveiling-of-aiatas-new-flagship-the-sunfinder-50,301,"Boat Reviews: Step Inside the Bold Evolution of Mediterranean Living Afloat: Aiata's Striking Flagship, the Sunfinder 50"
article redirect,https://oldseadogs.com/gear/introducing-the-modernised-vaikobi-gen2-v-grip-gloves/,/gear/introducing-the-modernised-vaikobi-gen2-v-grip-gloves/,https://www.oldseadogs.com/stories/gear-introducing-the-modernised-vaikobi-gen2-v-grip-gloves,/stories/gear-introducing-the-modernised-vaikobi-gen2-v-grip-gloves,301,Gear: Vaikobi Revolutionises Sailing Gloves with Launch of Gen2 V-Grip for Enhanced Protection
article redirect,https://oldseadogs.com/racing/anticipation-surges-for-round-the-island-race-2026-incredible-discounts-for-early-bird-entries/,/racing/anticipation-surges-for-round-the-island-race-2026-incredible-discounts-for-early-bird-entries/,https://www.oldseadogs.com/stories/racing-anticipation-surges-for-round-the-island-race-2026-incredible-discounts-for-early-bird-en,/stories/racing-anticipation-surges-for-round-the-island-race-2026-incredible-discounts-for-early-bird-en,301,Racing: Enthusiasm grows as Round The Island Race 2026 draws near; substantial discounts for those who jump on board early
article redirect,https://oldseadogs.com/boat-reviews/unveiling-the-magnificence-of-beneteau-first-60/,/boat-reviews/unveiling-the-magnificence-of-beneteau-first-60/,https://www.oldseadogs.com/stories/boat-reviews-unveiling-the-magnificence-of-beneteau-first-60,/stories/boat-reviews-unveiling-the-magnificence-of-beneteau-first-60,301,Boat Reviews: Experience the Unparalleled Luxury and Superior Performance of the Beneteau FIRST 60
article redirect,https://oldseadogs.com/racing/2026-chemical-riders-event-sets-records-and-points-to-worlds/,/racing/2026-chemical-riders-event-sets-records-and-points-to-worlds/,https://www.oldseadogs.com/stories/racing-2026-chemical-riders-event-sets-records-and-points-to-worlds,/stories/racing-2026-chemical-riders-event-sets-records-and-points-to-worlds,301,"Racing: The 2026 Chemical Riders Event: A Breakthrough Moment In Windsurfing, Setting A Course For A Future 4 Challenger World Cup"
article redirect,https://oldseadogs.com/news/chemical-riders-2026-reinforces-east-med-windsurfing-power-preps-for-melges-24-world-championship/,/news/chemical-riders-2026-reinforces-east-med-windsurfing-power-preps-for-melges-24-world-championship/,https://www.oldseadogs.com/stories/news-chemical-riders-2026-reinforces-east-med-windsurfing-power-preps-for-melges-24-world-champi,/stories/news-chemical-riders-2026-reinforces-east-med-windsurfing-power-preps-for-melges-24-world-champi,301,News: 2026 Chemical Riders Event Ushers New Era For Eastern Mediterranean Windsurfing; On Track For 4-Star Challenger World Cup Status
article redirect,https://oldseadogs.com/boat-reviews/first-time-listing-of-this-is-it-a-spectacular-tecnomar-catamaran/,/boat-reviews/first-time-listing-of-this-is-it-a-spectacular-tecnomar-catamaran/,https://www.oldseadogs.com/stories/boat-reviews-first-time-listing-of-this-is-it-a-spectacular-tecnomar-catamaran,/stories/boat-reviews-first-time-listing-of-this-is-it-a-spectacular-tecnomar-catamaran,301,Boat Reviews: The Exhilarating 43.5m Tecnomar Catamaran 'This Is It' Debuts in the Brokerage Market
article redirect,https://oldseadogs.com/news/lessons-in-preparedness-the-impact-of-caribbean-airspace-closure-on-yacht-charter-industry/,/news/lessons-in-preparedness-the-impact-of-caribbean-airspace-closure-on-yacht-charter-industry/,https://www.oldseadogs.com/stories/news-lessons-in-preparedness-the-impact-of-caribbean-airspace-closure-on-yacht-charter-industry,/stories/news-lessons-in-preparedness-the-impact-of-caribbean-airspace-closure-on-yacht-charter-industry,301,News: How The Uncertain Waves of Geopolitics and Insurance Transform the Yacht Chartering Industry: An Analysis
article redirect,https://oldseadogs.com/boat-reviews/turn-heads-with-the-standout-sanlorenzo-motor-yacht-glory-price-slashed-by-1.5m/,/boat-reviews/turn-heads-with-the-standout-sanlorenzo-motor-yacht-glory-price-slashed-by-1.5m/,https://www.oldseadogs.com/stories/boat-reviews-turn-heads-with-the-standout-sanlorenzo-motor-yacht-glory-price-slashed-by-1-5m,/stories/boat-reviews-turn-heads-with-the-standout-sanlorenzo-motor-yacht-glory-price-slashed-by-1-5m,301,Boat Reviews: Experience Unmatched Luxury on the High Seas: Price Drop On The Esteemed 38m Sanlorenzo Motor Yacht Glory
article redirect,https://oldseadogs.com/boat-reviews/azimuts-flagship-flybridge-model-a-step-forward-in-luxury-yachting/,/boat-reviews/azimuts-flagship-flybridge-model-a-step-forward-in-luxury-yachting/,https://www.oldseadogs.com/stories/boat-reviews-azimuts-flagship-flybridge-model-a-step-forward-in-luxury-yachting,/stories/boat-reviews-azimuts-flagship-flybridge-model-a-step-forward-in-luxury-yachting,301,Boat Reviews: Azimut Peddles Luxury with Flagship Design Unveiling: An Insight on the Fly 82 Interior
article redirect,https://oldseadogs.com/boat-reviews/classic-feadship-superyachts-worthing-a-look/,/boat-reviews/classic-feadship-superyachts-worthing-a-look/,https://www.oldseadogs.com/stories/boat-reviews-classic-feadship-superyachts-worthing-a-look,/stories/boat-reviews-classic-feadship-superyachts-worthing-a-look,301,Boat Reviews: Experience Marital History: Classic Feadship Superyachts for Future Custodians
article redirect,https://oldseadogs.com/boat-shows/debut-of-the-innovative-greenline-42-the-height-of-versatility/,/boat-shows/debut-of-the-innovative-greenline-42-the-height-of-versatility/,https://www.oldseadogs.com/stories/boat-shows-debut-of-the-innovative-greenline-42-the-height-of-versatility,/stories/boat-shows-debut-of-the-innovative-greenline-42-the-height-of-versatility,301,Shows: The Greenline 42 Makes Waves with its Semi-custom Design and Advanced Solar Technology.
article redirect,https://oldseadogs.com/boat-reviews/greenline-42-makes-its-debut-a-versatile-and-efficient-cruiser/,/boat-reviews/greenline-42-makes-its-debut-a-versatile-and-efficient-cruiser/,https://www.oldseadogs.com/stories/boat-reviews-greenline-42-makes-its-debut-a-versatile-and-efficient-cruiser,/stories/boat-reviews-greenline-42-makes-its-debut-a-versatile-and-efficient-cruiser,301,Boat Reviews: World Premiere of Greenline 42: A Solar Power Advanced Cruiser Offering Semi-Custom Approach
article redirect,https://oldseadogs.com/news/mengi-yay-celebrates-sale-of-first-in-build-nl-plus-52-yacht/,/news/mengi-yay-celebrates-sale-of-first-in-build-nl-plus-52-yacht/,https://www.oldseadogs.com/stories/news-mengi-yay-celebrates-sale-of-first-in-build-nl-plus-52-yacht,/stories/news-mengi-yay-celebrates-sale-of-first-in-build-nl-plus-52-yacht,301,News: An Era Begins: Turkey's Mengi Yay Sells Inaugural NL Plus 52 Luxury Yacht
article redirect,https://oldseadogs.com/news/third-mangusta-gransport-34-yacht-to-be-delivered-to-uk-owner/,/news/third-mangusta-gransport-34-yacht-to-be-delivered-to-uk-owner/,https://www.oldseadogs.com/stories/news-third-mangusta-gransport-34-yacht-to-be-delivered-to-uk-owner,/stories/news-third-mangusta-gransport-34-yacht-to-be-delivered-to-uk-owner,301,News: Sea-Alliance Group Announces the Sale of a Prestigious Mangusta GranSport 34 Yacht to UK Owner
article redirect,https://oldseadogs.com/racing/a-month-into-the-jules-verne-trophy-attempt-sodebo-ultim-3-sustains-the-lead/,/racing/a-month-into-the-jules-verne-trophy-attempt-sodebo-ultim-3-sustains-the-lead/,https://www.oldseadogs.com/stories/racing-a-month-into-the-jules-verne-trophy-attempt-sodebo-ultim-3-sustains-the-lead,/stories/racing-a-month-into-the-jules-verne-trophy-attempt-sodebo-ultim-3-sustains-the-lead,301,Racing: A Thrilling Adventure on the High Seas: Sodebo Ultim 3 Keeps the Lead in Quest for the Jules Verne Trophy
article redirect,https://oldseadogs.com/news/isa-yachts-announces-sale-of-new-68m-superyacht-to-american-customer/,/news/isa-yachts-announces-sale-of-new-68m-superyacht-to-american-customer/,https://www.oldseadogs.com/stories/news-isa-yachts-announces-sale-of-new-68m-superyacht-to-american-customer,/stories/news-isa-yachts-announces-sale-of-new-68m-superyacht-to-american-customer,301,"News: A New, Custom-Made Luxury: ISA Gran Turismo Yacht Sold to Fortunate American Patron"
article redirect,https://oldseadogs.com/news/mid-atlantic-rescue-oyster-yacht-crew-save-stranded-solo-rower/,/news/mid-atlantic-rescue-oyster-yacht-crew-save-stranded-solo-rower/,https://www.oldseadogs.com/stories/news-mid-atlantic-rescue-oyster-yacht-crew-save-stranded-solo-rower,/stories/news-mid-atlantic-rescue-oyster-yacht-crew-save-stranded-solo-rower,301,News: Unexpected Valor: How Crew of Oyster Yacht 'Raven' Saved a Stranded Transatlantic Rower
article redirect,https://oldseadogs.com/racing/2026-rolex-sailgp-championship-kicks-off-in-perth/,/racing/2026-rolex-sailgp-championship-kicks-off-in-perth/,https://www.oldseadogs.com/stories/racing-2026-rolex-sailgp-championship-kicks-off-in-perth,/stories/racing-2026-rolex-sailgp-championship-kicks-off-in-perth,301,"Racing: Perth Celebrates Inaugural Event of the Rolex SailGP Championship 2026 Season, Anticipates High-Octane Performance"
article redirect,https://oldseadogs.com/news/banking-the-flames-addressing-fire-safety-in-the-yachting-world/,/news/banking-the-flames-addressing-fire-safety-in-the-yachting-world/,https://www.oldseadogs.com/stories/news-banking-the-flames-addressing-fire-safety-in-the-yachting-world,/stories/news-banking-the-flames-addressing-fire-safety-in-the-yachting-world,301,News: Navigating a Sea of Sparks: A Wake-Up Call for Fire Safety in the Yachting Sector
article redirect,https://oldseadogs.com/racing/excitement-builds-for-2026-etchells-west-coast-spring-series-at-san-diego-yacht-club/,/racing/excitement-builds-for-2026-etchells-west-coast-spring-series-at-san-diego-yacht-club/,https://www.oldseadogs.com/stories/racing-excitement-builds-for-2026-etchells-west-coast-spring-series-at-san-diego-yacht-club,/stories/racing-excitement-builds-for-2026-etchells-west-coast-spring-series-at-san-diego-yacht-club,301,Racing: The Thrill of Competitive Sailing: 2026 Etchells West Coast Spring Series Poised to Make Waves at San Diego Yacht Club
article redirect,https://oldseadogs.com/boat-shows/classic-35m-benetti-motor-yacht-stella-fiera-now-on-sale/,/boat-shows/classic-35m-benetti-motor-yacht-stella-fiera-now-on-sale/,https://www.oldseadogs.com/stories/boat-shows-classic-35m-benetti-motor-yacht-stella-fiera-now-on-sale,/stories/boat-shows-classic-35m-benetti-motor-yacht-stella-fiera-now-on-sale,301,"Shows: A Yachting Classic Reborn: The Timeless 35-meter Stella Fiera, an Iconic Benetti Creation, Hits the Market"
article redirect,https://oldseadogs.com/news/honoring-pete-hill-recipient-of-the-2025-blue-water-medal/,/news/honoring-pete-hill-recipient-of-the-2025-blue-water-medal/,https://www.oldseadogs.com/stories/news-honoring-pete-hill-recipient-of-the-2025-blue-water-medal,/stories/news-honoring-pete-hill-recipient-of-the-2025-blue-water-medal,301,News: Pete Hill's Lifetime of Adventure and Rig Expertise Recognized with CCA's Prestigious Blue Water Medal
article redirect,https://oldseadogs.com/news/accelerating-spains-yachting-competitiveness-a-vat-strategy/,/news/accelerating-spains-yachting-competitiveness-a-vat-strategy/,https://www.oldseadogs.com/stories/news-accelerating-spains-yachting-competitiveness-a-vat-strategy,/stories/news-accelerating-spains-yachting-competitiveness-a-vat-strategy,301,News: Sailing Towards a New Fiscal Horizon: A Proposed VAT Strategy to Boost Spain's Yachting Industry
article redirect,https://oldseadogs.com/boat-reviews/highlighting-the-highlight-crescent-lady-yacht/,/boat-reviews/highlighting-the-highlight-crescent-lady-yacht/,https://www.oldseadogs.com/stories/boat-reviews-highlighting-the-highlight-crescent-lady-yacht,/stories/boat-reviews-highlighting-the-highlight-crescent-lady-yacht,301,Boat Reviews: Stepping Inside the Crescent Lady: A Modern Statement in Yachting Luxury
article redirect,https://oldseadogs.com/news/price-reduction-on-luxurious-37m-motor-yacht-lady-betty/,/news/price-reduction-on-luxurious-37m-motor-yacht-lady-betty/,https://www.oldseadogs.com/stories/news-price-reduction-on-luxurious-37m-motor-yacht-lady-betty,/stories/news-price-reduction-on-luxurious-37m-motor-yacht-lady-betty,301,"News: Lady Betty, a Stunning 37m Motor Yacht with Elegant Interiors, Has a New Asking Price with a Dramatic Reduction"
article redirect,https://oldseadogs.com/news/rolex-sydney-hobart-yacht-race/,/news/rolex-sydney-hobart-yacht-race/,https://www.oldseadogs.com/stories/news-rolex-sydney-hobart-yacht-race,/stories/news-rolex-sydney-hobart-yacht-race,301,News: Master Lock Comanche and URM Group Dominate SOLAS Big Boat Challenge - 2025 Rolex Sydney Hobart Yacht Race
article redirect,https://oldseadogs.com/boat-shows/er-yacht-design-introduces-innovative-superyacht-concept-logos/,/boat-shows/er-yacht-design-introduces-innovative-superyacht-concept-logos/,https://www.oldseadogs.com/stories/boat-shows-er-yacht-design-introduces-innovative-superyacht-concept-logos,/stories/boat-shows-er-yacht-design-introduces-innovative-superyacht-concept-logos,301,"Shows: ER Yacht Design Captivates with the Debut of Logos, a Superyacht Designed for Continuous Sea-Splashed Adventures"
article redirect,https://oldseadogs.com/news/high-speed-luxury-yacht-mini-k2-now-off-the-market/,/news/high-speed-luxury-yacht-mini-k2-now-off-the-market/,https://www.oldseadogs.com/stories/news-high-speed-luxury-yacht-mini-k2-now-off-the-market,/stories/news-high-speed-luxury-yacht-mini-k2-now-off-the-market,301,News: Renowned Extra Yachts Motor Yacht Mini K2 Swiftly Sold in an Internal Deal
article redirect,https://oldseadogs.com/racing/navigational-insights-and-strategies-in-the-rorc-transatlantic-race/,/racing/navigational-insights-and-strategies-in-the-rorc-transatlantic-race/,https://www.oldseadogs.com/stories/racing-navigational-insights-and-strategies-in-the-rorc-transatlantic-race,/stories/racing-navigational-insights-and-strategies-in-the-rorc-transatlantic-race,301,"Racing: Unmasking the Navigator's Dilemma: Directions, Speed and Strategy in the Famed RORC Transatlantic Race"
article redirect,https://oldseadogs.com/boat-reviews/revolutionary-futuristic-design-the-wallywhy200-motor-yacht/,/boat-reviews/revolutionary-futuristic-design-the-wallywhy200-motor-yacht/,https://www.oldseadogs.com/stories/boat-reviews-revolutionary-futuristic-design-the-wallywhy200-motor-yacht,/stories/boat-reviews-revolutionary-futuristic-design-the-wallywhy200-motor-yacht,301,Boat Reviews: The Unapologetically Futuristic Wallywhy200: Innovation Meets Luxury on the Waves
article redirect,https://oldseadogs.com/news/thrilling-january-online-auction-hosted-by-marine-auctions/,/news/thrilling-january-online-auction-hosted-by-marine-auctions/,https://www.oldseadogs.com/stories/news-thrilling-january-online-auction-hosted-by-marine-auctions,/stories/news-thrilling-january-online-auction-hosted-by-marine-auctions,301,"News: Step Into the Exciting World of Marine Auctions' January Online Auction, Open for Bidding Soon"
article redirect,https://oldseadogs.com/news/worlds-premium-ilca-sailors-gear-up-for-2026-ilca-nationals-in-bay-of-islands/,/news/worlds-premium-ilca-sailors-gear-up-for-2026-ilca-nationals-in-bay-of-islands/,https://www.oldseadogs.com/stories/news-worlds-premium-ilca-sailors-gear-up-for-2026-ilca-nationals-in-bay-of-islands,/stories/news-worlds-premium-ilca-sailors-gear-up-for-2026-ilca-nationals-in-bay-of-islands,301,News: The Bay of Islands Awaits Global ILCA Sailing Elite for Stellar 2026 Nationals Showdown
article redirect,https://oldseadogs.com/racing/2025-world-match-racing-tour-resilience-and-redemption/,/racing/2025-world-match-racing-tour-resilience-and-redemption/,https://www.oldseadogs.com/stories/racing-2025-world-match-racing-tour-resilience-and-redemption,/stories/racing-2025-world-match-racing-tour-resilience-and-redemption,301,Racing: Day 3 Drama at the 2025 World Match Racing Tour: The Race for Redemption in Shenzhen Heats Up.
article redirect,https://oldseadogs.com/news/2026-a-new-year-in-the-boating-world/,/news/2026-a-new-year-in-the-boating-world/,https://www.oldseadogs.com/stories/news-2026-a-new-year-in-the-boating-world,/stories/news-2026-a-new-year-in-the-boating-world,301,"News: A new year, fresh wakes, and a world of water waiting ahead."
article redirect,https://oldseadogs.com/news/iconic-55m-feadship-motor-yacht-olympus-finds-new-owner/,/news/iconic-55m-feadship-motor-yacht-olympus-finds-new-owner/,https://www.oldseadogs.com/stories/news-iconic-55m-feadship-motor-yacht-olympus-finds-new-owner,/stories/news-iconic-55m-feadship-motor-yacht-olympus-finds-new-owner,301,"News: Legendary 55-Meter Feadship Motor Yacht Olympus Changes Hands After a $10,000,000 Refit"
article redirect,https://oldseadogs.com/news/mastering-the-art-of-choosing-the-right-shipyard-for-refit/,/news/mastering-the-art-of-choosing-the-right-shipyard-for-refit/,https://www.oldseadogs.com/stories/news-mastering-the-art-of-choosing-the-right-shipyard-for-refit,/stories/news-mastering-the-art-of-choosing-the-right-shipyard-for-refit,301,News: Cracking the Code: How the Right Shipyard Selection Can Make or Break Your Superyacht Refit Experience
article redirect,https://oldseadogs.com/news/pioneering-policy-encourages-international-yachts-to-traverse-abu-dhabi-and-dubai/,/news/pioneering-policy-encourages-international-yachts-to-traverse-abu-dhabi-and-dubai/,https://www.oldseadogs.com/stories/news-pioneering-policy-encourages-international-yachts-to-traverse-abu-dhabi-and-dubai,/stories/news-pioneering-policy-encourages-international-yachts-to-traverse-abu-dhabi-and-dubai,301,"News: A Revolutionary Maritime Policy Sweeps the UAE, Ushering International Yachts between Abu Dhabi and Dubai"
article redirect,https://oldseadogs.com/news/revolutionising-sailing-americal-magic-sailgp-racing-transformation/,/news/revolutionising-sailing-americal-magic-sailgp-racing-transformation/,https://www.oldseadogs.com/stories/news-revolutionising-sailing-americal-magic-sailgp-racing-transformation,/stories/news-revolutionising-sailing-americal-magic-sailgp-racing-transformation,301,News: Amazing Shifts in Sailing: American Magic and SailGP Unfolding a Bounty of Developments
article redirect,https://oldseadogs.com/news/the-2026-turning-point-europes-revolutionary-superyacht-regulations/,/news/the-2026-turning-point-europes-revolutionary-superyacht-regulations/,https://www.oldseadogs.com/stories/news-the-2026-turning-point-europes-revolutionary-superyacht-regulations,/stories/news-the-2026-turning-point-europes-revolutionary-superyacht-regulations,301,News: Unveiling the Future of Superyachting: Europe's Defining Regulatory Landscape in 2026
article redirect,https://oldseadogs.com/boat-shows/the-boarncruiser-ocean-53-sport-unveiling-a-masterpiece-in-steel-long-distance-yachting/,/boat-shows/the-boarncruiser-ocean-53-sport-unveiling-a-masterpiece-in-steel-long-distance-yachting/,https://www.oldseadogs.com/stories/boat-shows-the-boarncruiser-ocean-53-sport-unveiling-a-masterpiece-in-steel-long-distance-yachti,/stories/boat-shows-the-boarncruiser-ocean-53-sport-unveiling-a-masterpiece-in-steel-long-distance-yachti,301,Shows: Discover the Boarncruiser Ocean 53 Sport: A Fusion of Toughness and Luxury Debuting at the Düsseldorf Boat Show
article redirect,https://oldseadogs.com/boat-reviews/the-bold-blend-of-toughness-and-luxury-the-boarncruiser-ocean-53-sport/,/boat-reviews/the-bold-blend-of-toughness-and-luxury-the-boarncruiser-ocean-53-sport/,https://www.oldseadogs.com/stories/boat-reviews-the-bold-blend-of-toughness-and-luxury-the-boarncruiser-ocean-53-sport,/stories/boat-reviews-the-bold-blend-of-toughness-and-luxury-the-boarncruiser-ocean-53-sport,301,Boat Reviews: Dutch Craftsmanship Meets the High Seas: The Steely Elegance of Boarncruiser Ocean 53 Sport
article redirect,https://oldseadogs.com/racing/eager-anticipation-for-the-gjw-direct-49th-bloody-mary-a-seld%C3%A9n-sailjuice-winter-series-showdown/,/racing/eager-anticipation-for-the-gjw-direct-49th-bloody-mary-a-seld%C3%A9n-sailjuice-winter-series-showdown/,https://www.oldseadogs.com/stories/racing-eager-anticipation-for-the-gjw-direct-49th-bloody-mary-a-selden-sailjuice-winter-series-s,/stories/racing-eager-anticipation-for-the-gjw-direct-49th-bloody-mary-a-selden-sailjuice-winter-series-s,301,"Racing: British Dinghy Racing Elite Battle it Out at the GJW Direct 49th Bloody Mary, Part of the Seldén SailJuice Winter Series"
article redirect,https://oldseadogs.com/news/saudi-red-sea-authority-releases-comprehensive-guide-for-coastal-tourism/,/news/saudi-red-sea-authority-releases-comprehensive-guide-for-coastal-tourism/,https://www.oldseadogs.com/stories/news-saudi-red-sea-authority-releases-comprehensive-guide-for-coastal-tourism,/stories/news-saudi-red-sea-authority-releases-comprehensive-guide-for-coastal-tourism,301,News: Revitalising Coastal Tourism: How Saudi Red Sea Authority's Comprehensive Guide is Facilitating Growth in the Sector
article redirect,https://oldseadogs.com/news/the-orion-one-a-contender-for-yachtings-new-crown-jewel/,/news/the-orion-one-a-contender-for-yachtings-new-crown-jewel/,https://www.oldseadogs.com/stories/news-the-orion-one-a-contender-for-yachtings-new-crown-jewel,/stories/news-the-orion-one-a-contender-for-yachtings-new-crown-jewel,301,"News: Orion One, a 43.8-metre In-Build Motor Yacht Unveils Its Luxurious Features and Asks for €22 Million"
article redirect,https://oldseadogs.com/news/admirals-82m-galileo-yacht-model-experiences-second-sale/,/news/admirals-82m-galileo-yacht-model-experiences-second-sale/,https://www.oldseadogs.com/stories/news-admirals-82m-galileo-yacht-model-experiences-second-sale,/stories/news-admirals-82m-galileo-yacht-model-experiences-second-sale,301,"News: Admiral's Prestigious 82m Galileo Yacht Notches Up Another Sale, Delivery Set for 2030"
article redirect,https://oldseadogs.com/news/deepblue-obtains-dnv-approval-for-yacht-maintenance-software/,/news/deepblue-obtains-dnv-approval-for-yacht-maintenance-software/,https://www.oldseadogs.com/stories/news-deepblue-obtains-dnv-approval-for-yacht-maintenance-software,/stories/news-deepblue-obtains-dnv-approval-for-yacht-maintenance-software,301,"News: Yacht Management Software DeepBlue Earns DNV Approval, Emphasizing Digitalization of Maintenance Systems"
article redirect,https://oldseadogs.com/racing/excitement-peaks-at-howth-yacht-club-spring-series/,/racing/excitement-peaks-at-howth-yacht-club-spring-series/,https://www.oldseadogs.com/stories/racing-excitement-peaks-at-howth-yacht-club-spring-series,/stories/racing-excitement-peaks-at-howth-yacht-club-spring-series,301,Racing: Exhilarating Start to Howth YC Dinghy Frostbites Spring Series and Showdown Between Family Rivals
article redirect,https://oldseadogs.com/boat-reviews/introducing-the-riva-58-capri-a-new-benchmark-in-sportscruisers/,/boat-reviews/introducing-the-riva-58-capri-a-new-benchmark-in-sportscruisers/,https://www.oldseadogs.com/stories/boat-reviews-introducing-the-riva-58-capri-a-new-benchmark-in-sportscruisers,/stories/boat-reviews-introducing-the-riva-58-capri-a-new-benchmark-in-sportscruisers,301,Boat Reviews: The Riva 58 Capri: A Blend of Rivale and Diable DNA setting a New Standard for Open Sportscruisers
article redirect,https://oldseadogs.com/news/sutl-enterprise-gets-ahold-of-marina-at-keppel-bay/,/news/sutl-enterprise-gets-ahold-of-marina-at-keppel-bay/,https://www.oldseadogs.com/stories/news-sutl-enterprise-gets-ahold-of-marina-at-keppel-bay,/stories/news-sutl-enterprise-gets-ahold-of-marina-at-keppel-bay,301,"News: Marina Giant, SUTL Enterprise, Bags Singapore's Marina at Keppel Bay for a Whopping S$40 Million"
article redirect,https://oldseadogs.com/news/viking-explorers-rally-2026-launch-postponed-due-to-weather/,/news/viking-explorers-rally-2026-launch-postponed-due-to-weather/,https://www.oldseadogs.com/stories/news-viking-explorers-rally-2026-launch-postponed-due-to-weather,/stories/news-viking-explorers-rally-2026-launch-postponed-due-to-weather,301,News: Viking Explorers Rally 2026 Sets New Departure Date in Response to Unfavourable Weather Conditions
article redirect,https://oldseadogs.com/news/charlie-dalin-awarded-the-2025-magnus-mange-olsson-prize/,/news/charlie-dalin-awarded-the-2025-magnus-mange-olsson-prize/,https://www.oldseadogs.com/stories/news-charlie-dalin-awarded-the-2025-magnus-mange-olsson-prize,/stories/news-charlie-dalin-awarded-the-2025-magnus-mange-olsson-prize,301,News: Charlie Dalin Awarded the 2025 Magnus “Mange” Olsson Prize
article redirect,https://oldseadogs.com/news/exciting-rs-aero-sailing-events-to-anticipate-in-2026/,/news/exciting-rs-aero-sailing-events-to-anticipate-in-2026/,https://www.oldseadogs.com/stories/news-exciting-rs-aero-sailing-events-to-anticipate-in-2026,/stories/news-exciting-rs-aero-sailing-events-to-anticipate-in-2026,301,News: Unfurl your Sails: The Most Thrilling RS Aero Class Events Amassing Global Sailors in 2026
article redirect,https://oldseadogs.com/boat-reviews/grant-a-glance-at-the-glorious-boujie/,/boat-reviews/grant-a-glance-at-the-glorious-boujie/,https://www.oldseadogs.com/stories/boat-reviews-grant-a-glance-at-the-glorious-boujie,/stories/boat-reviews-grant-a-glance-at-the-glorious-boujie,301,Boat Reviews: Immerse Yourself in Opulence with the Finest 82-foot Viking Convertible 'Boujie'
article redirect,https://oldseadogs.com/news/poland-advances-in-luxurious-yacht-building/,/news/poland-advances-in-luxurious-yacht-building/,https://www.oldseadogs.com/stories/news-poland-advances-in-luxurious-yacht-building,/stories/news-poland-advances-in-luxurious-yacht-building,301,News: Stepping to the Fore: Polish Docklands Transformed from Industrial Shipyards to Luxury Yacht Builders
article redirect,https://oldseadogs.com/boat-reviews/polands-maritime-revolution-superyachts-and-solar-powered-catamarans/,/boat-reviews/polands-maritime-revolution-superyachts-and-solar-powered-catamarans/,https://www.oldseadogs.com/stories/boat-reviews-polands-maritime-revolution-superyachts-and-solar-powered-catamarans,/stories/boat-reviews-polands-maritime-revolution-superyachts-and-solar-powered-catamarans,301,Boat Reviews: Pole Position: How Poland is Transforming its Historic Shipyards into Global Superyacht and Luxury Catamaran Hubs
article redirect,https://oldseadogs.com/news/48m-mirabella-motor-yacht-undergoing-major-renovation-works/,/news/48m-mirabella-motor-yacht-undergoing-major-renovation-works/,https://www.oldseadogs.com/stories/news-48m-mirabella-motor-yacht-undergoing-major-renovation-works,/stories/news-48m-mirabella-motor-yacht-undergoing-major-renovation-works,301,News: Histonic Refurbishment for the 48m 'Mirabella' Trinity Motor Yacht is in Progress
article redirect,https://oldseadogs.com/news/looking-ahead-continued-expansion-and-success-of-sailgp-league/,/news/looking-ahead-continued-expansion-and-success-of-sailgp-league/,https://www.oldseadogs.com/stories/news-looking-ahead-continued-expansion-and-success-of-sailgp-league,/stories/news-looking-ahead-continued-expansion-and-success-of-sailgp-league,301,"News: Exploring the Flourishing Growth and Unfolded Potential of SailGP with its CEO, Russell Coutts"
article redirect,https://oldseadogs.com/news/cl-yachts-first-29.5-metre-clx96-motor-yacht-named-reunion/,/news/cl-yachts-first-29.5-metre-clx96-motor-yacht-named-reunion/,https://www.oldseadogs.com/stories/news-cl-yachts-first-29-5-metre-clx96-motor-yacht-named-reunion,/stories/news-cl-yachts-first-29-5-metre-clx96-motor-yacht-named-reunion,301,"News: The Luxurious Debut: CL Yachts' First CLX96 Sold, Renamed as 'Reunion'"
article redirect,https://oldseadogs.com/news/exquisite-yacht-five-waves-now-up-for-sale/,/news/exquisite-yacht-five-waves-now-up-for-sale/,https://www.oldseadogs.com/stories/news-exquisite-yacht-five-waves-now-up-for-sale,/stories/news-exquisite-yacht-five-waves-now-up-for-sale,301,"News: Luxury Yacht FIVE WAVES: Luxury, Performance, and Timeless Elegance Up for Sale"
article redirect,https://oldseadogs.com/boat-shows/iconic-sailing-yacht-my-star-on-market/,/boat-shows/iconic-sailing-yacht-my-star-on-market/,https://www.oldseadogs.com/stories/boat-shows-iconic-sailing-yacht-my-star-on-market,/stories/boat-shows-iconic-sailing-yacht-my-star-on-market,301,"Shows: MY STAR, a Masterpiece from Dubois Naval Architects and Alloy Yachts, Now Open for Purchase"
article redirect,https://oldseadogs.com/news/sweet-escape-a-christensen-motor-yacht-scores-new-owner/,/news/sweet-escape-a-christensen-motor-yacht-scores-new-owner/,https://www.oldseadogs.com/stories/news-sweet-escape-a-christensen-motor-yacht-scores-new-owner,/stories/news-sweet-escape-a-christensen-motor-yacht-scores-new-owner,301,News: 40-Metre Christensen Motor Yacht 'Sweet Escape' Now in New Hands
article redirect,https://oldseadogs.com/news/westport-130-motor-yacht-avalina-sold-in-recent-deal/,/news/westport-130-motor-yacht-avalina-sold-in-recent-deal/,https://www.oldseadogs.com/stories/news-westport-130-motor-yacht-avalina-sold-in-recent-deal,/stories/news-westport-130-motor-yacht-avalina-sold-in-recent-deal,301,News: Westport’s Enchanting 'Avalina' Finds a New Home: Semi-displacement Motor Yacht Changes Hands
article redirect,https://oldseadogs.com/news/youth-sailors-shine-in-draycote-water-open-meeting/,/news/youth-sailors-shine-in-draycote-water-open-meeting/,https://www.oldseadogs.com/stories/news-youth-sailors-shine-in-draycote-water-open-meeting,/stories/news-youth-sailors-shine-in-draycote-water-open-meeting,301,News: Boating Champions of the Future: Young Sailors Excel in Draycote Water Youth Open Meeting
article redirect,https://oldseadogs.com/racing/pacific-passage-new-year-adventure-for-globe40-sailors/,/racing/pacific-passage-new-year-adventure-for-globe40-sailors/,https://www.oldseadogs.com/stories/racing-pacific-passage-new-year-adventure-for-globe40-sailors,/stories/racing-pacific-passage-new-year-adventure-for-globe40-sailors,301,Racing: Year Begins with a Bang as GLOBE40 Sailors Embark on Pacific Trek
article redirect,https://oldseadogs.com/racing/redefining-sportsmanship-2026-ilca-oceania-solidarity-squad/,/racing/redefining-sportsmanship-2026-ilca-oceania-solidarity-squad/,https://www.oldseadogs.com/stories/racing-redefining-sportsmanship-2026-ilca-oceania-solidarity-squad,/stories/racing-redefining-sportsmanship-2026-ilca-oceania-solidarity-squad,301,"Racing: 2026 ILCA Oceania Solidarity Squad Aims for Fair, Safe, and Fun Competition in Upcoming Championship"
article redirect,https://oldseadogs.com/news/min-river-declared-winner-of-the-2025-rolex-sydney-hobart/,/news/min-river-declared-winner-of-the-2025-rolex-sydney-hobart/,https://www.oldseadogs.com/stories/news-min-river-declared-winner-of-the-2025-rolex-sydney-hobart,/stories/news-min-river-declared-winner-of-the-2025-rolex-sydney-hobart,301,News: Min River Declared Winner of the 2025 Rolex Sydney Hobart
article redirect,https://oldseadogs.com/racing/remembering-ashley-crawford-winter-pursuit-race-2025-at-plym-yacht-club/,/racing/remembering-ashley-crawford-winter-pursuit-race-2025-at-plym-yacht-club/,https://www.oldseadogs.com/stories/racing-remembering-ashley-crawford-winter-pursuit-race-2025-at-plym-yacht-club,/stories/racing-remembering-ashley-crawford-winter-pursuit-race-2025-at-plym-yacht-club,301,Racing: The 2025 Memorial Winter Pursuit Race Echoes Legacy of Ashley Crawford at Plym Yacht Club
article redirect,https://oldseadogs.com/boat-shows/rossinavis-first-explorer-yacht-akula-opens-for-market/,/boat-shows/rossinavis-first-explorer-yacht-akula-opens-for-market/,https://www.oldseadogs.com/stories/boat-shows-rossinavis-first-explorer-yacht-akula-opens-for-market,/stories/boat-shows-rossinavis-first-explorer-yacht-akula-opens-for-market,301,Shows: Rossinavi's Groundbreaking Explorer Yacht Akula Marks Its Premier Appearance on the Market
article redirect,https://oldseadogs.com/boat-reviews/the-exciting-journey-of-acquiring-europes-first-schaefer-v44/,/boat-reviews/the-exciting-journey-of-acquiring-europes-first-schaefer-v44/,https://www.oldseadogs.com/stories/boat-reviews-the-exciting-journey-of-acquiring-europes-first-schaefer-v44,/stories/boat-reviews-the-exciting-journey-of-acquiring-europes-first-schaefer-v44,301,Boat Reviews: Experience the Thrill of Securing Europe’s First Schaefer V44: A Boating Adventure Shaped by Lifelong Passion
article redirect,https://oldseadogs.com/boat-reviews/designer-christian-grandes-latest-stunner-the-invictus-tt550/,/boat-reviews/designer-christian-grandes-latest-stunner-the-invictus-tt550/,https://www.oldseadogs.com/stories/boat-reviews-designer-christian-grandes-latest-stunner-the-invictus-tt550,/stories/boat-reviews-designer-christian-grandes-latest-stunner-the-invictus-tt550,301,Boat Reviews: Revolutionary Design for Day Cruising: Invictus TT550 Dedicates Over 40% to External Relaxation Spaces
article redirect,https://oldseadogs.com/news/new-year-2026-the-superyacht-spectacle-in-st.-barths/,/news/new-year-2026-the-superyacht-spectacle-in-st.-barths/,https://www.oldseadogs.com/stories/news-new-year-2026-the-superyacht-spectacle-in-st-barths,/stories/news-new-year-2026-the-superyacht-spectacle-in-st-barths,301,News: New Year's Eve Turns St. Barths into Grand Display of Luxury Superyachts
article redirect,https://oldseadogs.com/news/record-number-of-melges-15-boats-at-winter-series-and-announcement-for-2026-north-american-sailing-series/,/news/record-number-of-melges-15-boats-at-winter-series-and-announcement-for-2026-north-american-sailing-series/,https://www.oldseadogs.com/stories/news-record-number-of-melges-15-boats-at-winter-series-and-announcement-for-2026-north-american-,/stories/news-record-number-of-melges-15-boats-at-winter-series-and-announcement-for-2026-north-american-,301,News: Sailing on a high as Melges 15 Winter Series hits record entry of 126 boats and 2026 Melges 24 North American Sailing Series gets official
article redirect,https://oldseadogs.com/racing/rolex-sydney-hobart-yacht-race-2025/,/racing/rolex-sydney-hobart-yacht-race-2025/,https://www.oldseadogs.com/stories/racing-rolex-sydney-hobart-yacht-race-2025,/stories/racing-rolex-sydney-hobart-yacht-race-2025,301,Racing: A Boxing Day institution where grit meets ocean
article redirect,https://oldseadogs.com/racing/the-melges-15-winter-series-a-booming-fleet-of-126/,/racing/the-melges-15-winter-series-a-booming-fleet-of-126/,https://www.oldseadogs.com/stories/racing-the-melges-15-winter-series-a-booming-fleet-of-126,/stories/racing-the-melges-15-winter-series-a-booming-fleet-of-126,301,Racing: Exceptional Growth for the Melges 15 Winter Series as Sailors Register a Record 126 Boats
article redirect,https://oldseadogs.com/news/exciting-new-regatta-format-opens-the-2026-eaora-season/,/news/exciting-new-regatta-format-opens-the-2026-eaora-season/,https://www.oldseadogs.com/stories/news-exciting-new-regatta-format-opens-the-2026-eaora-season,/stories/news-exciting-new-regatta-format-opens-the-2026-eaora-season,301,News: East Anglian Offshore Racing Association Debuts New Format for 2026: An Intriguing Coastal Regatta
article redirect,https://oldseadogs.com/news/the-80th-sydney-hobart-yacht-race/,/news/the-80th-sydney-hobart-yacht-race/,https://www.oldseadogs.com/stories/news-the-80th-sydney-hobart-yacht-race,/stories/news-the-80th-sydney-hobart-yacht-race,301,News: The 80th Sydney Hobart Yacht Race
article redirect,https://oldseadogs.com/news/2025-a-vivid-year-of-success-and-growth-for-rs-sailing/,/news/2025-a-vivid-year-of-success-and-growth-for-rs-sailing/,https://www.oldseadogs.com/stories/news-2025-a-vivid-year-of-success-and-growth-for-rs-sailing,/stories/news-2025-a-vivid-year-of-success-and-growth-for-rs-sailing,301,"News: Exploring the Adventurous Journey of RS Sailing in 2025: Astonishing Boating Launches, Regattas, and Vibrant Youth Participation"
article redirect,https://oldseadogs.com/racing/80th-rolex-sydney-hobart-yacht-race-has-a-new-headline-act/,/racing/80th-rolex-sydney-hobart-yacht-race-has-a-new-headline-act/,https://www.oldseadogs.com/stories/racing-80th-rolex-sydney-hobart-yacht-race-has-a-new-headline-act,/stories/racing-80th-rolex-sydney-hobart-yacht-race-has-a-new-headline-act,301,Racing: 80th Rolex Sydney Hobart Yacht Race has a new headline act
article redirect,https://oldseadogs.com/news/holiday-spirit-abounds-in-waldringfield-sailing-clubs-christmas-eve-race/,/news/holiday-spirit-abounds-in-waldringfield-sailing-clubs-christmas-eve-race/,https://www.oldseadogs.com/stories/news-holiday-spirit-abounds-in-waldringfield-sailing-clubs-christmas-eve-race,/stories/news-holiday-spirit-abounds-in-waldringfield-sailing-clubs-christmas-eve-race,301,News: Holiday Team Race Launches the Season in Style at Waldringfield Sailing Club
article redirect,https://oldseadogs.com/lifestyle/exciting-voyage-around-the-solent-unveiling-the-magic-of-bucklers-hard/,/lifestyle/exciting-voyage-around-the-solent-unveiling-the-magic-of-bucklers-hard/,https://www.oldseadogs.com/stories/lifestyle-exciting-voyage-around-the-solent-unveiling-the-magic-of-bucklers-hard,/stories/lifestyle-exciting-voyage-around-the-solent-unveiling-the-magic-of-bucklers-hard,301,Lifestyle: Embarking on an Unforgettable Journey through the Solent: A Yorkshireman's Adventures at Buckler's Hard
article redirect,https://oldseadogs.com/news/old-sea-dogs-one-year-afloat/,/news/old-sea-dogs-one-year-afloat/,https://www.oldseadogs.com/stories/news-old-sea-dogs-one-year-afloat,/stories/news-old-sea-dogs-one-year-afloat,301,News: Old Sea Dogs: One Year Afloat
article redirect,https://oldseadogs.com/racing/the-artistic-dance-of-isobars-and-sailing/,/racing/the-artistic-dance-of-isobars-and-sailing/,https://www.oldseadogs.com/stories/racing-the-artistic-dance-of-isobars-and-sailing,/stories/racing-the-artistic-dance-of-isobars-and-sailing,301,Racing: Unraveling the Mysteries of Isobars and Their Influence on the Sydney to Hobart Race
article redirect,https://oldseadogs.com/news/the-clash-of-the-titans-at-rolex-sydney-hobart/,/news/the-clash-of-the-titans-at-rolex-sydney-hobart/,https://www.oldseadogs.com/stories/news-the-clash-of-the-titans-at-rolex-sydney-hobart,/stories/news-the-clash-of-the-titans-at-rolex-sydney-hobart,301,News: The Rolex Sydney Hobart Yacht Race: An Epic Sea Battle Among the Supermaxis
article redirect,https://oldseadogs.com/racing/the-sydney-hobart-rivarly-battle-of-the-supermaxis-against-all-odds/,/racing/the-sydney-hobart-rivarly-battle-of-the-supermaxis-against-all-odds/,https://www.oldseadogs.com/stories/racing-the-sydney-hobart-rivarly-battle-of-the-supermaxis-against-all-odds,/stories/racing-the-sydney-hobart-rivarly-battle-of-the-supermaxis-against-all-odds,301,Racing: When the Titans Collide on Waves: Supermaxi Yachts Battle in the Rolex Sydney Hobart Race
article redirect,https://oldseadogs.com/news/leah-werner-takes-reigns-as-executive-director-of-water-revolution-foundation/,/news/leah-werner-takes-reigns-as-executive-director-of-water-revolution-foundation/,https://www.oldseadogs.com/stories/news-leah-werner-takes-reigns-as-executive-director-of-water-revolution-foundation,/stories/news-leah-werner-takes-reigns-as-executive-director-of-water-revolution-foundation,301,News: A New Era for Superyacht Sustainability: Leah Werner to Helm Water Revolution Foundation
article redirect,https://oldseadogs.com/news/luxury-westport-motor-yacht-sarabeth-transitions-to-bella-vita/,/news/luxury-westport-motor-yacht-sarabeth-transitions-to-bella-vita/,https://www.oldseadogs.com/stories/news-luxury-westport-motor-yacht-sarabeth-transitions-to-bella-vita,/stories/news-luxury-westport-motor-yacht-sarabeth-transitions-to-bella-vita,301,News: Luxury Motor Yacht Sarabeth Sold and Emerges with a New Identity: Bella Vita
article redirect,https://oldseadogs.com/news/renamed-and-transformed-meet-the-sunseeker-yacht-sea-la-vie/,/news/renamed-and-transformed-meet-the-sunseeker-yacht-sea-la-vie/,https://www.oldseadogs.com/stories/news-renamed-and-transformed-meet-the-sunseeker-yacht-sea-la-vie,/stories/news-renamed-and-transformed-meet-the-sunseeker-yacht-sea-la-vie,301,News: Step Aboard Sea La Vie: The Newly Renamed 30-metre Sunseeker Alina Is Ready to Soar the Seas
article redirect,https://oldseadogs.com/news/the-rise-of-new-powerhouses-celebrating-rookie-teams-of-2025/,/news/the-rise-of-new-powerhouses-celebrating-rookie-teams-of-2025/,https://www.oldseadogs.com/stories/news-the-rise-of-new-powerhouses-celebrating-rookie-teams-of-2025,/stories/news-the-rise-of-new-powerhouses-celebrating-rookie-teams-of-2025,301,News: The Nautical World Witnesses a New Wave: Honouring the Pioneering 49er and 49erFX Rookie Teams of 2025
article redirect,https://oldseadogs.com/lifestyle/unveiling-cornwalls-hidden-harbours-a-family-adventure-onboard-a-fresh-cruiser/,/lifestyle/unveiling-cornwalls-hidden-harbours-a-family-adventure-onboard-a-fresh-cruiser/,https://www.oldseadogs.com/stories/lifestyle-unveiling-cornwalls-hidden-harbours-a-family-adventure-onboard-a-fresh-cruiser,/stories/lifestyle-unveiling-cornwalls-hidden-harbours-a-family-adventure-onboard-a-fresh-cruiser,301,"Lifestyle: Embrace the Joys of Exploring Cornwall’s Secluded Harbours and Laurelled Waterbodies, on a maiden family cruise journey."
article redirect,https://oldseadogs.com/news/with-timeless-appeal-kaiser-a-jewel-of-the-sea-now-up-for-grabs/,/news/with-timeless-appeal-kaiser-a-jewel-of-the-sea-now-up-for-grabs/,https://www.oldseadogs.com/stories/news-with-timeless-appeal-kaiser-a-jewel-of-the-sea-now-up-for-grabs,/stories/news-with-timeless-appeal-kaiser-a-jewel-of-the-sea-now-up-for-grabs,301,"News: Unparalleled Quality Meets Discretion in the Luxurious Motor Yacht 'KAISER', Now For Sale"
article redirect,https://oldseadogs.com/news/eurilca-team-racing-european-champions-in-athens/,/news/eurilca-team-racing-european-champions-in-athens/,https://www.oldseadogs.com/stories/news-eurilca-team-racing-european-champions-in-athens,/stories/news-eurilca-team-racing-european-champions-in-athens,301,News: Italy Makes History at Inaugural EurILCA
article redirect,https://oldseadogs.com/news/53m-oceanfast-motor-yacht-mizu-listed-for-new-sale-by-ocean-independence/,/news/53m-oceanfast-motor-yacht-mizu-listed-for-new-sale-by-ocean-independence/,https://www.oldseadogs.com/stories/news-53m-oceanfast-motor-yacht-mizu-listed-for-new-sale-by-ocean-independence,/stories/news-53m-oceanfast-motor-yacht-mizu-listed-for-new-sale-by-ocean-independence,301,News: Ocean Independence Becomes New Central Agency for the Sale of the Magnificent 53m Oceanfast Motor Yacht Mizu
article redirect,https://oldseadogs.com/news/classic-benetti-motor-yacht-sounion-iis-central-agency-changes/,/news/classic-benetti-motor-yacht-sounion-iis-central-agency-changes/,https://www.oldseadogs.com/stories/news-classic-benetti-motor-yacht-sounion-iis-central-agency-changes,/stories/news-classic-benetti-motor-yacht-sounion-iis-central-agency-changes,301,"News: The 31.6-Metre Classic Motor Yacht, Sounion II, Swaps Hands in a Central Agency Shift"
article redirect,https://oldseadogs.com/lifestyle/francesca-clapcichs-insightful-journey-towards-2025/,/lifestyle/francesca-clapcichs-insightful-journey-towards-2025/,https://www.oldseadogs.com/stories/lifestyle-francesca-clapcichs-insightful-journey-towards-2025,/stories/lifestyle-francesca-clapcichs-insightful-journey-towards-2025,301,Lifestyle: Scaling Mountaneous Challenges: Francesca Clapcich Charts Her Course Towards a Transformational 2025
article redirect,https://oldseadogs.com/boat-reviews/horizon-yachts-unveils-latest-31m-fd100-tri-deck-motor-yacht/,/boat-reviews/horizon-yachts-unveils-latest-31m-fd100-tri-deck-motor-yacht/,https://www.oldseadogs.com/stories/boat-reviews-horizon-yachts-unveils-latest-31m-fd100-tri-deck-motor-yacht,/stories/boat-reviews-horizon-yachts-unveils-latest-31m-fd100-tri-deck-motor-yacht,301,"Boat Reviews: Horizon Yachts Launches Fourteenth Hull of FD100 Series, Marrying Sophistication and Utility in the Sailing World"
article redirect,https://oldseadogs.com/boat-reviews/introducing-the-newly-listed-40m-trident-motor-yacht-package-deal/,/boat-reviews/introducing-the-newly-listed-40m-trident-motor-yacht-package-deal/,https://www.oldseadogs.com/stories/boat-reviews-introducing-the-newly-listed-40m-trident-motor-yacht-package-deal,/stories/boat-reviews-introducing-the-newly-listed-40m-trident-motor-yacht-package-deal,301,Boat Reviews: Step Aboard the Belt-and-Braces Luxury Experience of the 40m Trident Yacht ‘Package Deal’
article redirect,https://oldseadogs.com/news/mangusta-gransport-34-model-garners-second-sale/,/news/mangusta-gransport-34-model-garners-second-sale/,https://www.oldseadogs.com/stories/news-mangusta-gransport-34-model-garners-second-sale,/stories/news-mangusta-gransport-34-model-garners-second-sale,301,News: Second Unit from the Mangusta GranSport 34 Series Snapped Up by Experienced Turkish Buyer
article redirect,https://oldseadogs.com/boat-reviews/the-eye-catching-ferretti-800-flybridge-a-beautiful-culmination-of-a-range-renewal/,/boat-reviews/the-eye-catching-ferretti-800-flybridge-a-beautiful-culmination-of-a-range-renewal/,https://www.oldseadogs.com/stories/boat-reviews-the-eye-catching-ferretti-800-flybridge-a-beautiful-culmination-of-a-range-renewal,/stories/boat-reviews-the-eye-catching-ferretti-800-flybridge-a-beautiful-culmination-of-a-range-renewal,301,Boat Reviews: Ferretti 800 Flybridge: The Majestic Finale of Ferretti's Renewal Process Initiated in 2018
article redirect,https://oldseadogs.com/news/tragic-incident-spurs-safety-debate-in-superyacht-industry/,/news/tragic-incident-spurs-safety-debate-in-superyacht-industry/,https://www.oldseadogs.com/stories/news-tragic-incident-spurs-safety-debate-in-superyacht-industry,/stories/news-tragic-incident-spurs-safety-debate-in-superyacht-industry,301,News: The Accused Enginner Pleads Not Guilty: A Tragic Murder Aboard a Superyacht Ignites Conversations About Crew Safety
article redirect,https://oldseadogs.com/boat-reviews/akyacht-begins-creation-of-epic-turkish-superyacht/,/boat-reviews/akyacht-begins-creation-of-epic-turkish-superyacht/,https://www.oldseadogs.com/stories/boat-reviews-akyacht-begins-creation-of-epic-turkish-superyacht,/stories/boat-reviews-akyacht-begins-creation-of-epic-turkish-superyacht,301,Boat Reviews: Turkish Shipyard AKYACHT Starts Construction on its Largest Superyacht Ever to Be Built on Turkish Soil
article redirect,https://oldseadogs.com/news/baltic-yachts-sells-first-unit-of-new-80-caf%C3%A9-racer-series/,/news/baltic-yachts-sells-first-unit-of-new-80-caf%C3%A9-racer-series/,https://www.oldseadogs.com/stories/news-baltic-yachts-sells-first-unit-of-new-80-cafe-racer-series,/stories/news-baltic-yachts-sells-first-unit-of-new-80-cafe-racer-series,301,News: Finnish Shipyard Baltic Yachts Makes Waves with Their Latest Sale: The First Unit of the Baltic 80 Café Racer Sailing Yacht Series
article redirect,https://oldseadogs.com/boat-reviews/dare-the-waves-with-new-entrant-in-the-brokerage-market-sunseekers-timeless-c/,/boat-reviews/dare-the-waves-with-new-entrant-in-the-brokerage-market-sunseekers-timeless-c/,https://www.oldseadogs.com/stories/boat-reviews-dare-the-waves-with-new-entrant-in-the-brokerage-market-sunseekers-timeless-c,/stories/boat-reviews-dare-the-waves-with-new-entrant-in-the-brokerage-market-sunseekers-timeless-c,301,"Boat Reviews: Sunseeker’s 29m Motor Yacht Timeless C, a Masterpiece Built with a blend of Luxury and Power, Now Available for Sale"
article redirect,https://oldseadogs.com/news/elusive-44m-cmn-superyacht-de-de-acquired/,/news/elusive-44m-cmn-superyacht-de-de-acquired/,https://www.oldseadogs.com/stories/news-elusive-44m-cmn-superyacht-de-de-acquired,/stories/news-elusive-44m-cmn-superyacht-de-de-acquired,301,News: An Ocean Titan Acquired: The Understated Elegance of the 44m CMN Motor Yacht De-De Unveiled
article redirect,https://oldseadogs.com/news/embracing-a-wave-of-innovation-the-superyacht-groups-2026-vision/,/news/embracing-a-wave-of-innovation-the-superyacht-groups-2026-vision/,https://www.oldseadogs.com/stories/news-embracing-a-wave-of-innovation-the-superyacht-groups-2026-vision,/stories/news-embracing-a-wave-of-innovation-the-superyacht-groups-2026-vision,301,News: Charting the Course to 2026: The Superyacht Group's Strategic Plans and Anticipated Innovations
article redirect,https://oldseadogs.com/racing/glance-at-the-soaring-success-of-the-flying-fifteens/,/racing/glance-at-the-soaring-success-of-the-flying-fifteens/,https://www.oldseadogs.com/stories/racing-glance-at-the-soaring-success-of-the-flying-fifteens,/stories/racing-glance-at-the-soaring-success-of-the-flying-fifteens,301,Racing: Flying Fifteen's - Recounting Championships and Looking Forward to an Exciting 2026 Season
article redirect,https://oldseadogs.com/news/landmark-documentary-true-south-debuts-at-sydney-openair-cinema/,/news/landmark-documentary-true-south-debuts-at-sydney-openair-cinema/,https://www.oldseadogs.com/stories/news-landmark-documentary-true-south-debuts-at-sydney-openair-cinema,/stories/news-landmark-documentary-true-south-debuts-at-sydney-openair-cinema,301,News: World Premiere of Riveting Yacht Race Documentary 'True South' Graces Sydney's Westpac OpenAir Cinema
article redirect,https://oldseadogs.com/news/posillipo-technema-37m-motor-yacht-peftasteri-renamed-once-more/,/news/posillipo-technema-37m-motor-yacht-peftasteri-renamed-once-more/,https://www.oldseadogs.com/stories/news-posillipo-technema-37m-motor-yacht-peftasteri-renamed-once-more,/stories/news-posillipo-technema-37m-motor-yacht-peftasteri-renamed-once-more,301,News: Magnificent 37m Posillipo Technema Yacht Reborn and Renamed – Discover Once More
article redirect,https://oldseadogs.com/news/superior-sunseeker-yacht-deseo-now-available-for-purchase/,/news/superior-sunseeker-yacht-deseo-now-available-for-purchase/,https://www.oldseadogs.com/stories/news-superior-sunseeker-yacht-deseo-now-available-for-purchase,/stories/news-superior-sunseeker-yacht-deseo-now-available-for-purchase,301,"News: Luxurious 40m Sunseeker Motor Yacht Deseo Changes Central Agency, Now Up For Sale"
article redirect,https://oldseadogs.com/news/the-sale-of-the-majestic-49-metre-royal-hakvoort-motor-yacht/,/news/the-sale-of-the-majestic-49-metre-royal-hakvoort-motor-yacht/,https://www.oldseadogs.com/stories/news-the-sale-of-the-majestic-49-metre-royal-hakvoort-motor-yacht,/stories/news-the-sale-of-the-majestic-49-metre-royal-hakvoort-motor-yacht,301,News: The 49-metre Royal Hakvoort Motor Yacht Olmida Finds a New Owner
article redirect,https://oldseadogs.com/news/the-transformation-of-the-volvo-70-into-a-ratings-bandit/,/news/the-transformation-of-the-volvo-70-into-a-ratings-bandit/,https://www.oldseadogs.com/stories/news-the-transformation-of-the-volvo-70-into-a-ratings-bandit,/stories/news-the-transformation-of-the-volvo-70-into-a-ratings-bandit,301,News: Revealed: How Naval Architects Turn the Volvo 70 into an Unstoppable 'Ratings Bandit'
article redirect,https://oldseadogs.com/news/historic-sailing-yacht-sea-cloud-gets-multi-million-euro-rebuild/,/news/historic-sailing-yacht-sea-cloud-gets-multi-million-euro-rebuild/,https://www.oldseadogs.com/stories/news-historic-sailing-yacht-sea-cloud-gets-multi-million-euro-rebuild,/stories/news-historic-sailing-yacht-sea-cloud-gets-multi-million-euro-rebuild,301,News: Historic Yacht Sea Cloud Experiences New Dawn with Lavish Rebuild
article redirect,https://oldseadogs.com/racing/in-pursuit-of-excellence-offshore-racing-and-groundbreaking-gear/,/racing/in-pursuit-of-excellence-offshore-racing-and-groundbreaking-gear/,https://www.oldseadogs.com/stories/racing-in-pursuit-of-excellence-offshore-racing-and-groundbreaking-gear,/stories/racing-in-pursuit-of-excellence-offshore-racing-and-groundbreaking-gear,301,Racing: The Power of Sydney Hobart Yacht Race: Unveiling the Offshore Performance of LawConnect and Comanche
article redirect,https://oldseadogs.com/boat-shows/season-delights-from-ensign-yachts-discover-a-world-of-exciting-opportunities/,/boat-shows/season-delights-from-ensign-yachts-discover-a-world-of-exciting-opportunities/,https://www.oldseadogs.com/stories/boat-shows-season-delights-from-ensign-yachts-discover-a-world-of-exciting-opportunities,/stories/boat-shows-season-delights-from-ensign-yachts-discover-a-world-of-exciting-opportunities,301,Shows: Dive into the Holiday Season with Ensign Yachts: Unveiling New Models and Unforgettable Adventures
article redirect,https://oldseadogs.com/news/classic-yachts-seagull-of-cayman-and-gin-tonic-change-ownership/,/news/classic-yachts-seagull-of-cayman-and-gin-tonic-change-ownership/,https://www.oldseadogs.com/stories/news-classic-yachts-seagull-of-cayman-and-gin-tonic-change-ownership,/stories/news-classic-yachts-seagull-of-cayman-and-gin-tonic-change-ownership,301,"News: Timeless Marine Icons, 'Seagull of Cayman' and 'Gin Tonic', Embark on New Chapters"
article redirect,https://oldseadogs.com/news/custom-line-motor-yacht-%C3%A9toile-price-reduced-by-over-1m/,/news/custom-line-motor-yacht-%C3%A9toile-price-reduced-by-over-1m/,https://www.oldseadogs.com/stories/news-custom-line-motor-yacht-etoile-price-reduced-by-over-1m,/stories/news-custom-line-motor-yacht-etoile-price-reduced-by-over-1m,301,"News: Ferretti's Masterpiece 'Étoile' Beckons Buyers with a €1,049,000 Price Drop"
article redirect,https://oldseadogs.com/news/double-victory-for-sailing-at-scottish-sports-awards/,/news/double-victory-for-sailing-at-scottish-sports-awards/,https://www.oldseadogs.com/stories/news-double-victory-for-sailing-at-scottish-sports-awards,/stories/news-double-victory-for-sailing-at-scottish-sports-awards,301,News: Sailing Takes the Lead at Scottish Sports Awards with Duo of Honours
article redirect,https://oldseadogs.com/racing/france-sailgp-makes-dynamic-moves-and-ends-year-with-fresh-line-up-for-2026/,/racing/france-sailgp-makes-dynamic-moves-and-ends-year-with-fresh-line-up-for-2026/,https://www.oldseadogs.com/stories/racing-france-sailgp-makes-dynamic-moves-and-ends-year-with-fresh-line-up-for-2026,/stories/racing-france-sailgp-makes-dynamic-moves-and-ends-year-with-fresh-line-up-for-2026,301,"Racing: Announcing a fresh cycle of reinvention, France SailGP team introduces Phillippe Presti as the new team manager and reveals an invigorated line-up for 2026"
article redirect,https://oldseadogs.com/news/luxury-yacht-santosh-transformed-into-gold-star-post-sale/,/news/luxury-yacht-santosh-transformed-into-gold-star-post-sale/,https://www.oldseadogs.com/stories/news-luxury-yacht-santosh-transformed-into-gold-star-post-sale,/stories/news-luxury-yacht-santosh-transformed-into-gold-star-post-sale,301,News: Iconic 33m Gulf Craft Yacht Santosh Sells and is Rebranded as Gold Star
article redirect,https://oldseadogs.com/news/remarkable-44m-yacht-rena-sold-in-just-over-two-months/,/news/remarkable-44m-yacht-rena-sold-in-just-over-two-months/,https://www.oldseadogs.com/stories/news-remarkable-44m-yacht-rena-sold-in-just-over-two-months,/stories/news-remarkable-44m-yacht-rena-sold-in-just-over-two-months,301,News: Legendary Motor Yacht Rena Finds a New Owner in a Remarkable 64 Days
article redirect,https://oldseadogs.com/boat-reviews/sunreef-yacht-twilight-experiences-800k-price-reduction/,/boat-reviews/sunreef-yacht-twilight-experiences-800k-price-reduction/,https://www.oldseadogs.com/stories/boat-reviews-sunreef-yacht-twilight-experiences-800k-price-reduction,/stories/boat-reviews-sunreef-yacht-twilight-experiences-800k-price-reduction,301,"Boat Reviews: The Exquisite Sunreef Yacht 'Twilight', Now at an Alluring €800k Less , Seeks New Owner"
article redirect,https://oldseadogs.com/news/enhanced-measures-for-seafarer-safety-and-social-responsibility-on-superyachts/,/news/enhanced-measures-for-seafarer-safety-and-social-responsibility-on-superyachts/,https://www.oldseadogs.com/stories/news-enhanced-measures-for-seafarer-safety-and-social-responsibility-on-superyachts,/stories/news-enhanced-measures-for-seafarer-safety-and-social-responsibility-on-superyachts,301,"News: New Training, Safety and Social Responsibility Standards Aiming to Mitigate Harassment and Violence at Sea"
article redirect,https://oldseadogs.com/lifestyle/final-call-for-festive-deliveries-by-sea/,/lifestyle/final-call-for-festive-deliveries-by-sea/,https://www.oldseadogs.com/stories/lifestyle-final-call-for-festive-deliveries-by-sea,/stories/lifestyle-final-call-for-festive-deliveries-by-sea,301,"Lifestyle: Garner the Perfect Gifts This Season with Maritime Christmas Shopping, All Delivered on Time!"
article redirect,https://oldseadogs.com/news/gx-superyachts-upon-a-new-chapter-with-maurizio-magri/,/news/gx-superyachts-upon-a-new-chapter-with-maurizio-magri/,https://www.oldseadogs.com/stories/news-gx-superyachts-upon-a-new-chapter-with-maurizio-magri,/stories/news-gx-superyachts-upon-a-new-chapter-with-maurizio-magri,301,News: Maurizio Magri Ushers in a New Era for Hybrid Yacht Builder GX Superyachts
article redirect,https://oldseadogs.com/boat-reviews/new-superyacht-maximus-iii-delivered-by-crescent-custom-yachts/,/boat-reviews/new-superyacht-maximus-iii-delivered-by-crescent-custom-yachts/,https://www.oldseadogs.com/stories/boat-reviews-new-superyacht-maximus-iii-delivered-by-crescent-custom-yachts,/stories/boat-reviews-new-superyacht-maximus-iii-delivered-by-crescent-custom-yachts,301,Boat Reviews: Crescent Custom Yachts Delivers 37 Metre Luxury Superyacht Maximus III to Experienced Californian Owner
article redirect,https://oldseadogs.com/news/biggest-superyacht-refits-of-2025-a-leap-in-luxury/,/news/biggest-superyacht-refits-of-2025-a-leap-in-luxury/,https://www.oldseadogs.com/stories/news-biggest-superyacht-refits-of-2025-a-leap-in-luxury,/stories/news-biggest-superyacht-refits-of-2025-a-leap-in-luxury,301,News: Unveiling the Largest and Most Innovative Superyacht Refits of 2025: A New Age in Maritime Luxury unfolds
article redirect,https://oldseadogs.com/boat-reviews/bluegame-reveals-oldest-details-of-new-flagship-yacht-bgx83/,/boat-reviews/bluegame-reveals-oldest-details-of-new-flagship-yacht-bgx83/,https://www.oldseadogs.com/stories/boat-reviews-bluegame-reveals-oldest-details-of-new-flagship-yacht-bgx83,/stories/boat-reviews-bluegame-reveals-oldest-details-of-new-flagship-yacht-bgx83,301,"Boat Reviews: Bluegame Unveils Discerning Details of Its Newest Flagship Yacht, the Significantly Advanced BGX83 Model"
article redirect,https://oldseadogs.com/racing/italy-and-sweden-set-the-pace-after-a-testing-day-two-at-the-eurilca-team-racing-europeans/,/racing/italy-and-sweden-set-the-pace-after-a-testing-day-two-at-the-eurilca-team-racing-europeans/,https://www.oldseadogs.com/stories/racing-italy-and-sweden-set-the-pace-after-a-testing-day-two-at-the-eurilca-team-racing-european,/stories/racing-italy-and-sweden-set-the-pace-after-a-testing-day-two-at-the-eurilca-team-racing-european,301,Racing: 2025 EurILCA Team Racing
article redirect,https://oldseadogs.com/news/reminiscing-the-yachting-calamities-of-2025/,/news/reminiscing-the-yachting-calamities-of-2025/,https://www.oldseadogs.com/stories/news-reminiscing-the-yachting-calamities-of-2025,/stories/news-reminiscing-the-yachting-calamities-of-2025,301,News: Reliving 2025: A Shocking Year of Maritime Perilous Events
article redirect,https://oldseadogs.com/boat-reviews/superlative-superyacht-refits-a-spotlight-on-2025s-most-momentous-makeovers/,/boat-reviews/superlative-superyacht-refits-a-spotlight-on-2025s-most-momentous-makeovers/,https://www.oldseadogs.com/stories/boat-reviews-superlative-superyacht-refits-a-spotlight-on-2025s-most-momentous-makeovers,/stories/boat-reviews-superlative-superyacht-refits-a-spotlight-on-2025s-most-momentous-makeovers,301,"Boat Reviews: Discover 2025's Premier Superyacht Refits: Showcasing Innovative Design, Bold Restorations, and Ambitious Transformations"
article redirect,https://oldseadogs.com/gear/understanding-newton-measurements-in-choosing-lifejackets-and-buoyancy-aids/,/gear/understanding-newton-measurements-in-choosing-lifejackets-and-buoyancy-aids/,https://www.oldseadogs.com/stories/gear-understanding-newton-measurements-in-choosing-lifejackets-and-buoyancy-aids,/stories/gear-understanding-newton-measurements-in-choosing-lifejackets-and-buoyancy-aids,301,Gear: Deconstructing the Numbers: The Significance of Newton Measurements in Lifejackets and Buoyancy Aids
article redirect,https://oldseadogs.com/news/superlative-superyacht-concepts-changing-the-game-in-2025/,/news/superlative-superyacht-concepts-changing-the-game-in-2025/,https://www.oldseadogs.com/stories/news-superlative-superyacht-concepts-changing-the-game-in-2025,/stories/news-superlative-superyacht-concepts-changing-the-game-in-2025,301,News: The Achievements of the 2025 Superyacht Design Revolution: Luxurious Concepts Capturing Attention
article redirect,https://oldseadogs.com/boat-reviews/the-new-and-delectable-apreamare-gozzo-48-cabin/,/boat-reviews/the-new-and-delectable-apreamare-gozzo-48-cabin/,https://www.oldseadogs.com/stories/boat-reviews-the-new-and-delectable-apreamare-gozzo-48-cabin,/stories/boat-reviews-the-new-and-delectable-apreamare-gozzo-48-cabin,301,Boat Reviews: A Beautiful Juxtaposition: Apreamare Gozzo 48 Cabin Blends Classic and Contemporary with Ease
article redirect,https://oldseadogs.com/racing/tom-gillard-seals-third-consecutive-win-at-seld%C3%A9n-sailjuice-winter-series/,/racing/tom-gillard-seals-third-consecutive-win-at-seld%C3%A9n-sailjuice-winter-series/,https://www.oldseadogs.com/stories/racing-tom-gillard-seals-third-consecutive-win-at-selden-sailjuice-winter-series,/stories/racing-tom-gillard-seals-third-consecutive-win-at-selden-sailjuice-winter-series,301,"Racing: Unfaltering Tom Gillard Clinches Another Win in Sailjuice Winter Series, Despite Crew Change"
article redirect,https://oldseadogs.com/racing/2025-youth-sailing-world-championships-a-riveting-first-day-at-vilamoura-portugal/,/racing/2025-youth-sailing-world-championships-a-riveting-first-day-at-vilamoura-portugal/,https://www.oldseadogs.com/stories/racing-2025-youth-sailing-world-championships-a-riveting-first-day-at-vilamoura-portugal,/stories/racing-2025-youth-sailing-world-championships-a-riveting-first-day-at-vilamoura-portugal,301,"Racing: Italy Shines on Day One of the Exciting 2025 Youth Sailing World Championships in Vilamoura, Portugal"
article redirect,https://oldseadogs.com/news/damen-yachtings-latest-amels-60-superyacht-sold/,/news/damen-yachtings-latest-amels-60-superyacht-sold/,https://www.oldseadogs.com/stories/news-damen-yachtings-latest-amels-60-superyacht-sold,/stories/news-damen-yachtings-latest-amels-60-superyacht-sold,301,News: Damen Yachting Stuns with the Sale of the Newest Superyacht in Its Amels 60 Series
article redirect,https://oldseadogs.com/racing/day-one-at-the-33rd-sea-games-ssl-action-in-thailand/,/racing/day-one-at-the-33rd-sea-games-ssl-action-in-thailand/,https://www.oldseadogs.com/stories/racing-day-one-at-the-33rd-sea-games-ssl-action-in-thailand,/stories/racing-day-one-at-the-33rd-sea-games-ssl-action-in-thailand,301,Racing: Day of drama and excitement in the 33rd SEA Games: SSL kicks off in Thailand with promising action.
article redirect,https://oldseadogs.com/news/pininfarina-set-to-navigate-new-horizons-under-paolo-dellach%C3%A0/,/news/pininfarina-set-to-navigate-new-horizons-under-paolo-dellach%C3%A0/,https://www.oldseadogs.com/stories/news-pininfarina-set-to-navigate-new-horizons-under-paolo-dellacha,/stories/news-pininfarina-set-to-navigate-new-horizons-under-paolo-dellacha,301,News: Meet Paolo Dellachà: The New Captain at the Helm of Italian Design House Pininfarina
article redirect,https://oldseadogs.com/news/70-years-of-chase-sailing-club-a-celebration-story/,/news/70-years-of-chase-sailing-club-a-celebration-story/,https://www.oldseadogs.com/stories/news-70-years-of-chase-sailing-club-a-celebration-story,/stories/news-70-years-of-chase-sailing-club-a-celebration-story,301,News: A Deep Dive into the Chase Sailing Club's Momentous 70th Anniversary Celebrations
article redirect,https://oldseadogs.com/boat-reviews/design-hazards-pose-serious-risks-for-maritime-pilots/,/boat-reviews/design-hazards-pose-serious-risks-for-maritime-pilots/,https://www.oldseadogs.com/stories/boat-reviews-design-hazards-pose-serious-risks-for-maritime-pilots,/stories/boat-reviews-design-hazards-pose-serious-risks-for-maritime-pilots,301,Boat Reviews: The Risks and Flaws of Modern Maritime Design: An Analysis of Superyacht Safety
article redirect,https://oldseadogs.com/racing/jules-verne-trophy-the-famous-project-cic-battles-on/,/racing/jules-verne-trophy-the-famous-project-cic-battles-on/,https://www.oldseadogs.com/stories/racing-jules-verne-trophy-the-famous-project-cic-battles-on,/stories/racing-jules-verne-trophy-the-famous-project-cic-battles-on,301,Racing: All-Female Crew of The Famous Project CIC Determined to Triumph Despite Difficulties on their Jules Verne Trophy Attempt
article redirect,https://oldseadogs.com/news/nanny-cay-marina-breaks-ground-on-major-40-million-expansion/,/news/nanny-cay-marina-breaks-ground-on-major-40-million-expansion/,https://www.oldseadogs.com/stories/news-nanny-cay-marina-breaks-ground-on-major-40-million-expansion,/stories/news-nanny-cay-marina-breaks-ground-on-major-40-million-expansion,301,News: A NEW ERA FOR THE BRITISH VIRGIN ISLANDS’ PREMIER MARINE HUB
article redirect,https://oldseadogs.com/racing/df95-autumn-series-week-9-dynamic-action-at-east-kent-radio-sailing-club/,/racing/df95-autumn-series-week-9-dynamic-action-at-east-kent-radio-sailing-club/,https://www.oldseadogs.com/stories/racing-df95-autumn-series-week-9-dynamic-action-at-east-kent-radio-sailing-club,/stories/racing-df95-autumn-series-week-9-dynamic-action-at-east-kent-radio-sailing-club,301,Racing: Last Week's Contest Unfurls: Decode the Thrilling Drama of the DF95 Autumn Series Week 9 at East Kent Radio Sailing Club
article redirect,https://oldseadogs.com/news/unveiling-the-waszp-north-american-2026-calendar/,/news/unveiling-the-waszp-north-american-2026-calendar/,https://www.oldseadogs.com/stories/news-unveiling-the-waszp-north-american-2026-calendar,/stories/news-unveiling-the-waszp-north-american-2026-calendar,301,News: A New Dawn for Foiling: WASZP North America Reveals Exciting 2026 Calendar
article redirect,https://oldseadogs.com/boat-reviews/35m-benetti-classic-yacht-hoshi-takes-the-market-by-storm/,/boat-reviews/35m-benetti-classic-yacht-hoshi-takes-the-market-by-storm/,https://www.oldseadogs.com/stories/boat-reviews-35m-benetti-classic-yacht-hoshi-takes-the-market-by-storm,/stories/boat-reviews-35m-benetti-classic-yacht-hoshi-takes-the-market-by-storm,301,Boat Reviews: Unveiling Hoshi: A Timeless Beauty in the Benetti Classic 115 Motor Yacht Series
article redirect,https://oldseadogs.com/news/price-slash-alert-sanlorenzo-motor-yacht-anmax-reduced-by-1m/,/news/price-slash-alert-sanlorenzo-motor-yacht-anmax-reduced-by-1m/,https://www.oldseadogs.com/stories/news-price-slash-alert-sanlorenzo-motor-yacht-anmax-reduced-by-1m,/stories/news-price-slash-alert-sanlorenzo-motor-yacht-anmax-reduced-by-1m,301,News: Stunning Sanlorenzo Motor Yacht Anmax Sees Million-Dollar Price Reduction - A Winning Opportunity for Discerning Buyers
article redirect,https://oldseadogs.com/boat-reviews/sea-trials-begin-for-custom-36m-van-der-valk-yacht-jangada/,/boat-reviews/sea-trials-begin-for-custom-36m-van-der-valk-yacht-jangada/,https://www.oldseadogs.com/stories/boat-reviews-sea-trials-begin-for-custom-36m-van-der-valk-yacht-jangada,/stories/boat-reviews-sea-trials-begin-for-custom-36m-van-der-valk-yacht-jangada,301,Boat Reviews: 35.9-Metre Custom Yacht Jangada Embarks on Sea Trials; Delivery Slated for 2026
article redirect,https://oldseadogs.com/news/significant-change-at-numarine-with-patrik-von-sydows-appointment-as-ceo/,/news/significant-change-at-numarine-with-patrik-von-sydows-appointment-as-ceo/,https://www.oldseadogs.com/stories/news-significant-change-at-numarine-with-patrik-von-sydows-appointment-as-ceo,/stories/news-significant-change-at-numarine-with-patrik-von-sydows-appointment-as-ceo,301,"News: Meet Numarine's New CEO, Patrik von Sydow, Pioneering the Turkish Shipyard towards Global Expansion"
article redirect,https://oldseadogs.com/boat-reviews/sold-off-market-giorgio-armani-designed-admiral-superyacht/,/boat-reviews/sold-off-market-giorgio-armani-designed-admiral-superyacht/,https://www.oldseadogs.com/stories/boat-reviews-sold-off-market-giorgio-armani-designed-admiral-superyacht,/stories/boat-reviews-sold-off-market-giorgio-armani-designed-admiral-superyacht,301,"Boat Reviews: An Exclusive Inside Look at the Impeccably Designed Admiral Yacht by Late Fashion Mogul, Giorgio Armani"
article redirect,https://oldseadogs.com/news/the-2025-fireball-class-season-a-year-of-unforgettable-sailing-moments/,/news/the-2025-fireball-class-season-a-year-of-unforgettable-sailing-moments/,https://www.oldseadogs.com/stories/news-the-2025-fireball-class-season-a-year-of-unforgettable-sailing-moments,/stories/news-the-2025-fireball-class-season-a-year-of-unforgettable-sailing-moments,301,"News: A Review of the 2025 Fireball Class: A Mashup of Innovation, Inspiration, and Intense Competition"
article redirect,https://oldseadogs.com/masterclass/the-evolution-of-usas-sailing-legacy-the-ainslies-spearhead-innovation/,/masterclass/the-evolution-of-usas-sailing-legacy-the-ainslies-spearhead-innovation/,https://www.oldseadogs.com/stories/masterclass-the-evolution-of-usas-sailing-legacy-the-ainslies-spearhead-innovation,/stories/masterclass-the-evolution-of-usas-sailing-legacy-the-ainslies-spearhead-innovation,301,Masterclass: Discover How the Ainslie Family is Revolutionising the Future of American Sailing and SailGP
article redirect,https://oldseadogs.com/news/clipper-race-fleets-triumphant-arrival-at-fremantle/,/news/clipper-race-fleets-triumphant-arrival-at-fremantle/,https://www.oldseadogs.com/stories/news-clipper-race-fleets-triumphant-arrival-at-fremantle,/stories/news-clipper-race-fleets-triumphant-arrival-at-fremantle,301,News: Aussie Sailors Turf: Clipper Race Fleet Overcomes World's Toughest Sailing Challenges to Dock in Fremantle
article redirect,https://oldseadogs.com/news/prestigious-30m-ezgy-yacht-finds-a-new-owner/,/news/prestigious-30m-ezgy-yacht-finds-a-new-owner/,https://www.oldseadogs.com/stories/news-prestigious-30m-ezgy-yacht-finds-a-new-owner,/stories/news-prestigious-30m-ezgy-yacht-finds-a-new-owner,301,News: Turkish Wonder: The 30m Motor Yacht Ezgy Changes Hands in an Exciting Turn of Events
article redirect,https://oldseadogs.com/boat-reviews/spectacular-90-viking-convertible-nikki-bella-on-sale/,/boat-reviews/spectacular-90-viking-convertible-nikki-bella-on-sale/,https://www.oldseadogs.com/stories/boat-reviews-spectacular-90-viking-convertible-nikki-bella-on-sale,/stories/boat-reviews-spectacular-90-viking-convertible-nikki-bella-on-sale,301,Boat Reviews: Experience Supreme Luxury and Power Onboard the 90' Viking Convertible 'NIKKI BELLA' Now Up For Purchase
article redirect,https://oldseadogs.com/boat-reviews/top-four-all-weather-motor-yachts-currently-available/,/boat-reviews/top-four-all-weather-motor-yachts-currently-available/,https://www.oldseadogs.com/stories/boat-reviews-top-four-all-weather-motor-yachts-currently-available,/stories/boat-reviews-top-four-all-weather-motor-yachts-currently-available,301,Boat Reviews: Beat the Seasons with Four of the Best All-Weather Motor Yachts on the Market
article redirect,https://oldseadogs.com/racing/triumphant-season-finish-for-andrew-tarboton-at-2025-musto-skiff-uk-circuit/,/racing/triumphant-season-finish-for-andrew-tarboton-at-2025-musto-skiff-uk-circuit/,https://www.oldseadogs.com/stories/racing-triumphant-season-finish-for-andrew-tarboton-at-2025-musto-skiff-uk-circuit,/stories/racing-triumphant-season-finish-for-andrew-tarboton-at-2025-musto-skiff-uk-circuit,301,"Racing: Sailing Sensation Andrew Tarboton Conquers the Seas, Seals Stellar 2025 UK Skiff Circuit Win"
article redirect,https://oldseadogs.com/news/18-foot-skiff-academy-powers-female-innovation-and-success/,/news/18-foot-skiff-academy-powers-female-innovation-and-success/,https://www.oldseadogs.com/stories/news-18-foot-skiff-academy-powers-female-innovation-and-success,/stories/news-18-foot-skiff-academy-powers-female-innovation-and-success,301,News: Breaking New Waters: How the 18 Foot Skiff Academy is Charting a Successful Course for Women in Sailing
article redirect,https://oldseadogs.com/boat-reviews/feadship-flaunts-76m-etherea-a-merging-of-design-studios-into-superyacht-mastery/,/boat-reviews/feadship-flaunts-76m-etherea-a-merging-of-design-studios-into-superyacht-mastery/,https://www.oldseadogs.com/stories/boat-reviews-feadship-flaunts-76m-etherea-a-merging-of-design-studios-into-superyacht-mastery,/stories/boat-reviews-feadship-flaunts-76m-etherea-a-merging-of-design-studios-into-superyacht-mastery,301,"Boat Reviews: Experience the four elemental forces aboard Feadship's 76m Super Yacht Etherea: Rooted in Nature, Designed for the High Seas"
article redirect,https://oldseadogs.com/racing/rorc-transatlantic-race-2026-more-than-just-a-race/,/racing/rorc-transatlantic-race-2026-more-than-just-a-race/,https://www.oldseadogs.com/stories/racing-rorc-transatlantic-race-2026-more-than-just-a-race,/stories/racing-rorc-transatlantic-race-2026-more-than-just-a-race,301,"Racing: Unraveling the Human Themes of Courage, Connection, and Joy in the 2026 RORC Transatlantic Race"
article redirect,https://oldseadogs.com/boat-reviews/serenity-the-immaculate-37m-flagship-yachts-motor-vessel-finds-a-new-owner/,/boat-reviews/serenity-the-immaculate-37m-flagship-yachts-motor-vessel-finds-a-new-owner/,https://www.oldseadogs.com/stories/boat-reviews-serenity-the-immaculate-37m-flagship-yachts-motor-vessel-finds-a-new-owner,/stories/boat-reviews-serenity-the-immaculate-37m-flagship-yachts-motor-vessel-finds-a-new-owner,301,"Boat Reviews: Serenity, The Standout Flagship Yacht, Makes Her Grand Exit in Record Time"
article redirect,https://oldseadogs.com/news/the-2026-rorc-round-britain-ireland-race/,/news/the-2026-rorc-round-britain-ireland-race/,https://www.oldseadogs.com/stories/news-the-2026-rorc-round-britain-ireland-race,/stories/news-the-2026-rorc-round-britain-ireland-race,301,News: The 2026 RORC Round Britain & Ireland Race
article redirect,https://oldseadogs.com/lifestyle/the-remarkable-tale-of-the-sunseeker-xs2000-a-powerhouse-on-water/,/lifestyle/the-remarkable-tale-of-the-sunseeker-xs2000-a-powerhouse-on-water/,https://www.oldseadogs.com/stories/lifestyle-the-remarkable-tale-of-the-sunseeker-xs2000-a-powerhouse-on-water,/stories/lifestyle-the-remarkable-tale-of-the-sunseeker-xs2000-a-powerhouse-on-water,301,Lifestyle: Discover the Delightful Eccentricity of the Sunseeker XS2000: A Bonkers Tale of a Novelty Powerboat
article redirect,https://oldseadogs.com/news/antigua-bermuda-race-2026-the-return-of-the-atlantic-adventure/,/news/antigua-bermuda-race-2026-the-return-of-the-atlantic-adventure/,https://www.oldseadogs.com/stories/news-antigua-bermuda-race-2026-the-return-of-the-atlantic-adventure,/stories/news-antigua-bermuda-race-2026-the-return-of-the-atlantic-adventure,301,News: Antigua Bermuda Race 2026: The Return of the Atlantic Adventure
article redirect,https://oldseadogs.com/boat-shows/galeon-620-fly-feature-laden-flybridge-with-expansive-beach-terrace/,/boat-shows/galeon-620-fly-feature-laden-flybridge-with-expansive-beach-terrace/,https://www.oldseadogs.com/stories/boat-shows-galeon-620-fly-feature-laden-flybridge-with-expansive-beach-terrace,/stories/boat-shows-galeon-620-fly-feature-laden-flybridge-with-expansive-beach-terrace,301,Shows: Debut of Galeon 620 Fly at Cannes: A Flybridge Decked with Features and a Vast Beach Terrace
article redirect,https://oldseadogs.com/news/kai-marks-dasent-clinches-young-sailor-of-the-year-honours-twice/,/news/kai-marks-dasent-clinches-young-sailor-of-the-year-honours-twice/,https://www.oldseadogs.com/stories/news-kai-marks-dasent-clinches-young-sailor-of-the-year-honours-twice,/stories/news-kai-marks-dasent-clinches-young-sailor-of-the-year-honours-twice,301,News: Kai Marks-Dasent Outstandingly Seizes the Sylvester Simmons Young Sailor of the Year Award for the Second Time
article redirect,https://oldseadogs.com/news/the-stunning-47m-focus-yacht-from-north-american-yachts-finds-a-buyer/,/news/the-stunning-47m-focus-yacht-from-north-american-yachts-finds-a-buyer/,https://www.oldseadogs.com/stories/news-the-stunning-47m-focus-yacht-from-north-american-yachts-finds-a-buyer,/stories/news-the-stunning-47m-focus-yacht-from-north-american-yachts-finds-a-buyer,301,News: Meet the Focus: An Icon of Seafaring Grandeur Finds a Distinguished New Owner
article redirect,https://oldseadogs.com/news/impressive-yacht-sales-lift-november-brokerage-activity/,/news/impressive-yacht-sales-lift-november-brokerage-activity/,https://www.oldseadogs.com/stories/news-impressive-yacht-sales-lift-november-brokerage-activity,/stories/news-impressive-yacht-sales-lift-november-brokerage-activity,301,News: A Burst of High-Value Sales and New Listings Energizes November Yacht Brokerage Markets
article redirect,https://oldseadogs.com/boat-shows/transforming-the-future-of-boating-boot-d%C3%BCsseldorf-2026-azimutbenetti-group/,/boat-shows/transforming-the-future-of-boating-boot-d%C3%BCsseldorf-2026-azimutbenetti-group/,https://www.oldseadogs.com/stories/boat-shows-transforming-the-future-of-boating-boot-dusseldorf-2026-azimutbenetti-group,/stories/boat-shows-transforming-the-future-of-boating-boot-dusseldorf-2026-azimutbenetti-group,301,"Shows: Petros Michelidakis Reveals How boot Düsseldorf 2026 Aims to Attract New Comers, While Azimut|Benetti Group Enhances Owner Experience"
article redirect,https://oldseadogs.com/news/27m-strathisla-by-nautor-swan-successfully-sold/,/news/27m-strathisla-by-nautor-swan-successfully-sold/,https://www.oldseadogs.com/stories/news-27m-strathisla-by-nautor-swan-successfully-sold,/stories/news-27m-strathisla-by-nautor-swan-successfully-sold,301,News: The Majestic 27.7m Swan Sailing Yacht Strathisla Changes Hands
article redirect,https://oldseadogs.com/boat-reviews/reviving-windward-a-tale-of-dundeed-restoration-backed-by-classic-barton-victory-blocks/,/boat-reviews/reviving-windward-a-tale-of-dundeed-restoration-backed-by-classic-barton-victory-blocks/,https://www.oldseadogs.com/stories/boat-reviews-reviving-windward-a-tale-of-dundeed-restoration-backed-by-classic-barton-victory-bl,/stories/boat-reviews-reviving-windward-a-tale-of-dundeed-restoration-backed-by-classic-barton-victory-bl,301,"Boat Reviews: Regaining the Glory of 'Windward', Supported by Barton Victory Blocks: A Dedicated Restorer's Journey"
article redirect,https://oldseadogs.com/gear/insights-into-marine-communication-new-articles-from-icom-uk/,/gear/insights-into-marine-communication-new-articles-from-icom-uk/,https://www.oldseadogs.com/stories/gear-insights-into-marine-communication-new-articles-from-icom-uk,/stories/gear-insights-into-marine-communication-new-articles-from-icom-uk,301,Gear: Unleash the Power of Marine Radios with New Icom UK Knowledge Base Articles
article redirect,https://oldseadogs.com/news/l%C3%BCrssen-showcases-117-meter-superyacht-boardwalk/,/news/l%C3%BCrssen-showcases-117-meter-superyacht-boardwalk/,https://www.oldseadogs.com/stories/news-lurssen-showcases-117-meter-superyacht-boardwalk,/stories/news-lurssen-showcases-117-meter-superyacht-boardwalk,301,"News: Heralding a New Reign: Lürssen Prepares to Debut its Grand 117m Superyacht, Boardwalk"
article redirect,https://oldseadogs.com/news/mangusta-oceano-52-model-scooped-up-for-second-time/,/news/mangusta-oceano-52-model-scooped-up-for-second-time/,https://www.oldseadogs.com/stories/news-mangusta-oceano-52-model-scooped-up-for-second-time,/stories/news-mangusta-oceano-52-model-scooped-up-for-second-time,301,News: Another Impressive Sale for Mangusta as Second Oceano 52 Yacht Sees New Ownership
article redirect,https://oldseadogs.com/boat-reviews/glimpse-inside-the-majestic-lady-estey-a-67m-benetti-superyacht/,/boat-reviews/glimpse-inside-the-majestic-lady-estey-a-67m-benetti-superyacht/,https://www.oldseadogs.com/stories/boat-reviews-glimpse-inside-the-majestic-lady-estey-a-67m-benetti-superyacht,/stories/boat-reviews-glimpse-inside-the-majestic-lady-estey-a-67m-benetti-superyacht,301,Boat Reviews: Step aboard the Lady Estey: The Grandeur of 67M Benetti B.Now Series Unveiled
article redirect,https://oldseadogs.com/news/legal-proceedings-in-wake-of-fatal-collision-involving-mazu-yachts-co-founder/,/news/legal-proceedings-in-wake-of-fatal-collision-involving-mazu-yachts-co-founder/,https://www.oldseadogs.com/stories/news-legal-proceedings-in-wake-of-fatal-collision-involving-mazu-yachts-co-founder,/stories/news-legal-proceedings-in-wake-of-fatal-collision-involving-mazu-yachts-co-founder,301,News: Mazu Yachts Co-founder’s Tragic Loss: Legal Repercussions for Cargo Ship Captain and Crew
article redirect,https://oldseadogs.com/boat-reviews/snap-up-four-of-the-finest-coup%C3%A9-motor-yachts-on-sale-today/,/boat-reviews/snap-up-four-of-the-finest-coup%C3%A9-motor-yachts-on-sale-today/,https://www.oldseadogs.com/stories/boat-reviews-snap-up-four-of-the-finest-coupe-motor-yachts-on-sale-today,/stories/boat-reviews-snap-up-four-of-the-finest-coupe-motor-yachts-on-sale-today,301,Boat Reviews: Exploring the Four Must-Buy Coupé Motor Yachts Lifting the Anchor in the Market
article redirect,https://oldseadogs.com/boat-shows/the-next-gem-of-zeelander-8-yacht-series-close-to-completion/,/boat-shows/the-next-gem-of-zeelander-8-yacht-series-close-to-completion/,https://www.oldseadogs.com/stories/boat-shows-the-next-gem-of-zeelander-8-yacht-series-close-to-completion,/stories/boat-shows-the-next-gem-of-zeelander-8-yacht-series-close-to-completion,301,"Shows: Flagship Zeelander 8 Yacht Is Approaching End of Assembly, Set to Sail the Seas in February 2026"
article redirect,https://oldseadogs.com/boat-shows/unveiling-the-serene-interiors-of-vripacks-in-development-60m-yacht/,/boat-shows/unveiling-the-serene-interiors-of-vripacks-in-development-60m-yacht/,https://www.oldseadogs.com/stories/boat-shows-unveiling-the-serene-interiors-of-vripacks-in-development-60m-yacht,/stories/boat-shows-unveiling-the-serene-interiors-of-vripacks-in-development-60m-yacht,301,Shows: In-Build 60-Metre Alia Yachts Project Serenity: A Look Inside Its Striking Interiors By Vripack
article redirect,https://oldseadogs.com/news/2026-motor-boat-of-the-year-awards-revealing-the-finalists/,/news/2026-motor-boat-of-the-year-awards-revealing-the-finalists/,https://www.oldseadogs.com/stories/news-2026-motor-boat-of-the-year-awards-revealing-the-finalists,/stories/news-2026-motor-boat-of-the-year-awards-revealing-the-finalists,301,News: 2026's Motor Boat Awards: Diverse Finalists and Cutting-Edge Innovation on the Horizon
article redirect,https://oldseadogs.com/news/all-women-crew-seizes-victory-at-the-2025-wicked-sb20-middle-east-uae-championships/,/news/all-women-crew-seizes-victory-at-the-2025-wicked-sb20-middle-east-uae-championships/,https://www.oldseadogs.com/stories/news-all-women-crew-seizes-victory-at-the-2025-wicked-sb20-middle-east-uae-championships,/stories/news-all-women-crew-seizes-victory-at-the-2025-wicked-sb20-middle-east-uae-championships,301,News: Historic Win for Borghesi’s All-Female Team at the Prestigious SB20 Middle East & UAE Championships
article redirect,https://oldseadogs.com/masterclass/leadership-lessons-from-unlikely-sources/,/masterclass/leadership-lessons-from-unlikely-sources/,https://www.oldseadogs.com/stories/masterclass-leadership-lessons-from-unlikely-sources,/stories/masterclass-leadership-lessons-from-unlikely-sources,301,Masterclass: The Unsuspected Relationship Between Acting and Leadership in the Nautical Realm
article redirect,https://oldseadogs.com/gear/sea.ais-newest-innovation-revolutionising-maritime-safety-with-ai/,/gear/sea.ais-newest-innovation-revolutionising-maritime-safety-with-ai/,https://www.oldseadogs.com/stories/gear-sea-ais-newest-innovation-revolutionising-maritime-safety-with-ai,/stories/gear-sea-ais-newest-innovation-revolutionising-maritime-safety-with-ai,301,Gear: The SEA.AI Watchkeeper: Harnessing AI to Mitigate Navigation Risks in Boating
article redirect,https://oldseadogs.com/racing/women-led-team-dominates-2025-sb20-middle-east-championships/,/racing/women-led-team-dominates-2025-sb20-middle-east-championships/,https://www.oldseadogs.com/stories/racing-women-led-team-dominates-2025-sb20-middle-east-championships,/stories/racing-women-led-team-dominates-2025-sb20-middle-east-championships,301,Racing: Breakthrough Victory at the 2025 SB20 Middle East Championships: Borghesi's All-Female Crew Seizes the Title
article redirect,https://oldseadogs.com/news/a-critique-of-risk-mitigation-strategies-on-superyachts/,/news/a-critique-of-risk-mitigation-strategies-on-superyachts/,https://www.oldseadogs.com/stories/news-a-critique-of-risk-mitigation-strategies-on-superyachts,/stories/news-a-critique-of-risk-mitigation-strategies-on-superyachts,301,News: Revealing the Best Practices and Potential Pitfalls of Risk Mitigation Measures on Superyachts
article redirect,https://oldseadogs.com/news/december-excitement-marine-auctions-unveils-december-online-auctions/,/news/december-excitement-marine-auctions-unveils-december-online-auctions/,https://www.oldseadogs.com/stories/news-december-excitement-marine-auctions-unveils-december-online-auctions,/stories/news-december-excitement-marine-auctions-unveils-december-online-auctions,301,News: Batten Down the Hatches for the December Online Auctions Presented by Marine Auctions
article redirect,https://oldseadogs.com/lifestyle/dr-mohammed-al-barwani-a-deep-dive-into-his-yachting-ventures/,/lifestyle/dr-mohammed-al-barwani-a-deep-dive-into-his-yachting-ventures/,https://www.oldseadogs.com/stories/lifestyle-dr-mohammed-al-barwani-a-deep-dive-into-his-yachting-ventures,/stories/lifestyle-dr-mohammed-al-barwani-a-deep-dive-into-his-yachting-ventures,301,"Lifestyle: Journey of Mohammed Al Barwani: Selling Oceanco, Reviving Turquoise Yachts and Redefining Yachting in Turkey"
article redirect,https://oldseadogs.com/news/hamble-winter-series-2025-concludes-grand-plans-for-sailing-grand-slam-2026-revealed/,/news/hamble-winter-series-2025-concludes-grand-plans-for-sailing-grand-slam-2026-revealed/,https://www.oldseadogs.com/stories/news-hamble-winter-series-2025-concludes-grand-plans-for-sailing-grand-slam-2026-revealed,/stories/news-hamble-winter-series-2025-concludes-grand-plans-for-sailing-grand-slam-2026-revealed,301,News: A Spectacular Conclusion to the Hamble Winter Series 2025; Sailing Grand Slam Unveils Planned Olympic-Class Series for 2026
article redirect,https://oldseadogs.com/racing/memorable-moments-from-2025-hamble-winter-series-and-upcoming-sailing-grand-slam-2026/,/racing/memorable-moments-from-2025-hamble-winter-series-and-upcoming-sailing-grand-slam-2026/,https://www.oldseadogs.com/stories/racing-memorable-moments-from-2025-hamble-winter-series-and-upcoming-sailing-grand-slam-2026,/stories/racing-memorable-moments-from-2025-hamble-winter-series-and-upcoming-sailing-grand-slam-2026,301,Racing: Celebrating a Thrilling Close to the Hamble Winter Series 2025 and Looking Ahead at the Exciting 2026 Olympic-Class Sailing Grand Slam
article redirect,https://oldseadogs.com/boat-reviews/revival-of-the-46m-delta-marine-yacht-a-blend-of-classic-and-contemporary/,/boat-reviews/revival-of-the-46m-delta-marine-yacht-a-blend-of-classic-and-contemporary/,https://www.oldseadogs.com/stories/boat-reviews-revival-of-the-46m-delta-marine-yacht-a-blend-of-classic-and-contemporary,/stories/boat-reviews-revival-of-the-46m-delta-marine-yacht-a-blend-of-classic-and-contemporary,301,"Boat Reviews: Driven, Delta Marine's 46m Superyacht, Undergoes a Spectacular Interior Refit by Patrick Knowles Designs"
article redirect,https://oldseadogs.com/boat-reviews/award-winning-yacht-seven-sins-goes-up-for-sale/,/boat-reviews/award-winning-yacht-seven-sins-goes-up-for-sale/,https://www.oldseadogs.com/stories/boat-reviews-award-winning-yacht-seven-sins-goes-up-for-sale,/stories/boat-reviews-award-winning-yacht-seven-sins-goes-up-for-sale,301,"Boat Reviews: Experience Unmatched Luxury and Elegance at Sea with the 'SEVEN SINS', Now Available for Purchase"
article redirect,https://oldseadogs.com/news/bagliettos-luxury-motor-yacht-tiamat-finally-sold/,/news/bagliettos-luxury-motor-yacht-tiamat-finally-sold/,https://www.oldseadogs.com/stories/news-bagliettos-luxury-motor-yacht-tiamat-finally-sold,/stories/news-bagliettos-luxury-motor-yacht-tiamat-finally-sold,301,News: Exquisite 43m Baglietto Motor Yacht Tiamat Finds a New Owner
article redirect,https://oldseadogs.com/racing/ross-hubbard-takes-on-the-global-solo-challenge/,/racing/ross-hubbard-takes-on-the-global-solo-challenge/,https://www.oldseadogs.com/stories/racing-ross-hubbard-takes-on-the-global-solo-challenge,/stories/racing-ross-hubbard-takes-on-the-global-solo-challenge,301,Racing: Sea-Bear Awaits: Ross Hubbard Prepares to Tackle the Global Solo Challenge
article redirect,https://oldseadogs.com/news/benetti-poised-to-integrate-artificial-intelligence-in-yacht-manufacturing/,/news/benetti-poised-to-integrate-artificial-intelligence-in-yacht-manufacturing/,https://www.oldseadogs.com/stories/news-benetti-poised-to-integrate-artificial-intelligence-in-yacht-manufacturing,/stories/news-benetti-poised-to-integrate-artificial-intelligence-in-yacht-manufacturing,301,News: Revolutionising the Yachting Industry: Benetti Set to Incorporate AI into Their Production Process
article redirect,https://oldseadogs.com/boat-shows/experience-the-excitement-of-boot-d%C3%BCsseldorf-with-ancasta/,/boat-shows/experience-the-excitement-of-boot-d%C3%BCsseldorf-with-ancasta/,https://www.oldseadogs.com/stories/boat-shows-experience-the-excitement-of-boot-dusseldorf-with-ancasta,/stories/boat-shows-experience-the-excitement-of-boot-dusseldorf-with-ancasta,301,Shows: Discover the Marvels of Marina Life at Boot Düsseldorf 2026 with Ancasta International
article redirect,https://oldseadogs.com/boat-reviews/opulent-wally-93-sailboat-bullitt-hits-the-market/,/boat-reviews/opulent-wally-93-sailboat-bullitt-hits-the-market/,https://www.oldseadogs.com/stories/boat-reviews-opulent-wally-93-sailboat-bullitt-hits-the-market,/stories/boat-reviews-opulent-wally-93-sailboat-bullitt-hits-the-market,301,Boat Reviews: Award-Winning Wally 93 Sailing Yacht Bullitt Now For Sale Following Extensive Performance Upgrades
article redirect,https://oldseadogs.com/news/2026-outlook-for-explorer-yachts-prevailing-market-trends-showcased/,/news/2026-outlook-for-explorer-yachts-prevailing-market-trends-showcased/,https://www.oldseadogs.com/stories/news-2026-outlook-for-explorer-yachts-prevailing-market-trends-showcased,/stories/news-2026-outlook-for-explorer-yachts-prevailing-market-trends-showcased,301,News: Discover the Dawning Era of the Explorer Yachts Market from the Unforgettable 2025 Explorer Yachts Summit
article redirect,https://oldseadogs.com/news/ancient-invests-in-burgess-amid-superyacht-sector-flux/,/news/ancient-invests-in-burgess-amid-superyacht-sector-flux/,https://www.oldseadogs.com/stories/news-ancient-invests-in-burgess-amid-superyacht-sector-flux,/stories/news-ancient-invests-in-burgess-amid-superyacht-sector-flux,301,News: Superyacht Services Set for Change as Ancient Makes Significant Investment in Burgess
article redirect,https://oldseadogs.com/news/emirates-team-scoops-top-honours-at-yachting-excellence-awards-2025/,/news/emirates-team-scoops-top-honours-at-yachting-excellence-awards-2025/,https://www.oldseadogs.com/stories/news-emirates-team-scoops-top-honours-at-yachting-excellence-awards-2025,/stories/news-emirates-team-scoops-top-honours-at-yachting-excellence-awards-2025,301,News: Emirates Team New Zealand Reigns Supreme at the 2025 Barfoot & Thompson Yachting Excellence Awards
article redirect,https://oldseadogs.com/boat-reviews/inside-the-flagship-numarine-explorer-yacht-miouch/,/boat-reviews/inside-the-flagship-numarine-explorer-yacht-miouch/,https://www.oldseadogs.com/stories/boat-reviews-inside-the-flagship-numarine-explorer-yacht-miouch,/stories/boat-reviews-inside-the-flagship-numarine-explorer-yacht-miouch,301,Boat Reviews: Step Aboard the Numarine Explorer Yacht Miouch: A True Beacon of Mediterranean Luxury
article redirect,https://oldseadogs.com/racing/iqfoil-senior-european-championship-nears-end/,/racing/iqfoil-senior-european-championship-nears-end/,https://www.oldseadogs.com/stories/racing-iqfoil-senior-european-championship-nears-end,/stories/racing-iqfoil-senior-european-championship-nears-end,301,Racing: iQFOiL Sailboarding Senior European Championship Peers Towards High Stakes Medal Series Showdown
article redirect,https://oldseadogs.com/news/november-2025s-high-impact-yachting-stories-goliaths-concepts-and-restorations/,/news/november-2025s-high-impact-yachting-stories-goliaths-concepts-and-restorations/,https://www.oldseadogs.com/stories/news-november-2025s-high-impact-yachting-stories-goliaths-concepts-and-restorations,/stories/news-november-2025s-high-impact-yachting-stories-goliaths-concepts-and-restorations,301,News: From Eye-Catching Designs to Historic Overhauls: The Boating Chronicles of November 2025
article redirect,https://oldseadogs.com/news/the-sale-of-the-49.9-metre-motor-yacht-n1/,/news/the-sale-of-the-49.9-metre-motor-yacht-n1/,https://www.oldseadogs.com/stories/news-the-sale-of-the-49-9-metre-motor-yacht-n1,/stories/news-the-sale-of-the-49-9-metre-motor-yacht-n1,301,News: The Magnificent Mangusta 165 REV N1 Motor Yacht Finds a New Owner
article redirect,https://oldseadogs.com/racing/tom-slingsby-and-the-flying-roos-take-on-the-sailgp-grand-final/,/racing/tom-slingsby-and-the-flying-roos-take-on-the-sailgp-grand-final/,https://www.oldseadogs.com/stories/racing-tom-slingsby-and-the-flying-roos-take-on-the-sailgp-grand-final,/stories/racing-tom-slingsby-and-the-flying-roos-take-on-the-sailgp-grand-final,301,"Racing: Undeterred by Rivals, Tom Slingsby Gathers Aussie Strength for Showdown at SailGP Grand Final"
article redirect,https://oldseadogs.com/news/unveiling-the-black-friday-deal-on-the-obrien-screamer-boat-tube/,/news/unveiling-the-black-friday-deal-on-the-obrien-screamer-boat-tube/,https://www.oldseadogs.com/stories/news-unveiling-the-black-friday-deal-on-the-obrien-screamer-boat-tube,/stories/news-unveiling-the-black-friday-deal-on-the-obrien-screamer-boat-tube,301,News: Unleash Your Inner Adventurer With Unbeatable Black Friday Deal on Top-Rated O’Brien Screamer Boat Tube
article redirect,https://oldseadogs.com/boat-reviews/jolt-by-name-jolt-by-nature-monacos-thunderbolt-in-the-2025-admirals-cup/,/boat-reviews/jolt-by-name-jolt-by-nature-monacos-thunderbolt-in-the-2025-admirals-cup/,https://www.oldseadogs.com/stories/boat-reviews-jolt-by-name-jolt-by-nature-monacos-thunderbolt-in-the-2025-admirals-cup,/stories/boat-reviews-jolt-by-name-jolt-by-nature-monacos-thunderbolt-in-the-2025-admirals-cup,301,Boat Reviews: Monaco’s Thunder- Jolt in the 2025 Admiral’s Cup
article redirect,https://oldseadogs.com/news/admirals-cup-2027-rorc-confirms/,/news/admirals-cup-2027-rorc-confirms/,https://www.oldseadogs.com/stories/news-admirals-cup-2027-rorc-confirms,/stories/news-admirals-cup-2027-rorc-confirms,301,News: Admiral’s Cup 2027 will run from 15–30 July
article redirect,https://oldseadogs.com/racing/enthralling-state-championships-warm-up-for-nsw-12ft-skiff-fleet/,/racing/enthralling-state-championships-warm-up-for-nsw-12ft-skiff-fleet/,https://www.oldseadogs.com/stories/racing-enthralling-state-championships-warm-up-for-nsw-12ft-skiff-fleet,/stories/racing-enthralling-state-championships-warm-up-for-nsw-12ft-skiff-fleet,301,Racing: NSW 12ft Skiff Fleet Rides High in Anticipation of Thrilling State Championships
article redirect,https://oldseadogs.com/news/hy10-launches-multi-currency-finance-platform-for-uhnwis/,/news/hy10-launches-multi-currency-finance-platform-for-uhnwis/,https://www.oldseadogs.com/stories/news-hy10-launches-multi-currency-finance-platform-for-uhnwis,/stories/news-hy10-launches-multi-currency-finance-platform-for-uhnwis,301,News: A New Wave of Ultra-Exclusive Finance: HY10's Multi-Currency Infrastructure Aiming for the Super Wealthy
article redirect,https://oldseadogs.com/masterclass/mastering-the-art-of-driving-a-stepped-hull-motor-boat/,/masterclass/mastering-the-art-of-driving-a-stepped-hull-motor-boat/,https://www.oldseadogs.com/stories/masterclass-mastering-the-art-of-driving-a-stepped-hull-motor-boat,/stories/masterclass-mastering-the-art-of-driving-a-stepped-hull-motor-boat,301,Masterclass: Unlock the Secrets of Navigating a Stepped Hull Motor Boat for Better Speed and Fuel Economy
article redirect,https://oldseadogs.com/news/rmk-yachts-and-espen-%C3%B8ino-join-forces-on-50m-superyacht/,/news/rmk-yachts-and-espen-%C3%B8ino-join-forces-on-50m-superyacht/,https://www.oldseadogs.com/stories/news-rmk-yachts-and-espen-ino-join-forces-on-50m-superyacht,/stories/news-rmk-yachts-and-espen-ino-join-forces-on-50m-superyacht,301,News: Turkish Shipyard RMK Yachts Join Hands With Renowned Studio Espen Øino International for 50-metre Superyacht Venture
article redirect,https://oldseadogs.com/news/rolex-sailgp-championship-2025-grand-final/,/news/rolex-sailgp-championship-2025-grand-final/,https://www.oldseadogs.com/stories/news-rolex-sailgp-championship-2025-grand-final,/stories/news-rolex-sailgp-championship-2025-grand-final,301,"News: Speed, Stakes, and Sail Racing Glory Await in Abu Dhabi"
article redirect,https://oldseadogs.com/boat-reviews/royal-huismans-epic-mission-to-construct-the-worlds-tallest-sloop/,/boat-reviews/royal-huismans-epic-mission-to-construct-the-worlds-tallest-sloop/,https://www.oldseadogs.com/stories/boat-reviews-royal-huismans-epic-mission-to-construct-the-worlds-tallest-sloop,/stories/boat-reviews-royal-huismans-epic-mission-to-construct-the-worlds-tallest-sloop,301,Boat Reviews: Unveiling the Sky: Royal Huisman Brings to Life the World's Tallest Sloop Featuring Unrivalled Engineering Expertise
article redirect,https://oldseadogs.com/news/young-voices-empowered-through-ryas-newest-initiative/,/news/young-voices-empowered-through-ryas-newest-initiative/,https://www.oldseadogs.com/stories/news-young-voices-empowered-through-ryas-newest-initiative,/stories/news-young-voices-empowered-through-ryas-newest-initiative,301,News: Discover the Power of Youth: RYA Launches Futures Lab to Empower Young Voices in Sailing
article redirect,https://oldseadogs.com/news/admirals-cup-2027-offshore-sailings-golden-era-returns/,/news/admirals-cup-2027-offshore-sailings-golden-era-returns/,https://www.oldseadogs.com/stories/news-admirals-cup-2027-offshore-sailings-golden-era-returns,/stories/news-admirals-cup-2027-offshore-sailings-golden-era-returns,301,News: Admiral’s Cup 2027 Offshore Sailing’s Golden Era Returns
article redirect,https://oldseadogs.com/news/bvi-spring-regatta-2026-registration-now-open-for-the-caribbeans-premier-sailing-festival/,/news/bvi-spring-regatta-2026-registration-now-open-for-the-caribbeans-premier-sailing-festival/,https://www.oldseadogs.com/stories/news-bvi-spring-regatta-2026-registration-now-open-for-the-caribbeans-premier-sailing-festival,/stories/news-bvi-spring-regatta-2026-registration-now-open-for-the-caribbeans-premier-sailing-festival,301,News: Registration Now Open for the Caribbean’s Premier Sailing Festival - BVI Spring Regatta 2026
article redirect,https://oldseadogs.com/boat-reviews/first-glimpse-of-the-abeking-rasmussen-superyacht-project/,/boat-reviews/first-glimpse-of-the-abeking-rasmussen-superyacht-project/,https://www.oldseadogs.com/stories/boat-reviews-first-glimpse-of-the-abeking-rasmussen-superyacht-project,/stories/boat-reviews-first-glimpse-of-the-abeking-rasmussen-superyacht-project,301,Boat Reviews: First Photographs Surface of Abeking & Rasmussen’s Mysterious 80m Superyacht Project 6516
article redirect,https://oldseadogs.com/boat-reviews/grand-banks-54-the-ultimate-family-cruiser-under-65ft/,/boat-reviews/grand-banks-54-the-ultimate-family-cruiser-under-65ft/,https://www.oldseadogs.com/stories/boat-reviews-grand-banks-54-the-ultimate-family-cruiser-under-65ft,/stories/boat-reviews-grand-banks-54-the-ultimate-family-cruiser-under-65ft,301,Boat Reviews: Grand Banks 54: The Carbon-Fibre Marvel Redefining Luxury Family Boating
article redirect,https://oldseadogs.com/news/half-price-bonanza-on-used-sails-at-sail-exchange/,/news/half-price-bonanza-on-used-sails-at-sail-exchange/,https://www.oldseadogs.com/stories/news-half-price-bonanza-on-used-sails-at-sail-exchange,/stories/news-half-price-bonanza-on-used-sails-at-sail-exchange,301,News: Flash Black Friday Sale at Sail Exchange: Snag a Bargain on Used Sails This Weekend Only
article redirect,https://oldseadogs.com/news/imoca-and-magenta-project-expand-female-leadership-push-ahead-of-vend%C3%A9e-globe-2028/,/news/imoca-and-magenta-project-expand-female-leadership-push-ahead-of-vend%C3%A9e-globe-2028/,https://www.oldseadogs.com/stories/news-imoca-and-magenta-project-expand-female-leadership-push-ahead-of-vendee-globe-2028,/stories/news-imoca-and-magenta-project-expand-female-leadership-push-ahead-of-vendee-globe-2028,301,News: IMOCA and Magenta - Expand Female Leadership - Vendée Globe 2028
article redirect,https://oldseadogs.com/boat-shows/stunning-30m-albator-2-motor-yacht-up-for-sale/,/boat-shows/stunning-30m-albator-2-motor-yacht-up-for-sale/,https://www.oldseadogs.com/stories/boat-shows-stunning-30m-albator-2-motor-yacht-up-for-sale,/stories/boat-shows-stunning-30m-albator-2-motor-yacht-up-for-sale,301,Shows: Embark on Luxury Sea Journeys: The 30m Albator 2 Motor Yacht Now Arguably The Best Buy in Watercraft Market
article redirect,https://oldseadogs.com/destinations/venetian-lagoon/,/destinations/venetian-lagoon/,https://www.oldseadogs.com/stories/destinations-venetian-lagoon,/stories/destinations-venetian-lagoon,301,Destinations: Venetian Lagoon
article redirect,https://oldseadogs.com/news/2026-eurilca-masters-series/,/news/2026-eurilca-masters-series/,https://www.oldseadogs.com/stories/news-2026-eurilca-masters-series,/stories/news-2026-eurilca-masters-series,301,News: 2026 EurILCA Masters Series Launches in Malta
article redirect,https://oldseadogs.com/racing/busa-london-six-pack-2025-regatta-at-welsh-harp-sailing-club/,/racing/busa-london-six-pack-2025-regatta-at-welsh-harp-sailing-club/,https://www.oldseadogs.com/stories/racing-busa-london-six-pack-2025-regatta-at-welsh-harp-sailing-club,/stories/racing-busa-london-six-pack-2025-regatta-at-welsh-harp-sailing-club,301,Racing: Exciting Windfall! 'Solent Fuzz' Takes Gold in the BUSA London Six Pack 2025 Regatta at Welsh Harp Sailing Club
article redirect,https://oldseadogs.com/boat-shows/italian-shipyard-custom-line-showcases-new-luxury-yacht-saetta-128/,/boat-shows/italian-shipyard-custom-line-showcases-new-luxury-yacht-saetta-128/,https://www.oldseadogs.com/stories/boat-shows-italian-shipyard-custom-line-showcases-new-luxury-yacht-saetta-128,/stories/boat-shows-italian-shipyard-custom-line-showcases-new-luxury-yacht-saetta-128,301,Shows: Unveiling the Saetta 128: The Stunning New Addition to Custom Line's Portfolio
article redirect,https://oldseadogs.com/news/l%C3%BCrssen-superyacht-project-cosmos-commences-sea-trials/,/news/l%C3%BCrssen-superyacht-project-cosmos-commences-sea-trials/,https://www.oldseadogs.com/stories/news-lurssen-superyacht-project-cosmos-commences-sea-trials,/stories/news-lurssen-superyacht-project-cosmos-commences-sea-trials,301,"News: Fuel-Cell Superyacht, Project Cosmos, Embarks on Sea Trials with Cutting-Edge Technology"
article redirect,https://oldseadogs.com/news/race-delight-at-welsh-harp-and-norfolk-broads/,/news/race-delight-at-welsh-harp-and-norfolk-broads/,https://www.oldseadogs.com/stories/news-race-delight-at-welsh-harp-and-norfolk-broads,/stories/news-race-delight-at-welsh-harp-and-norfolk-broads,301,News: Thrilling Sailing Duels at BUSA London Six Pack and UEA Unicorn 2025 Championships
article redirect,https://oldseadogs.com/news/the-iym-masterpiece-redefining-yachting-conferences/,/news/the-iym-masterpiece-redefining-yachting-conferences/,https://www.oldseadogs.com/stories/news-the-iym-masterpiece-redefining-yachting-conferences,/stories/news-the-iym-masterpiece-redefining-yachting-conferences,301,"News: Italian Yacht Masters Go Against The Grain With Their Unique Networking Experience, The IYM MASTERPIECE"
article redirect,https://oldseadogs.com/boat-shows/the-iym-masterpiece-rethinking-yachting-networking-events/,/boat-shows/the-iym-masterpiece-rethinking-yachting-networking-events/,https://www.oldseadogs.com/stories/boat-shows-the-iym-masterpiece-rethinking-yachting-networking-events,/stories/boat-shows-the-iym-masterpiece-rethinking-yachting-networking-events,301,Shows: Yachting Masters Come Together for a Day of Networking and Creative Challenges at the IYM Masterpiece Event
article redirect,https://oldseadogs.com/news/wondrous-whitsundays-awaiting-clipper-race-return/,/news/wondrous-whitsundays-awaiting-clipper-race-return/,https://www.oldseadogs.com/stories/news-wondrous-whitsundays-awaiting-clipper-race-return,/stories/news-wondrous-whitsundays-awaiting-clipper-race-return,301,News: The Whitsundays Gears Up to Host the World's Most Thrilling Ocean Adventure - The Clipper Race
article redirect,https://oldseadogs.com/news/crescent-lady-motor-yacht-a-luxurious-beauty-on-the-market/,/news/crescent-lady-motor-yacht-a-luxurious-beauty-on-the-market/,https://www.oldseadogs.com/stories/news-crescent-lady-motor-yacht-a-luxurious-beauty-on-the-market,/stories/news-crescent-lady-motor-yacht-a-luxurious-beauty-on-the-market,301,News: Luxurious 36-meter Crescent Lady Yacht Now Available for Purchase: Explore her Opulent Comforts and Incredible Speed
article redirect,https://oldseadogs.com/news/magnificent-debra-one-motor-yacht-up-for-grabs/,/news/magnificent-debra-one-motor-yacht-up-for-grabs/,https://www.oldseadogs.com/stories/news-magnificent-debra-one-motor-yacht-up-for-grabs,/stories/news-magnificent-debra-one-motor-yacht-up-for-grabs,301,"News: Secure Your Ticket to Luxury with Impressive DEBRA ONE - Meticulously Maintained, Never Chartered & EU VAT Paid"
article redirect,https://oldseadogs.com/racing/women-leading-the-waves-port-phillip-womens-championship-series-2025-2026/,/racing/women-leading-the-waves-port-phillip-womens-championship-series-2025-2026/,https://www.oldseadogs.com/stories/racing-women-leading-the-waves-port-phillip-womens-championship-series-2025-2026,/stories/racing-women-leading-the-waves-port-phillip-womens-championship-series-2025-2026,301,Racing: Grace Under Pressure: How the Port Phillip Women's Championship empowers female sailors and fosters unity on the high seas
article redirect,https://oldseadogs.com/news/joyful-spirit-amid-wet-conditions-at-ioca-optimist-winter-championships/,/news/joyful-spirit-amid-wet-conditions-at-ioca-optimist-winter-championships/,https://www.oldseadogs.com/stories/news-joyful-spirit-amid-wet-conditions-at-ioca-optimist-winter-championships,/stories/news-joyful-spirit-amid-wet-conditions-at-ioca-optimist-winter-championships,301,News: Young Sailors Brave Winter Conditions at IOCA Optimist Championships in Rutland
article redirect,https://oldseadogs.com/news/bermuda-race-organisers-meet-for-centenary-event-planning/,/news/bermuda-race-organisers-meet-for-centenary-event-planning/,https://www.oldseadogs.com/stories/news-bermuda-race-organisers-meet-for-centenary-event-planning,/stories/news-bermuda-race-organisers-meet-for-centenary-event-planning,301,News: BROC Gathers in Bermuda to Strategically Plan for Their Blockbuster 100th Anniversary Celebration
article redirect,https://oldseadogs.com/racing/celebrating-the-80th-edition-of-the-rolex-sydney-hobart-yacht-race/,/racing/celebrating-the-80th-edition-of-the-rolex-sydney-hobart-yacht-race/,https://www.oldseadogs.com/stories/racing-celebrating-the-80th-edition-of-the-rolex-sydney-hobart-yacht-race,/stories/racing-celebrating-the-80th-edition-of-the-rolex-sydney-hobart-yacht-race,301,Racing: Human Spirit Soars As Rolex Sydney Hobart Yacht Race Marks Its 80th Edition
article redirect,https://oldseadogs.com/boat-reviews/29m-ferretti-yacht-together-now-available/,/boat-reviews/29m-ferretti-yacht-together-now-available/,https://www.oldseadogs.com/stories/boat-reviews-29m-ferretti-yacht-together-now-available,/stories/boat-reviews-29m-ferretti-yacht-together-now-available,301,Boat Reviews: Sail into Luxury: The 29m Ferretti Yacht ‘Together’ hits the Market!
article redirect,https://oldseadogs.com/racing/j/70-championship-and-tenzor-cup-kick-off-creates-waves-in-turkey/,/racing/j/70-championship-and-tenzor-cup-kick-off-creates-waves-in-turkey/,https://www.oldseadogs.com/stories/racing-70-championship-and-tenzor-cup-kick-off-creates-waves-in-turkey,/stories/racing-70-championship-and-tenzor-cup-kick-off-creates-waves-in-turkey,301,Racing: Thrilling Start to the J/70 Championship and Tenzor International Cup in Turkey: A Beacon of Sailing Excellence
article redirect,https://oldseadogs.com/boat-reviews/revolutionary-31m-trimaran-yacht-unveiled-by-global-yacht-technology/,/boat-reviews/revolutionary-31m-trimaran-yacht-unveiled-by-global-yacht-technology/,https://www.oldseadogs.com/stories/boat-reviews-revolutionary-31m-trimaran-yacht-unveiled-by-global-yacht-technology,/stories/boat-reviews-revolutionary-31m-trimaran-yacht-unveiled-by-global-yacht-technology,301,Boat Reviews: Global Yacht Technology Debuts Iconic Trimaran Yacht Design Known as Anahita
article redirect,https://oldseadogs.com/news/second-28m-x90-fast-superyacht-snapped-up/,/news/second-28m-x90-fast-superyacht-snapped-up/,https://www.oldseadogs.com/stories/news-second-28m-x90-fast-superyacht-snapped-up,/stories/news-second-28m-x90-fast-superyacht-snapped-up,301,News: Palumbo Superyachts Announces Successful Sale of Second Unit of the Exquisite 28m X90 Fast Model
article redirect,https://oldseadogs.com/boat-reviews/wallys-wallywind110-revving-up-for-a-race-ready-experience/,/boat-reviews/wallys-wallywind110-revving-up-for-a-race-ready-experience/,https://www.oldseadogs.com/stories/boat-reviews-wallys-wallywind110-revving-up-for-a-race-ready-experience,/stories/boat-reviews-wallys-wallywind110-revving-up-for-a-race-ready-experience,301,Boat Reviews: Unveiling the Next Chapter in Sailing Luxuries: Wally’s Updated Wallywind110 All-Carbon Sailing Yacht
article redirect,https://oldseadogs.com/news/ceo-suzanne-blaustone-guides-us-through-the-barton-marine-factory/,/news/ceo-suzanne-blaustone-guides-us-through-the-barton-marine-factory/,https://www.oldseadogs.com/stories/news-ceo-suzanne-blaustone-guides-us-through-the-barton-marine-factory,/stories/news-ceo-suzanne-blaustone-guides-us-through-the-barton-marine-factory,301,News: Discover the heart of UK's Barton Marine through a personal tour conducted by CEO Suzanne Blaustone
article redirect,https://oldseadogs.com/racing/duo-of-champions-aina-bauza-and-axelle-pillain-score-at-17th-transat-caf%C3%A9-lor/,/racing/duo-of-champions-aina-bauza-and-axelle-pillain-score-at-17th-transat-caf%C3%A9-lor/,https://www.oldseadogs.com/stories/racing-duo-of-champions-aina-bauza-and-axelle-pillain-score-at-17th-transat-cafe-lor,/stories/racing-duo-of-champions-aina-bauza-and-axelle-pillain-score-at-17th-transat-cafe-lor,301,Racing: Transatlantic Triumph: Bauza and Pillain Celebrate Memorable Finish at Transat Café L'or Race
article redirect,https://oldseadogs.com/news/majestic-azzurra-36-inception-of-tureddis-first-full-custom-superyacht/,/news/majestic-azzurra-36-inception-of-tureddis-first-full-custom-superyacht/,https://www.oldseadogs.com/stories/news-majestic-azzurra-36-inception-of-tureddis-first-full-custom-superyacht,/stories/news-majestic-azzurra-36-inception-of-tureddis-first-full-custom-superyacht,301,News: Revealing the Azzurra 36: An Exciting New Chapter Begins for Tureddi Yachts as they Embark on their First Full-Custom Superyacht Build
article redirect,https://oldseadogs.com/news/the-birth-of-the-ghost-an-innovative-leap-in-yachting/,/news/the-birth-of-the-ghost-an-innovative-leap-in-yachting/,https://www.oldseadogs.com/stories/news-the-birth-of-the-ghost-an-innovative-leap-in-yachting,/stories/news-the-birth-of-the-ghost-an-innovative-leap-in-yachting,301,"News: Foiler Introduces Ghost, the Luxurious 'Flying' Yacht That's Set to Change the Course of Naval Architecture"
article redirect,https://oldseadogs.com/gear/18th-horizon-fd85s-yacht-sold-and-under-construction/,/gear/18th-horizon-fd85s-yacht-sold-and-under-construction/,https://www.oldseadogs.com/stories/gear-18th-horizon-fd85s-yacht-sold-and-under-construction,/stories/gear-18th-horizon-fd85s-yacht-sold-and-under-construction,301,Gear: Latest Addition to Horizon FD85s Yacht Series Finds Distinctive Owner – An Exclusive Look Into The Structuring Process
article redirect,https://oldseadogs.com/boat-reviews/haze-the-newest-and-largest-edition-in-the-darwin-102-series/,/boat-reviews/haze-the-newest-and-largest-edition-in-the-darwin-102-series/,https://www.oldseadogs.com/stories/boat-reviews-haze-the-newest-and-largest-edition-in-the-darwin-102-series,/stories/boat-reviews-haze-the-newest-and-largest-edition-in-the-darwin-102-series,301,"Boat Reviews: Entrepreneur Steve Rigby's All-new Superyacht: The Darwin 102 Series' Sixth Unit, Haze²"
article redirect,https://oldseadogs.com/news/sunseeker-debunks-rumors-taking-over-boardroom/,/news/sunseeker-debunks-rumors-taking-over-boardroom/,https://www.oldseadogs.com/stories/news-sunseeker-debunks-rumors-taking-over-boardroom,/stories/news-sunseeker-debunks-rumors-taking-over-boardroom,301,News: Confronting Uncertainty: Sunseeker Sets the Record Straight About CEO's Position Amidst Speculation
article redirect,https://oldseadogs.com/boat-reviews/charting-a-course-with-krijn-van-den-brink-of-fd-yachts/,/boat-reviews/charting-a-course-with-krijn-van-den-brink-of-fd-yachts/,https://www.oldseadogs.com/stories/boat-reviews-charting-a-course-with-krijn-van-den-brink-of-fd-yachts,/stories/boat-reviews-charting-a-course-with-krijn-van-den-brink-of-fd-yachts,301,"Boat Reviews: Discover the Inspirational Journey of Krijn Van Den Brink,, the Visionary Behind FD Yachts"
article redirect,https://oldseadogs.com/gear/henri-lloyd-debuts-groundbreaking-ocean-pro-range-at-metstrade2025/,/gear/henri-lloyd-debuts-groundbreaking-ocean-pro-range-at-metstrade2025/,https://www.oldseadogs.com/stories/gear-henri-lloyd-debuts-groundbreaking-ocean-pro-range-at-metstrade2025,/stories/gear-henri-lloyd-debuts-groundbreaking-ocean-pro-range-at-metstrade2025,301,Gear: Revolutionary Ocean PRO Sailing Gear: Henri-Lloyd's Game-Changing Innovation Unveiled at Metstrade2025
article redirect,https://oldseadogs.com/news/melita-marine-group-makes-waves-with-expansion-in-southern-france/,/news/melita-marine-group-makes-waves-with-expansion-in-southern-france/,https://www.oldseadogs.com/stories/news-melita-marine-group-makes-waves-with-expansion-in-southern-france,/stories/news-melita-marine-group-makes-waves-with-expansion-in-southern-france,301,"News: Melita Marine Group Breaks Ground in South of France, Boosting Mediterranean Technical Service Network"
article redirect,https://oldseadogs.com/boat-reviews/ockelbos-new-flagship-cruising-boat-debut-in-the-uk/,/boat-reviews/ockelbos-new-flagship-cruising-boat-debut-in-the-uk/,https://www.oldseadogs.com/stories/boat-reviews-ockelbos-new-flagship-cruising-boat-debut-in-the-uk,/stories/boat-reviews-ockelbos-new-flagship-cruising-boat-debut-in-the-uk,301,Boat Reviews: Ockelbo's Ultimate All-Weather Family Cruiser: The New Flagship Taking the UK Sailing by Storm
article redirect,https://oldseadogs.com/news/ockelbos-new-launch-an-all-weather-family-cruiser-arrives-in-the-uk/,/news/ockelbos-new-launch-an-all-weather-family-cruiser-arrives-in-the-uk/,https://www.oldseadogs.com/stories/news-ockelbos-new-launch-an-all-weather-family-cruiser-arrives-in-the-uk,/stories/news-ockelbos-new-launch-an-all-weather-family-cruiser-arrives-in-the-uk,301,News: Ockelbo's Flagship Multi-Season Cruiser Makes its Debut in the UK - The Ultimate in Versatility and Performance
article redirect,https://oldseadogs.com/news/the-two-new-sailing-phenomena-the-29er-awards-and-the-m32-world-championship/,/news/the-two-new-sailing-phenomena-the-29er-awards-and-the-m32-world-championship/,https://www.oldseadogs.com/stories/news-the-two-new-sailing-phenomena-the-29er-awards-and-the-m32-world-championship,/stories/news-the-two-new-sailing-phenomena-the-29er-awards-and-the-m32-world-championship,301,News: Championing Sailing Talent: An Inside Look at the 29er Awards & M32 World Championship
article redirect,https://oldseadogs.com/racing/unfolding-the-2025-29er-awards-and-m32-world-championship/,/racing/unfolding-the-2025-29er-awards-and-m32-world-championship/,https://www.oldseadogs.com/stories/racing-unfolding-the-2025-29er-awards-and-m32-world-championship,/stories/racing-unfolding-the-2025-29er-awards-and-m32-world-championship,301,Racing: Announcing the 2025 29er Awards and Thrills of the M32 World Championship 2025 Set to Begin in Miami
article redirect,https://oldseadogs.com/boat-reviews/a-fresh-look-at-the-enhanced-pardo-43-day-boat/,/boat-reviews/a-fresh-look-at-the-enhanced-pardo-43-day-boat/,https://www.oldseadogs.com/stories/boat-reviews-a-fresh-look-at-the-enhanced-pardo-43-day-boat,/stories/boat-reviews-a-fresh-look-at-the-enhanced-pardo-43-day-boat,301,Boat Reviews: Dive into the New Pardo 43: Discover Transformations in the Ultimate Walkaround Day Boat
article redirect,https://oldseadogs.com/lifestyle/exploring-gratuities-and-legalities-in-the-charter-yachting-industry/,/lifestyle/exploring-gratuities-and-legalities-in-the-charter-yachting-industry/,https://www.oldseadogs.com/stories/lifestyle-exploring-gratuities-and-legalities-in-the-charter-yachting-industry,/stories/lifestyle-exploring-gratuities-and-legalities-in-the-charter-yachting-industry,301,Lifestyle: Navigating the Murky Waters of Gratuities: A Look at the Intricacies of Tipping in the Charter Yachting Industry
article redirect,https://oldseadogs.com/gear/seld%C3%A9n-mast-unveils-relief-from-traditional-turnbuckles-and-earns-dame-nominations/,/gear/seld%C3%A9n-mast-unveils-relief-from-traditional-turnbuckles-and-earns-dame-nominations/,https://www.oldseadogs.com/stories/gear-selden-mast-unveils-relief-from-traditional-turnbuckles-and-earns-dame-nominations,/stories/gear-selden-mast-unveils-relief-from-traditional-turnbuckles-and-earns-dame-nominations,301,Gear: Seldén Mast Revels in Triple DAME Nominations and Unveils Novel StB Rigging Screws at Metstrade 2025
article redirect,https://oldseadogs.com/news/shaping-a-sustainable-future-the-evolution-of-teak-use-in-yachting/,/news/shaping-a-sustainable-future-the-evolution-of-teak-use-in-yachting/,https://www.oldseadogs.com/stories/news-shaping-a-sustainable-future-the-evolution-of-teak-use-in-yachting,/stories/news-shaping-a-sustainable-future-the-evolution-of-teak-use-in-yachting,301,News: Striking a Balance between Luxury and Sustainability: How Prestigious Yacht Builders are Pioneering Eco-friendly Teak Alternatives
article redirect,https://oldseadogs.com/news/stylish-azimut-yacht-la-mama-arrives-on-the-market/,/news/stylish-azimut-yacht-la-mama-arrives-on-the-market/,https://www.oldseadogs.com/stories/news-stylish-azimut-yacht-la-mama-arrives-on-the-market,/stories/news-stylish-azimut-yacht-la-mama-arrives-on-the-market,301,News: Awe-inspiring Azimut Grande 32M Superyacht 'LA MAMA' Now Available for Discerning Buyers
article redirect,https://oldseadogs.com/racing/thrilling-victory-at-south-african-kzn-flying-15-regionals/,/racing/thrilling-victory-at-south-african-kzn-flying-15-regionals/,https://www.oldseadogs.com/stories/racing-thrilling-victory-at-south-african-kzn-flying-15-regionals,/stories/racing-thrilling-victory-at-south-african-kzn-flying-15-regionals,301,Racing: Exciting Showdown at KZN Flying 15 Regionals Yacht Race: A Nail-biter Full of Adventure and Skill
article redirect,https://oldseadogs.com/news/australian-superyacht-conference-returns-in-2026/,/news/australian-superyacht-conference-returns-in-2026/,https://www.oldseadogs.com/stories/news-australian-superyacht-conference-returns-in-2026,/stories/news-australian-superyacht-conference-returns-in-2026,301,News: Australian Superyacht Conference 2026
article redirect,https://oldseadogs.com/gear/embrace-sea-adventures-with-musto-accessories/,/gear/embrace-sea-adventures-with-musto-accessories/,https://www.oldseadogs.com/stories/gear-embrace-sea-adventures-with-musto-accessories,/stories/gear-embrace-sea-adventures-with-musto-accessories,301,Gear: Revel in Adventures on the High Seas with Essential Musto Accessories
article redirect,https://oldseadogs.com/news/embracing-the-thrill-of-marine-auctions-the-future-of-online-bidding/,/news/embracing-the-thrill-of-marine-auctions-the-future-of-online-bidding/,https://www.oldseadogs.com/stories/news-embracing-the-thrill-of-marine-auctions-the-future-of-online-bidding,/stories/news-embracing-the-thrill-of-marine-auctions-the-future-of-online-bidding,301,News: Dive into the Exciting World of Marine Auctions: Your Ultimate Guide to Virtual Bidding
article redirect,https://oldseadogs.com/news/33m-mac-one-motor-yacht-by-custom-line-hits-the-market/,/news/33m-mac-one-motor-yacht-by-custom-line-hits-the-market/,https://www.oldseadogs.com/stories/news-33m-mac-one-motor-yacht-by-custom-line-hits-the-market,/stories/news-33m-mac-one-motor-yacht-by-custom-line-hits-the-market,301,News: Magnificent Mac One: Resplendent 33-Metre Motor Yacht is Marvellously Sold
article redirect,https://oldseadogs.com/racing/reflections-revelations-following-2nd-place-participation-at-the-transat-caf%C3%A9-lor/,/racing/reflections-revelations-following-2nd-place-participation-at-the-transat-caf%C3%A9-lor/,https://www.oldseadogs.com/stories/racing-reflections-revelations-following-2nd-place-participation-at-the-transat-cafe-lor,/stories/racing-reflections-revelations-following-2nd-place-participation-at-the-transat-cafe-lor,301,Racing: Absorbing the Success: The Reinforced Spirit of Sailing After Securing Second at Transat Café L'OR
article redirect,https://oldseadogs.com/news/rossinavis-prized-superyacht-alchemy-sells-in-exclusive-off-market-deal/,/news/rossinavis-prized-superyacht-alchemy-sells-in-exclusive-off-market-deal/,https://www.oldseadogs.com/stories/news-rossinavis-prized-superyacht-alchemy-sells-in-exclusive-off-market-deal,/stories/news-rossinavis-prized-superyacht-alchemy-sells-in-exclusive-off-market-deal,301,News: Stunning 66-Metre Rossinavi Superyacht Alchemy Clinches Exclusive Off-Market Sale
article redirect,https://oldseadogs.com/news/sunseeker-116-yacht-survivor-2-successfully-sold/,/news/sunseeker-116-yacht-survivor-2-successfully-sold/,https://www.oldseadogs.com/stories/news-sunseeker-116-yacht-survivor-2-successfully-sold,/stories/news-sunseeker-116-yacht-survivor-2-successfully-sold,301,"News: Survivor 2, the Renowned Sunseeker 116 Motor Yacht, Finds a New Owner"
article redirect,https://oldseadogs.com/news/sunseeker-secures-fresh-capital-eyes-growth-amidst-challenges/,/news/sunseeker-secures-fresh-capital-eyes-growth-amidst-challenges/,https://www.oldseadogs.com/stories/news-sunseeker-secures-fresh-capital-eyes-growth-amidst-challenges,/stories/news-sunseeker-secures-fresh-capital-eyes-growth-amidst-challenges,301,"News: In a Wave of Confidence, Lenders Back Sunseeker with Fresh Capital for Future Growth"
article redirect,https://oldseadogs.com/boat-shows/the-maritime-event-of-the-year-metstrade-2025/,/boat-shows/the-maritime-event-of-the-year-metstrade-2025/,https://www.oldseadogs.com/stories/boat-shows-the-maritime-event-of-the-year-metstrade-2025,/stories/boat-shows-the-maritime-event-of-the-year-metstrade-2025,301,Shows: Metstrade 2025: An Unmissable Global Convention Triumphantly Soaring
article redirect,https://oldseadogs.com/gear/unravelling-the-ultimate-presents-for-boating-enthusiasts/,/gear/unravelling-the-ultimate-presents-for-boating-enthusiasts/,https://www.oldseadogs.com/stories/gear-unravelling-the-ultimate-presents-for-boating-enthusiasts,/stories/gear-unravelling-the-ultimate-presents-for-boating-enthusiasts,301,Gear: In Search of the Perfect Gift? Discover Amazing Presents That Will Delight Every Boater in Your Life
article redirect,https://oldseadogs.com/news/lavish-yachts-fall-victim-to-tragic-fire-at-greek-marina/,/news/lavish-yachts-fall-victim-to-tragic-fire-at-greek-marina/,https://www.oldseadogs.com/stories/news-lavish-yachts-fall-victim-to-tragic-fire-at-greek-marina,/stories/news-lavish-yachts-fall-victim-to-tragic-fire-at-greek-marina,301,"News: Blaze at Zea Marina, Greece, Results in Sinking of Four Luxury Yachts"
article redirect,https://oldseadogs.com/news/unveiling-of-project-light-63m-antonini-navi-and-nautas-vision-of-future-seafaring/,/news/unveiling-of-project-light-63m-antonini-navi-and-nautas-vision-of-future-seafaring/,https://www.oldseadogs.com/stories/news-unveiling-of-project-light-63m-antonini-navi-and-nautas-vision-of-future-seafaring,/stories/news-unveiling-of-project-light-63m-antonini-navi-and-nautas-vision-of-future-seafaring,301,News: Discover Antonini Navi and Nauta’s ‘Project Light 63M’: A Bold Yachting Concept Shaped by Rising Demand for Larger Vessels
article redirect,https://oldseadogs.com/boat-reviews/van-der-valk-yacht-jangada-unveiled/,/boat-reviews/van-der-valk-yacht-jangada-unveiled/,https://www.oldseadogs.com/stories/boat-reviews-van-der-valk-yacht-jangada-unveiled,/stories/boat-reviews-van-der-valk-yacht-jangada-unveiled,301,Boat Reviews: Van der Valk Floats Out Magnificent 36m Custom Yacht Jangada
article redirect,https://oldseadogs.com/racing/beyou-and-lagravi%C3%A8re-dominate-the-2025-transat-caf%C3%A9-lor/,/racing/beyou-and-lagravi%C3%A8re-dominate-the-2025-transat-caf%C3%A9-lor/,https://www.oldseadogs.com/stories/racing-beyou-and-lagraviere-dominate-the-2025-transat-cafe-lor,/stories/racing-beyou-and-lagraviere-dominate-the-2025-transat-cafe-lor,301,Racing: CHARAL STORMS TO VICTORY
article redirect,https://oldseadogs.com/news/croatia-overhauls-near-coastal-navigation-laws/,/news/croatia-overhauls-near-coastal-navigation-laws/,https://www.oldseadogs.com/stories/news-croatia-overhauls-near-coastal-navigation-laws,/stories/news-croatia-overhauls-near-coastal-navigation-laws,301,News: Croatian Maritime Rules Revamp: What it Means for Your Large-Yacht Programme
article redirect,https://oldseadogs.com/news/mediterranean-yachting-faces-regulatory-challenge/,/news/mediterranean-yachting-faces-regulatory-challenge/,https://www.oldseadogs.com/stories/news-mediterranean-yachting-faces-regulatory-challenge,/stories/news-mediterranean-yachting-faces-regulatory-challenge,301,News: Complex and Fragmented VAT Regulations Disrupt the Future of Mediterranean Yachting
article redirect,https://oldseadogs.com/boat-reviews/revealed-fairlines-innovative-overhaul-of-the-targa-55/,/boat-reviews/revealed-fairlines-innovative-overhaul-of-the-targa-55/,https://www.oldseadogs.com/stories/boat-reviews-revealed-fairlines-innovative-overhaul-of-the-targa-55,/stories/boat-reviews-revealed-fairlines-innovative-overhaul-of-the-targa-55,301,Boat Reviews: Introducing the Updated Targa 55: Fairline’s Fusion of Aesthetics and Functionality
article redirect,https://oldseadogs.com/lifestyle/thrilling-nautical-adventures-along-the-south-coast-711-nautical-mile-voyage/,/lifestyle/thrilling-nautical-adventures-along-the-south-coast-711-nautical-mile-voyage/,https://www.oldseadogs.com/stories/lifestyle-thrilling-nautical-adventures-along-the-south-coast-711-nautical-mile-voyage,/stories/lifestyle-thrilling-nautical-adventures-along-the-south-coast-711-nautical-mile-voyage,301,Lifestyle: Exhilarating Tale of Solo Yachting: A 711 Nautical Mile Voyage on South Coast Waters
article redirect,https://oldseadogs.com/news/the-remarkable-journey-of-crafting-sustainable-tesumo/,/news/the-remarkable-journey-of-crafting-sustainable-tesumo/,https://www.oldseadogs.com/stories/news-the-remarkable-journey-of-crafting-sustainable-tesumo,/stories/news-the-remarkable-journey-of-crafting-sustainable-tesumo,301,News: Unmasking Tesumo: How a German Company Created a Sustainable Alternative to Teak Wood in yachts.
article redirect,https://oldseadogs.com/news/transat-caf%C3%A9-lor-2025/,/news/transat-caf%C3%A9-lor-2025/,https://www.oldseadogs.com/stories/news-transat-cafe-lor-2025,/stories/news-transat-cafe-lor-2025,301,News: Beyou and Lagravière Power Charal Toward a Historic Victory Across the Atlantic
article redirect,https://oldseadogs.com/gear/unmissable-deals-on-vaikobis-vcold-base-layer-tops/,/gear/unmissable-deals-on-vaikobis-vcold-base-layer-tops/,https://www.oldseadogs.com/stories/gear-unmissable-deals-on-vaikobis-vcold-base-layer-tops,/stories/gear-unmissable-deals-on-vaikobis-vcold-base-layer-tops,301,Gear: Take Advantage of Astounding 50% Off on Vaikobi VCOLD Base Layer Tops!
article redirect,https://oldseadogs.com/gear/introducing-the-harken-gripgo-aluminum-winch-handle/,/gear/introducing-the-harken-gripgo-aluminum-winch-handle/,https://www.oldseadogs.com/stories/gear-introducing-the-harken-gripgo-aluminum-winch-handle,/stories/gear-introducing-the-harken-gripgo-aluminum-winch-handle,301,Gear: Harken Unveils Superior Tide Changer – The Grip&Go Aluminum Winch Handle
article redirect,https://oldseadogs.com/boat-reviews/majestic-dona-francisca-superyacht-sees-noteworthy-price-drop/,/boat-reviews/majestic-dona-francisca-superyacht-sees-noteworthy-price-drop/,https://www.oldseadogs.com/stories/boat-reviews-majestic-dona-francisca-superyacht-sees-noteworthy-price-drop,/stories/boat-reviews-majestic-dona-francisca-superyacht-sees-noteworthy-price-drop,301,Boat Reviews: Exquisite 52-Metre Schooner Dona Francisca Witnesses $2.8 Million Discount: Get the Ultimate Sailing Experience
article redirect,https://oldseadogs.com/boat-reviews/the-synthesis-s.60-an-evolution-in-chaseboat-creation/,/boat-reviews/the-synthesis-s.60-an-evolution-in-chaseboat-creation/,https://www.oldseadogs.com/stories/boat-reviews-the-synthesis-s-60-an-evolution-in-chaseboat-creation,/stories/boat-reviews-the-synthesis-s-60-an-evolution-in-chaseboat-creation,301,Boat Reviews: Modular Chaseboat Revolution: Introducing the Synthesis S.60 by SPARK Marine Projects
article redirect,https://oldseadogs.com/news/unique-upgrades-improve-performance-of-palm-beach-xi/,/news/unique-upgrades-improve-performance-of-palm-beach-xi/,https://www.oldseadogs.com/stories/news-unique-upgrades-improve-performance-of-palm-beach-xi,/stories/news-unique-upgrades-improve-performance-of-palm-beach-xi,301,News: Palm Beach Motor Yachts Presents Innovative Upgrades for Palm Beach XI Preceding 2025 RSHR
article redirect,https://oldseadogs.com/news/alia-yachts-launches-innovative-custom-50m-light-and-fast-superyacht-aly501/,/news/alia-yachts-launches-innovative-custom-50m-light-and-fast-superyacht-aly501/,https://www.oldseadogs.com/stories/news-alia-yachts-launches-innovative-custom-50m-light-and-fast-superyacht-aly501,/stories/news-alia-yachts-launches-innovative-custom-50m-light-and-fast-superyacht-aly501,301,News: Revolutionary ALY501 Superyacht from Alia Yachts Combines Performance with Luxury in a Spectacular 'Aircraft-carrier' Built
article redirect,https://oldseadogs.com/news/landmark-survey-initiative-to-propell-uks-sailing-community-forward/,/news/landmark-survey-initiative-to-propell-uks-sailing-community-forward/,https://www.oldseadogs.com/stories/news-landmark-survey-initiative-to-propell-uks-sailing-community-forward,/stories/news-landmark-survey-initiative-to-propell-uks-sailing-community-forward,301,News: Pioneer initiative by RYA seeks to redefine UK sailing future through community-driven Landmark Survey
article redirect,https://oldseadogs.com/news/ravaging-fire-destroys-yacht-principessa-matera-off-italian-coast/,/news/ravaging-fire-destroys-yacht-principessa-matera-off-italian-coast/,https://www.oldseadogs.com/stories/news-ravaging-fire-destroys-yacht-principessa-matera-off-italian-coast,/stories/news-ravaging-fire-destroys-yacht-principessa-matera-off-italian-coast,301,News: Pristine 27m Leopard Motor Yacht Principessa Matera Reduced to Waterline in Shocking Blaze at Capo Noli
article redirect,https://oldseadogs.com/boat-shows/sydneys-free-boating-festival-hub-unveiled-at-international-on-water-show/,/boat-shows/sydneys-free-boating-festival-hub-unveiled-at-international-on-water-show/,https://www.oldseadogs.com/stories/boat-shows-sydneys-free-boating-festival-hub-unveiled-at-international-on-water-show,/stories/boat-shows-sydneys-free-boating-festival-hub-unveiled-at-international-on-water-show,301,Shows: Sydney International On-Water Boat Show Ushers Advent of Discover Boating Festival Hub - Explore Boating Delights Without Laying Down a Dime
article redirect,https://oldseadogs.com/news/iconic-superyacht-argosy-undergoing-restoration-at-feadship/,/news/iconic-superyacht-argosy-undergoing-restoration-at-feadship/,https://www.oldseadogs.com/stories/news-iconic-superyacht-argosy-undergoing-restoration-at-feadship,/stories/news-iconic-superyacht-argosy-undergoing-restoration-at-feadship,301,News: Historic 72-Meter Superyacht Argosy Undertakes a Three-Year Overhaul Journey at Renowned Dutch Shipyard Feadship
article redirect,https://oldseadogs.com/boat-reviews/superyacht-pangea-equipped-with-new-custom-tenders-from-compass/,/boat-reviews/superyacht-pangea-equipped-with-new-custom-tenders-from-compass/,https://www.oldseadogs.com/stories/boat-reviews-superyacht-pangea-equipped-with-new-custom-tenders-from-compass,/stories/boat-reviews-superyacht-pangea-equipped-with-new-custom-tenders-from-compass,301,"Boat Reviews: Compass Tenders Unveils Exclusive Boats for Amels’ First 80 Model, the Glorious Superyacht Pangea"
article redirect,https://oldseadogs.com/destinations/unearthing-britains-top-sailing-destinations-on-rya-150-podcast/,/destinations/unearthing-britains-top-sailing-destinations-on-rya-150-podcast/,https://www.oldseadogs.com/stories/destinations-unearthing-britains-top-sailing-destinations-on-rya-150-podcast,/stories/destinations-unearthing-britains-top-sailing-destinations-on-rya-150-podcast,301,Destinations: Discover the Delights of Britain's Most Remarkable Sailing Spots on the RYA 150 Podcast
article redirect,https://oldseadogs.com/news/18-imocas-blast-off-as-the-transat-caf%C3%A9-lor-2025-gets-underway-from-le-havre-to-the-caribbean/,/news/18-imocas-blast-off-as-the-transat-caf%C3%A9-lor-2025-gets-underway-from-le-havre-to-the-caribbean/,https://www.oldseadogs.com/stories/news-18-imocas-blast-off-as-the-transat-cafe-lor-2025-gets-underway-from-le-havre-to-the-caribbe,/stories/news-18-imocas-blast-off-as-the-transat-cafe-lor-2025-gets-underway-from-le-havre-to-the-caribbe,301,News: 18 IMOCAs Blast Off..... its the Transat Café L’OR 2025
article redirect,https://oldseadogs.com/news/2025-ilca-under-21-european-titles-decided-after-a-week-of-thrills-and-precision/,/news/2025-ilca-under-21-european-titles-decided-after-a-week-of-thrills-and-precision/,https://www.oldseadogs.com/stories/news-2025-ilca-under-21-european-titles-decided-after-a-week-of-thrills-and-precision,/stories/news-2025-ilca-under-21-european-titles-decided-after-a-week-of-thrills-and-precision,301,News: 2025 ILCA Under-21 European Titles Decided
article redirect,https://oldseadogs.com/boat-reviews/elemental-project-the-making-of-a-premier-sailing-catamaran/,/boat-reviews/elemental-project-the-making-of-a-premier-sailing-catamaran/,https://www.oldseadogs.com/stories/boat-reviews-elemental-project-the-making-of-a-premier-sailing-catamaran,/stories/boat-reviews-elemental-project-the-making-of-a-premier-sailing-catamaran,301,Boat Reviews: Bridging the Thrill of Sailing and Luxurious Motor Yachts: Unveiling The Elemental Project
article redirect,https://oldseadogs.com/racing/pristine-showdown-at-grafham-catamaran-open/,/racing/pristine-showdown-at-grafham-catamaran-open/,https://www.oldseadogs.com/stories/racing-pristine-showdown-at-grafham-catamaran-open,/stories/racing-pristine-showdown-at-grafham-catamaran-open,301,Racing: Gareth Ede Shines at the Grafham Catamaran Open: An Exhilarating Display of Nautical Dexterity
article redirect,https://oldseadogs.com/news/rebirth-of-an-icon-the-transformation-of-wild-oats-xi-into-palm-beach-xi/,/news/rebirth-of-an-icon-the-transformation-of-wild-oats-xi-into-palm-beach-xi/,https://www.oldseadogs.com/stories/news-rebirth-of-an-icon-the-transformation-of-wild-oats-xi-into-palm-beach-xi,/stories/news-rebirth-of-an-icon-the-transformation-of-wild-oats-xi-into-palm-beach-xi,301,News: An Embodiment of Innovation: Palm Beach Motor Yachts Reveals Ambitious Rebuild of Wild Oat XI
article redirect,https://oldseadogs.com/boat-reviews/the-iconic-riva-ferrari-32-communion-of-style-and-luxury/,/boat-reviews/the-iconic-riva-ferrari-32-communion-of-style-and-luxury/,https://www.oldseadogs.com/stories/boat-reviews-the-iconic-riva-ferrari-32-communion-of-style-and-luxury,/stories/boat-reviews-the-iconic-riva-ferrari-32-communion-of-style-and-luxury,301,Boat Reviews: Experience the Riva Ferrari 32: A Remarkable Fusion between the Power of Ferrari and the Craftsmanship of Riva
article redirect,https://oldseadogs.com/news/christensen-48m-motor-yacht-amore-enters-brokerage-market/,/news/christensen-48m-motor-yacht-amore-enters-brokerage-market/,https://www.oldseadogs.com/stories/news-christensen-48m-motor-yacht-amore-enters-brokerage-market,/stories/news-christensen-48m-motor-yacht-amore-enters-brokerage-market,301,News: The Majestic 47.9-metre Christensen Motor Yacht Amore Now up for Sale
article redirect,https://oldseadogs.com/boat-reviews/historic-29m-yacht-thila-hits-the-market/,/boat-reviews/historic-29m-yacht-thila-hits-the-market/,https://www.oldseadogs.com/stories/boat-reviews-historic-29m-yacht-thila-hits-the-market,/stories/boat-reviews-historic-29m-yacht-thila-hits-the-market,301,Boat Reviews: Experience the Luxury of the Seas: The Majestic 29m Sailing Yacht Thila Now for Sale
article redirect,https://oldseadogs.com/news/post-refit-classic-feadship-yacht-returns-to-the-market/,/news/post-refit-classic-feadship-yacht-returns-to-the-market/,https://www.oldseadogs.com/stories/news-post-refit-classic-feadship-yacht-returns-to-the-market,/stories/news-post-refit-classic-feadship-yacht-returns-to-the-market,301,News: 38.4 Metre Feadship Yacht Calypso Set to Rekindle Majesty on Sea Following In-depth Refit
article redirect,https://oldseadogs.com/lifestyle/the-joys-of-dual-boat-ownership-and-the-quintessential-duchy-25/,/lifestyle/the-joys-of-dual-boat-ownership-and-the-quintessential-duchy-25/,https://www.oldseadogs.com/stories/lifestyle-the-joys-of-dual-boat-ownership-and-the-quintessential-duchy-25,/stories/lifestyle-the-joys-of-dual-boat-ownership-and-the-quintessential-duchy-25,301,"Lifestyle: Experiencing Bliss on Water: The Story of an Aquador, a Yamarin, and the Delightful Duchy 25"
article redirect,https://oldseadogs.com/racing/adventures-in-the-transat-caf%C3%A9-lor-deploying-a-weather-buoy/,/racing/adventures-in-the-transat-caf%C3%A9-lor-deploying-a-weather-buoy/,https://www.oldseadogs.com/stories/racing-adventures-in-the-transat-cafe-lor-deploying-a-weather-buoy,/stories/racing-adventures-in-the-transat-cafe-lor-deploying-a-weather-buoy,301,Racing: Clapcich and Harris Utilise Météo France Weather Buoy to Enhance Oceanographic Research During Transat Café L'OR
article redirect,https://oldseadogs.com/boat-reviews/four-winns-unveils-thrilling-new-powercats-th33-and-th38/,/boat-reviews/four-winns-unveils-thrilling-new-powercats-th33-and-th38/,https://www.oldseadogs.com/stories/boat-reviews-four-winns-unveils-thrilling-new-powercats-th33-and-th38,/stories/boat-reviews-four-winns-unveils-thrilling-new-powercats-th33-and-th38,301,"Boat Reviews: Introducing Four Winns' Newest Powercats: The Stellar TH33 and TH38, Fusing Style and Power"
article redirect,https://oldseadogs.com/boat-shows/orca-58-the-visionary-superyacht-project-by-rmk-yachts/,/boat-shows/orca-58-the-visionary-superyacht-project-by-rmk-yachts/,https://www.oldseadogs.com/stories/boat-shows-orca-58-the-visionary-superyacht-project-by-rmk-yachts,/stories/boat-shows-orca-58-the-visionary-superyacht-project-by-rmk-yachts,301,"Shows: Behold the Orca 58: RMK Yachts' Newly Unveiled Ultra-Luxurious 58m Superyacht, Available for Sale"
article redirect,https://oldseadogs.com/racing/seld%C3%A9n-sailjuice-winter-series-gears-up-for-its-17th-season/,/racing/seld%C3%A9n-sailjuice-winter-series-gears-up-for-its-17th-season/,https://www.oldseadogs.com/stories/racing-selden-sailjuice-winter-series-gears-up-for-its-17th-season,/stories/racing-selden-sailjuice-winter-series-gears-up-for-its-17th-season,301,Racing: High Stakes Afloat: The Singular Challenge of the Seldén Sailjuice Winter Series
article redirect,https://oldseadogs.com/news/weather-buoy-deployment-in-the-transat-caf%C3%A9-lor-race/,/news/weather-buoy-deployment-in-the-transat-caf%C3%A9-lor-race/,https://www.oldseadogs.com/stories/news-weather-buoy-deployment-in-the-transat-cafe-lor-race,/stories/news-weather-buoy-deployment-in-the-transat-cafe-lor-race,301,News: Ocean Science Merges With Racing As Clapcich and Harris Deploy Weather Buoy Mid-Race
article redirect,https://oldseadogs.com/lifestyle/mastering-the-seas-when-preparation-encounters-unforeseen-events/,/lifestyle/mastering-the-seas-when-preparation-encounters-unforeseen-events/,https://www.oldseadogs.com/stories/lifestyle-mastering-the-seas-when-preparation-encounters-unforeseen-events,/stories/lifestyle-mastering-the-seas-when-preparation-encounters-unforeseen-events,301,Lifestyle: Navigating Night Adventures: A Tale of Preparation Confronting the Unexpected
article redirect,https://oldseadogs.com/boat-shows/stunning-155m-superyacht-concept-revealed-by-maybach-ocean-club/,/boat-shows/stunning-155m-superyacht-concept-revealed-by-maybach-ocean-club/,https://www.oldseadogs.com/stories/boat-shows-stunning-155m-superyacht-concept-revealed-by-maybach-ocean-club,/stories/boat-shows-stunning-155m-superyacht-concept-revealed-by-maybach-ocean-club,301,Shows: Creating Waves in Luxury Sailing: The Exclusive Maybach Ocean Club Reveals its Immersive 155m Superyacht Concept
article redirect,https://oldseadogs.com/news/october-2025s-top-stories-yachts-refits-builds/,/news/october-2025s-top-stories-yachts-refits-builds/,https://www.oldseadogs.com/stories/news-october-2025s-top-stories-yachts-refits-builds,/stories/news-october-2025s-top-stories-yachts-refits-builds,301,"News: Game Changers of October: Classic Yachts Revived, Lurssen's Project Defy and More"
article redirect,https://oldseadogs.com/news/superyacht-safety-matters-ensuring-pilot-welfare-during-boarding/,/news/superyacht-safety-matters-ensuring-pilot-welfare-during-boarding/,https://www.oldseadogs.com/stories/news-superyacht-safety-matters-ensuring-pilot-welfare-during-boarding,/stories/news-superyacht-safety-matters-ensuring-pilot-welfare-during-boarding,301,News: Are Superyachts forgoing safety for style? A spotlight on pilot welfare when boarding and the importance of communication and collaboration
article redirect,https://oldseadogs.com/news/alloy-yachts-kokotea-registers-a-hefty-500k-price-slump/,/news/alloy-yachts-kokotea-registers-a-hefty-500k-price-slump/,https://www.oldseadogs.com/stories/news-alloy-yachts-kokotea-registers-a-hefty-500k-price-slump,/stories/news-alloy-yachts-kokotea-registers-a-hefty-500k-price-slump,301,"News: Revamped Luxury Sailing Yacht Kokotea Gets Price Chop and Now Commands €6,450,000"
article redirect,https://oldseadogs.com/lifestyle/luxurious-real-estate-the-new-face-of-smart-ownership-in-usa/,/lifestyle/luxurious-real-estate-the-new-face-of-smart-ownership-in-usa/,https://www.oldseadogs.com/stories/lifestyle-luxurious-real-estate-the-new-face-of-smart-ownership-in-usa,/stories/lifestyle-luxurious-real-estate-the-new-face-of-smart-ownership-in-usa,301,Lifestyle: Discover how the American luxury real estate industry is innovating with a fusion of high-end rentals and ownership!
article redirect,https://oldseadogs.com/news/mubadala-abu-dhabi-sail-grand-prix-2025-season-grand-final/,/news/mubadala-abu-dhabi-sail-grand-prix-2025-season-grand-final/,https://www.oldseadogs.com/stories/news-mubadala-abu-dhabi-sail-grand-prix-2025-season-grand-final,/stories/news-mubadala-abu-dhabi-sail-grand-prix-2025-season-grand-final,301,News: Olly Murs to Headline the Mubadala Abu Dhabi Sail Grand Prix 2025 Season Grand Final
article redirect,https://oldseadogs.com/gear/safety-tethers-essential-equipment-for-motor-boaters/,/gear/safety-tethers-essential-equipment-for-motor-boaters/,https://www.oldseadogs.com/stories/gear-safety-tethers-essential-equipment-for-motor-boaters,/stories/gear-safety-tethers-essential-equipment-for-motor-boaters,301,Gear: Safety Tethers: A Valuable and Potentially Life-Saving Addition to Every Motor Boater’s Essential Gear
article redirect,https://oldseadogs.com/boat-reviews/the-duchy-27-outboard-an-affordable-compact-cruiser-at-the-centre-of-attention/,/boat-reviews/the-duchy-27-outboard-an-affordable-compact-cruiser-at-the-centre-of-attention/,https://www.oldseadogs.com/stories/boat-reviews-the-duchy-27-outboard-an-affordable-compact-cruiser-at-the-centre-of-attention,/stories/boat-reviews-the-duchy-27-outboard-an-affordable-compact-cruiser-at-the-centre-of-attention,301,Boat Reviews: Discover the Duchy 27 Outboard: The Charming Compact Cruiser Stealing the Spotlight at Boat Shows
article redirect,https://oldseadogs.com/boat-reviews/unleashing-the-power-of-the-arksen-discovery-8-on-rough-waters/,/boat-reviews/unleashing-the-power-of-the-arksen-discovery-8-on-rough-waters/,https://www.oldseadogs.com/stories/boat-reviews-unleashing-the-power-of-the-arksen-discovery-8-on-rough-waters,/stories/boat-reviews-unleashing-the-power-of-the-arksen-discovery-8-on-rough-waters,301,Boat Reviews: Experience the Thrill and Stability of Arksen Discovery 8 on Rough Waters
article redirect,https://oldseadogs.com/news/marinemax-under-pressure-for-business-sale-amid-criticisms/,/news/marinemax-under-pressure-for-business-sale-amid-criticisms/,https://www.oldseadogs.com/stories/news-marinemax-under-pressure-for-business-sale-amid-criticisms,/stories/news-marinemax-under-pressure-for-business-sale-amid-criticisms,301,News: Activist Investor Donerail Intensifies Pressure on MarineMax for Leadership Overhaul and Business Sale
article redirect,https://oldseadogs.com/boat-reviews/sentinel-debut-shadowcats-advanced-yacht-with-surveillance-drones/,/boat-reviews/sentinel-debut-shadowcats-advanced-yacht-with-surveillance-drones/,https://www.oldseadogs.com/stories/boat-reviews-sentinel-debut-shadowcats-advanced-yacht-with-surveillance-drones,/stories/boat-reviews-sentinel-debut-shadowcats-advanced-yacht-with-surveillance-drones,301,Boat Reviews: ShadowCat Unveils Sentinel: A Revolutionary Support Yacht with Integrated Surveillance Tech
article redirect,https://oldseadogs.com/news/the-implications-of-the-eu-data-act-on-the-superyacht-industry/,/news/the-implications-of-the-eu-data-act-on-the-superyacht-industry/,https://www.oldseadogs.com/stories/news-the-implications-of-the-eu-data-act-on-the-superyacht-industry,/stories/news-the-implications-of-the-eu-data-act-on-the-superyacht-industry,301,News: Revelatory Shifts in Data Governance: How the EU Data Act Recasts the Business Models of the Superyacht Industry
article redirect,https://oldseadogs.com/racing/unleashing-the-dragons-the-final-race-in-the-dragon-tt-series/,/racing/unleashing-the-dragons-the-final-race-in-the-dragon-tt-series/,https://www.oldseadogs.com/stories/racing-unleashing-the-dragons-the-final-race-in-the-dragon-tt-series,/stories/racing-unleashing-the-dragons-the-final-race-in-the-dragon-tt-series,301,Racing: High Impact Radio Sailing on Display: The Dragon TT Series Concludes at the Gosport Model Boat and Yacht Club
article redirect,https://oldseadogs.com/lifestyle/embracing-the-high-seas-a-55000-boating-adventure/,/lifestyle/embracing-the-high-seas-a-55000-boating-adventure/,https://www.oldseadogs.com/stories/lifestyle-embracing-the-high-seas-a-55000-boating-adventure,/stories/lifestyle-embracing-the-high-seas-a-55000-boating-adventure,301,"Lifestyle: From Novices to Experts: How a £55,000 Boat Changed a Couple's Free Time"
article redirect,https://oldseadogs.com/racing/french-flying-15-national-championship-sets-sail-in-2025/,/racing/french-flying-15-national-championship-sets-sail-in-2025/,https://www.oldseadogs.com/stories/racing-french-flying-15-national-championship-sets-sail-in-2025,/stories/racing-french-flying-15-national-championship-sets-sail-in-2025,301,Racing: Enthralling 2025 French Flying 15 National Championship Spanning Lavacourt Lake
article redirect,https://oldseadogs.com/news/majestic-princess-too-yacht-joins-brokerage-market/,/news/majestic-princess-too-yacht-joins-brokerage-market/,https://www.oldseadogs.com/stories/news-majestic-princess-too-yacht-joins-brokerage-market,/stories/news-majestic-princess-too-yacht-joins-brokerage-market,301,News: Dazzling 48m Feadship Motor Yacht Princess Too Emerges For Sale
article redirect,https://oldseadogs.com/news/rolls-royce-unveils-worlds-first-methanol-powered-marine-engine/,/news/rolls-royce-unveils-worlds-first-methanol-powered-marine-engine/,https://www.oldseadogs.com/stories/news-rolls-royce-unveils-worlds-first-methanol-powered-marine-engine,/stories/news-rolls-royce-unveils-worlds-first-methanol-powered-marine-engine,301,News: Navigating into a Greener Future: Rolls-Royce Tests Its First Pure Methanol Marine Engine Successfully
article redirect,https://oldseadogs.com/news/youth-regatta-showcases-budding-talent-at-royal-varuna-yacht-club/,/news/youth-regatta-showcases-budding-talent-at-royal-varuna-yacht-club/,https://www.oldseadogs.com/stories/news-youth-regatta-showcases-budding-talent-at-royal-varuna-yacht-club,/stories/news-youth-regatta-showcases-budding-talent-at-royal-varuna-yacht-club,301,News: Youthful Prodigies Set Sail at the 17th Eastern Seaboard Regatta in Thailand
article redirect,https://oldseadogs.com/boat-shows/superyacht-showcase-at-fort-lauderdale-international-boat-show-2025/,/boat-shows/superyacht-showcase-at-fort-lauderdale-international-boat-show-2025/,https://www.oldseadogs.com/stories/boat-shows-superyacht-showcase-at-fort-lauderdale-international-boat-show-2025,/stories/boat-shows-superyacht-showcase-at-fort-lauderdale-international-boat-show-2025,301,Shows: Giant Names in Yachting Set to Dazzle at Fort Lauderdale International 2025: The Top Contenders
article redirect,https://oldseadogs.com/boat-reviews/the-brave-new-world-of-sustainable-sailing-decks/,/boat-reviews/the-brave-new-world-of-sustainable-sailing-decks/,https://www.oldseadogs.com/stories/boat-reviews-the-brave-new-world-of-sustainable-sailing-decks,/stories/boat-reviews-the-brave-new-world-of-sustainable-sailing-decks,301,"Boat Reviews: As Traditional Teak Flounders, What's On the Horizon for Sustainable Sailing Decks?"
article redirect,https://oldseadogs.com/racing/thrilling-contest-at-the-third-round-of-df95-eastern-district-championships/,/racing/thrilling-contest-at-the-third-round-of-df95-eastern-district-championships/,https://www.oldseadogs.com/stories/racing-thrilling-contest-at-the-third-round-of-df95-eastern-district-championships,/stories/racing-thrilling-contest-at-the-third-round-of-df95-eastern-district-championships,301,"Racing: A Close Contest at the DF95 Eastern District Championship Round 3, Reveals Skippers Pushing the Envelope of Precision"
article redirect,https://oldseadogs.com/news/van-der-valk-begins-construction-on-largest-custom-yacht/,/news/van-der-valk-begins-construction-on-largest-custom-yacht/,https://www.oldseadogs.com/stories/news-van-der-valk-begins-construction-on-largest-custom-yacht,/stories/news-van-der-valk-begins-construction-on-largest-custom-yacht,301,News: Dutch Shipyard Kick-Starts Construction on Mega Custom Build: The 47.8 Metre Project Zen
article redirect,https://oldseadogs.com/news/a-terrible-twist-at-transat-caf%C3%A9-ocean-fifty-trimarans-encounter-misfortune/,/news/a-terrible-twist-at-transat-caf%C3%A9-ocean-fifty-trimarans-encounter-misfortune/,https://www.oldseadogs.com/stories/news-a-terrible-twist-at-transat-cafe-ocean-fifty-trimarans-encounter-misfortune,/stories/news-a-terrible-twist-at-transat-cafe-ocean-fifty-trimarans-encounter-misfortune,301,News: Three Ocean Fifty Trimarans Capsize in Sudden Transat Café L'OR Turbulence - Skippers Safe Amidst Unpredicted Havoc
article redirect,https://oldseadogs.com/racing/wild-weather-challenges-trimaran-sailors-in-transat-caf%C3%A9-lor-regatta/,/racing/wild-weather-challenges-trimaran-sailors-in-transat-caf%C3%A9-lor-regatta/,https://www.oldseadogs.com/stories/racing-wild-weather-challenges-trimaran-sailors-in-transat-cafe-lor-regatta,/stories/racing-wild-weather-challenges-trimaran-sailors-in-transat-cafe-lor-regatta,301,Racing: Three Trimarans Toppled: Wild Seas Capsize Trio of Ocean Fifty Entrants in Transat Café L'or Regatta
article redirect,https://oldseadogs.com/gear/elevate-to-exceptional-warmth-with-the-new-zhik-knit-fleece./,/gear/elevate-to-exceptional-warmth-with-the-new-zhik-knit-fleece./,https://www.oldseadogs.com/stories/gear-elevate-to-exceptional-warmth-with-the-new-zhik-knit-fleece,/stories/gear-elevate-to-exceptional-warmth-with-the-new-zhik-knit-fleece,301,"Gear: Experience unparalleled comfort and performance with Zhik's latest Knit Fleece, an essential addition to your seafaring wardrobe!"
article redirect,https://oldseadogs.com/news/galati-yacht-sales-now-a-100-employee-owned-pioneering-firm/,/news/galati-yacht-sales-now-a-100-employee-owned-pioneering-firm/,https://www.oldseadogs.com/stories/news-galati-yacht-sales-now-a-100-employee-owned-pioneering-firm,/stories/news-galati-yacht-sales-now-a-100-employee-owned-pioneering-firm,301,News: Set Sail toward Celebration: Galati Yacht Sales Embraces Complete Employee Ownership
article redirect,https://oldseadogs.com/news/cdm-launches-acciaio-130-series-yacht-known-as-presence/,/news/cdm-launches-acciaio-130-series-yacht-known-as-presence/,https://www.oldseadogs.com/stories/news-cdm-launches-acciaio-130-series-yacht-known-as-presence,/stories/news-cdm-launches-acciaio-130-series-yacht-known-as-presence,301,News: Italian Shipyard Cantiere delle Marche Unleashes the First Unit in Acciaio 130 Series: The 'Presence'
article redirect,https://oldseadogs.com/news/d%C3%A9fi-azimut-lorient-agglom%C3%A9ration-macif-sant%C3%A9-pr%C3%A9voyance-wins-with-sam-goodchild-and-lo%C3%AFs-berrehar/,/news/d%C3%A9fi-azimut-lorient-agglom%C3%A9ration-macif-sant%C3%A9-pr%C3%A9voyance-wins-with-sam-goodchild-and-lo%C3%AFs-berrehar/,https://www.oldseadogs.com/stories/news-defi-azimut-lorient-agglomeration-macif-sante-prevoyance-wins-with-sam-goodchild-and-lois-b,/stories/news-defi-azimut-lorient-agglomeration-macif-sante-prevoyance-wins-with-sam-goodchild-and-lois-b,301,News: MACIF Santé Prévoyance Wins
article redirect,https://oldseadogs.com/boat-reviews/inside-althea-a-48m-admiral-yacht-masterpiece/,/boat-reviews/inside-althea-a-48m-admiral-yacht-masterpiece/,https://www.oldseadogs.com/stories/boat-reviews-inside-althea-a-48m-admiral-yacht-masterpiece,/stories/boat-reviews-inside-althea-a-48m-admiral-yacht-masterpiece,301,Boat Reviews: Unveiling Althea: An Admirable Display of Exceptional Design in the 48m Admiral Yacht
article redirect,https://oldseadogs.com/news/significant-discount-on-illustrious-motor-yacht-lady-elaine/,/news/significant-discount-on-illustrious-motor-yacht-lady-elaine/,https://www.oldseadogs.com/stories/news-significant-discount-on-illustrious-motor-yacht-lady-elaine,/stories/news-significant-discount-on-illustrious-motor-yacht-lady-elaine,301,"News: Exquisite Christensen Motor Yacht Lady Elaine Goes Under the Hammer, Experiences Exceptional $1M Price Cut Just a Week before Major Boat Show"
article redirect,https://oldseadogs.com/news/stunning-50m-trinity-motor-yacht-impromptu-slashes-price-by-550k/,/news/stunning-50m-trinity-motor-yacht-impromptu-slashes-price-by-550k/,https://www.oldseadogs.com/stories/news-stunning-50m-trinity-motor-yacht-impromptu-slashes-price-by-550k,/stories/news-stunning-50m-trinity-motor-yacht-impromptu-slashes-price-by-550k,301,"News: Ahead of the Prestigious Fort Lauderdale Boat Show, the Grand 50m Trinity Motor Yacht Impromptu Receives a Whopping $550k Price Cut"
article redirect,https://oldseadogs.com/boat-reviews/substantial-price-cut-on-aes-yachts-34.6m-explorer-vessel-mereley-i/,/boat-reviews/substantial-price-cut-on-aes-yachts-34.6m-explorer-vessel-mereley-i/,https://www.oldseadogs.com/stories/boat-reviews-substantial-price-cut-on-aes-yachts-34-6m-explorer-vessel-mereley-i,/stories/boat-reviews-substantial-price-cut-on-aes-yachts-34-6m-explorer-vessel-mereley-i,301,"Boat Reviews: AES Yacht's Mereley I, a 35m 'Pocket Explorer', Gets Notable €500k Price Reduction"
article redirect,https://oldseadogs.com/lifestyle/nautical-adventure-an-epic-coastal-sail-from-poole-to-isles-of-scilly/,/lifestyle/nautical-adventure-an-epic-coastal-sail-from-poole-to-isles-of-scilly/,https://www.oldseadogs.com/stories/lifestyle-nautical-adventure-an-epic-coastal-sail-from-poole-to-isles-of-scilly,/stories/lifestyle-nautical-adventure-an-epic-coastal-sail-from-poole-to-isles-of-scilly,301,Lifestyle: Embark on a Memorable Voyage: The Tale of a Three-Month Cruise from Poole to Isles of Scilly
article redirect,https://oldseadogs.com/boat-reviews/revelation-of-stellar-interiors-of-columbus-crossover-42-yacht-big-naan/,/boat-reviews/revelation-of-stellar-interiors-of-columbus-crossover-42-yacht-big-naan/,https://www.oldseadogs.com/stories/boat-reviews-revelation-of-stellar-interiors-of-columbus-crossover-42-yacht-big-naan,/stories/boat-reviews-revelation-of-stellar-interiors-of-columbus-crossover-42-yacht-big-naan,301,"Boat Reviews: Exclusive Look: Italian Yard Columbus Yachts Unveils Inner Majesty of its First Crossover 42, Big Naan"
article redirect,https://oldseadogs.com/racing/thrilling-outcomes-in-the-2025-bermuda-gold-cup/,/racing/thrilling-outcomes-in-the-2025-bermuda-gold-cup/,https://www.oldseadogs.com/stories/racing-thrilling-outcomes-in-the-2025-bermuda-gold-cup,/stories/racing-thrilling-outcomes-in-the-2025-bermuda-gold-cup,301,Racing: Champion Berntsson Takes Dramatic Charge in the 2025 Bermuda Gold Cup Amid Intriguing Tactics and Fierce Competition
article redirect,https://oldseadogs.com/news/turkish-shipyard-bilgin-yachts-launches-first-bilgin-170-superyacht-model/,/news/turkish-shipyard-bilgin-yachts-launches-first-bilgin-170-superyacht-model/,https://www.oldseadogs.com/stories/news-turkish-shipyard-bilgin-yachts-launches-first-bilgin-170-superyacht-model,/stories/news-turkish-shipyard-bilgin-yachts-launches-first-bilgin-170-superyacht-model,301,"News: Bilgin Yachts Unveils Tamasha, The Pioneering Model of the Bilgin 170 Series: A Maritime Triumph"
article redirect,https://oldseadogs.com/gear/unleashing-the-power-of-armstrong-foils-carbon-masts/,/gear/unleashing-the-power-of-armstrong-foils-carbon-masts/,https://www.oldseadogs.com/stories/gear-unleashing-the-power-of-armstrong-foils-carbon-masts,/stories/gear-unleashing-the-power-of-armstrong-foils-carbon-masts,301,Gear: Raising the Wave of Foiling with Armstrong's Integration of Foil Drive in Carbon Masts
article redirect,https://oldseadogs.com/boat-reviews/numarine-delivers-second-flagship-40mxp-yacht-mitan/,/boat-reviews/numarine-delivers-second-flagship-40mxp-yacht-mitan/,https://www.oldseadogs.com/stories/boat-reviews-numarine-delivers-second-flagship-40mxp-yacht-mitan,/stories/boat-reviews-numarine-delivers-second-flagship-40mxp-yacht-mitan,301,"Boat Reviews: Discover the New Horizons with Mitan, the Second in Numarine's Flagship 40MXP Series"
article redirect,https://oldseadogs.com/news/p3-marine-revolutionising-the-superyacht-industrys-financial-management/,/news/p3-marine-revolutionising-the-superyacht-industrys-financial-management/,https://www.oldseadogs.com/stories/news-p3-marine-revolutionising-the-superyacht-industrys-financial-management,/stories/news-p3-marine-revolutionising-the-superyacht-industrys-financial-management,301,"News: Meet P3 Marine, The Startup That's Taken Superyacht Finance By Storm In Just A Year"
article redirect,https://oldseadogs.com/racing/rutland-sailing-club-hosts-iconic-international-moth-winter-championship-2025/,/racing/rutland-sailing-club-hosts-iconic-international-moth-winter-championship-2025/,https://www.oldseadogs.com/stories/racing-rutland-sailing-club-hosts-iconic-international-moth-winter-championship-2025,/stories/racing-rutland-sailing-club-hosts-iconic-international-moth-winter-championship-2025,301,Racing: Ruthless Racing and Innovation at The International Moth Winter Championship 2025 Hosted by Rutland Sailing Club
article redirect,https://oldseadogs.com/boat-reviews/sanlorenzo-unveils-groundbreaking-yacht-concept-she/,/boat-reviews/sanlorenzo-unveils-groundbreaking-yacht-concept-she/,https://www.oldseadogs.com/stories/boat-reviews-sanlorenzo-unveils-groundbreaking-yacht-concept-she,/stories/boat-reviews-sanlorenzo-unveils-groundbreaking-yacht-concept-she,301,Boat Reviews: Sanlorenzo's New Heritage Yacht SHE is Redefining the Luxury Sea Experience
article redirect,https://oldseadogs.com/boat-reviews/unrivalled-brilliance-of-fairline-f/line-33-among-best-hulls-on-the-market/,/boat-reviews/unrivalled-brilliance-of-fairline-f/line-33-among-best-hulls-on-the-market/,https://www.oldseadogs.com/stories/boat-reviews-line-33-among-best-hulls-on-the-market,/stories/boat-reviews-line-33-among-best-hulls-on-the-market,301,"Boat Reviews: Setting new standards, Fairline F//Line 33 Shakes the World with its Exceptional Hull Construction and Design"
article redirect,https://oldseadogs.com/boat-shows/cl-yachts-launches-a-resort-inspired-35m-catamaran-model/,/boat-shows/cl-yachts-launches-a-resort-inspired-35m-catamaran-model/,https://www.oldseadogs.com/stories/boat-shows-cl-yachts-launches-a-resort-inspired-35m-catamaran-model,/stories/boat-shows-cl-yachts-launches-a-resort-inspired-35m-catamaran-model,301,Shows: CL Yachts Breaks New Ground with 'Resort-style' C Series Catamaran Model
article redirect,https://oldseadogs.com/boat-reviews/masterpiece-of-the-sea-the-ferretti-1000-series-yacht-spica-now-available/,/boat-reviews/masterpiece-of-the-sea-the-ferretti-1000-series-yacht-spica-now-available/,https://www.oldseadogs.com/stories/boat-reviews-masterpiece-of-the-sea-the-ferretti-1000-series-yacht-spica-now-available,/stories/boat-reviews-masterpiece-of-the-sea-the-ferretti-1000-series-yacht-spica-now-available,301,Boat Reviews: Experience Unparalleled Luxury at Sea With the Highly Coveted FERRETTI 1000 Series Yacht 'SPICA' Now on the Market
article redirect,https://oldseadogs.com/boat-reviews/re-defining-safety-culture-in-superyacht-industry/,/boat-reviews/re-defining-safety-culture-in-superyacht-industry/,https://www.oldseadogs.com/stories/boat-reviews-re-defining-safety-culture-in-superyacht-industry,/stories/boat-reviews-re-defining-safety-culture-in-superyacht-industry,301,Boat Reviews: An Extract on Superyachts: Addressing Safety Culture and the Well-being of Yacht Crew
article redirect,https://oldseadogs.com/gear/revolutionary-pegasus-electric-foiling-craft-the-superyacht-toy-for-speed-junkies/,/gear/revolutionary-pegasus-electric-foiling-craft-the-superyacht-toy-for-speed-junkies/,https://www.oldseadogs.com/stories/gear-revolutionary-pegasus-electric-foiling-craft-the-superyacht-toy-for-speed-junkies,/stories/gear-revolutionary-pegasus-electric-foiling-craft-the-superyacht-toy-for-speed-junkies,301,Gear: Meet Pegasus: The High-tech Electric Foiler Taking Yacht Toys to Dizzying 30-knot Speeds
article redirect,https://oldseadogs.com/news/revolutionising-safety-and-progressive-changes-in-yachting-industry/,/news/revolutionising-safety-and-progressive-changes-in-yachting-industry/,https://www.oldseadogs.com/stories/news-revolutionising-safety-and-progressive-changes-in-yachting-industry,/stories/news-revolutionising-safety-and-progressive-changes-in-yachting-industry,301,News: Unveiling the Distinct Reality of Safety Culture and Progressive Shifts in the Yachting Sector
article redirect,https://oldseadogs.com/racing/rooster-ilca-6-national-open-event-action-packed-sailing-at-weymouth-portland-academy/,/racing/rooster-ilca-6-national-open-event-action-packed-sailing-at-weymouth-portland-academy/,https://www.oldseadogs.com/stories/racing-rooster-ilca-6-national-open-event-action-packed-sailing-at-weymouth-portland-academy,/stories/racing-rooster-ilca-6-national-open-event-action-packed-sailing-at-weymouth-portland-academy,301,Racing: Thrilling Two-day Rooster ILCA 6 National Open Event at Weymouth & Portland Sailing Academy Dazzles Crowd
article redirect,https://oldseadogs.com/lifestyle/setting-sail-in-style-which-boat-is-right-for-you/,/lifestyle/setting-sail-in-style-which-boat-is-right-for-you/,https://www.oldseadogs.com/stories/lifestyle-setting-sail-in-style-which-boat-is-right-for-you,/stories/lifestyle-setting-sail-in-style-which-boat-is-right-for-you,301,Lifestyle: Which boat is right for you ?
article redirect,https://oldseadogs.com/news/artemis-racing-returns-sweden-launches-artemis-sailgp-team-for-2026-season/,/news/artemis-racing-returns-sweden-launches-artemis-sailgp-team-for-2026-season/,https://www.oldseadogs.com/stories/news-artemis-racing-returns-sweden-launches-artemis-sailgp-team-for-2026-season,/stories/news-artemis-racing-returns-sweden-launches-artemis-sailgp-team-for-2026-season,301,News: Sweden Launches Artemis SailGP Team for 2026 Season
article redirect,https://oldseadogs.com/news/ryas-trailblazing-2026-university-sailing-sustainability-challenge/,/news/ryas-trailblazing-2026-university-sailing-sustainability-challenge/,https://www.oldseadogs.com/stories/news-ryas-trailblazing-2026-university-sailing-sustainability-challenge,/stories/news-ryas-trailblazing-2026-university-sailing-sustainability-challenge,301,News: Diving into RYA's 2026 University Sailing Sustainability Initiative Setting the Course for Green Boating
article redirect,https://oldseadogs.com/news/the-seismic-shift-of-ownership-the-sale-of-amadea/,/news/the-seismic-shift-of-ownership-the-sale-of-amadea/,https://www.oldseadogs.com/stories/news-the-seismic-shift-of-ownership-the-sale-of-amadea,/stories/news-the-seismic-shift-of-ownership-the-sale-of-amadea,301,News: Saga of the Sea: The Intriguing Tale of Sanctioned Superyacht Amadea's Recent Sale
article redirect,https://oldseadogs.com/news/virage-yachts-named-as-sirena-yachts-exclusive-dealer-in-the-uk/,/news/virage-yachts-named-as-sirena-yachts-exclusive-dealer-in-the-uk/,https://www.oldseadogs.com/stories/news-virage-yachts-named-as-sirena-yachts-exclusive-dealer-in-the-uk,/stories/news-virage-yachts-named-as-sirena-yachts-exclusive-dealer-in-the-uk,301,News: Expansion on the Horizon: Virage Yachts Now Sirena Yachts' Sole UK Dealer
article redirect,https://oldseadogs.com/news/celebrating-the-maritime-communitys-collective-effort/,/news/celebrating-the-maritime-communitys-collective-effort/,https://www.oldseadogs.com/stories/news-celebrating-the-maritime-communitys-collective-effort,/stories/news-celebrating-the-maritime-communitys-collective-effort,301,News: Engines Behind Maritime Events: Spotlighting the Indispensable Role of UK Sailing Clubs and Volunteers
article redirect,https://oldseadogs.com/news/classic-33m-burger-boat-motor-yacht-chanticleer-reduced-by-500k/,/news/classic-33m-burger-boat-motor-yacht-chanticleer-reduced-by-500k/,https://www.oldseadogs.com/stories/news-classic-33m-burger-boat-motor-yacht-chanticleer-reduced-by-500k,/stories/news-classic-33m-burger-boat-motor-yacht-chanticleer-reduced-by-500k,301,News: Luxury Yacht Chanticleer: A Drop in the Ocean at $500k Less
article redirect,https://oldseadogs.com/news/ensign-yacht-group-updates-upcoming-events-and-top-boat-picks/,/news/ensign-yacht-group-updates-upcoming-events-and-top-boat-picks/,https://www.oldseadogs.com/stories/news-ensign-yacht-group-updates-upcoming-events-and-top-boat-picks,/stories/news-ensign-yacht-group-updates-upcoming-events-and-top-boat-picks,301,"News: Dive Into the Latest Ensign Yacht Group News: Unmissable Events, Award-Winning Yachts and Exciting Offers"
article redirect,https://oldseadogs.com/racing/exhilarating-start-and-progress-of-the-46th-rolex-middle-sea-race/,/racing/exhilarating-start-and-progress-of-the-46th-rolex-middle-sea-race/,https://www.oldseadogs.com/stories/racing-exhilarating-start-and-progress-of-the-46th-rolex-middle-sea-race,/stories/racing-exhilarating-start-and-progress-of-the-46th-rolex-middle-sea-race,301,Racing: A Thrilling Tale of the 46th Rolex Middle Sea Race: Athletic Offshore Adventurers Tackle Historic Voyage
article redirect,https://oldseadogs.com/boat-shows/price-slash-on-miss-michelle-the-2025-37m-horizon-motor-yacht/,/boat-shows/price-slash-on-miss-michelle-the-2025-37m-horizon-motor-yacht/,https://www.oldseadogs.com/stories/boat-shows-price-slash-on-miss-michelle-the-2025-37m-horizon-motor-yacht,/stories/boat-shows-price-slash-on-miss-michelle-the-2025-37m-horizon-motor-yacht,301,"Shows: The Lavish 37m Horizon Motor Yacht, Miss Michelle, Unveils an Astounding $1MPrice Dip"
article redirect,https://oldseadogs.com/news/the-46th-rolex-middle-sea-race-begins-and-nears-champion-determination/,/news/the-46th-rolex-middle-sea-race-begins-and-nears-champion-determination/,https://www.oldseadogs.com/stories/news-the-46th-rolex-middle-sea-race-begins-and-nears-champion-determination,/stories/news-the-46th-rolex-middle-sea-race-begins-and-nears-champion-determination,301,"News: Dynamic Sails and Tense Waters as the 46th Rolex Middle Sea Race Thrills, Showcasing Elite Yachting Talent"
article redirect,https://oldseadogs.com/racing/the-thrill-and-results-of-ocean-racing-sydney-auckland-and-rolex-sydney-hobart-yacht-races/,/racing/the-thrill-and-results-of-ocean-racing-sydney-auckland-and-rolex-sydney-hobart-yacht-races/,https://www.oldseadogs.com/stories/racing-the-thrill-and-results-of-ocean-racing-sydney-auckland-and-rolex-sydney-hobart-yacht-race,/stories/racing-the-thrill-and-results-of-ocean-racing-sydney-auckland-and-rolex-sydney-hobart-yacht-race,301,Racing: Relive the Excitement of Sydney-Auckland and Ready Up for the 80th Rolex Sydney-Hobart Yacht Race
article redirect,https://oldseadogs.com/news/thrilling-highlights-from-the-sydney-to-auckland-ocean-race-2025/,/news/thrilling-highlights-from-the-sydney-to-auckland-ocean-race-2025/,https://www.oldseadogs.com/stories/news-thrilling-highlights-from-the-sydney-to-auckland-ocean-race-2025,/stories/news-thrilling-highlights-from-the-sydney-to-auckland-ocean-race-2025,301,News: Ocean Racing Explorer's Diary: Magical Experiences and a Clash of Titans in the Sydney to Auckland Race 2025
article redirect,https://oldseadogs.com/news/a-study-of-critical-errors-in-superyacht-antennas-chirp-maritime-report/,/news/a-study-of-critical-errors-in-superyacht-antennas-chirp-maritime-report/,https://www.oldseadogs.com/stories/news-a-study-of-critical-errors-in-superyacht-antennas-chirp-maritime-report,/stories/news-a-study-of-critical-errors-in-superyacht-antennas-chirp-maritime-report,301,"News: Minor Errors, Major Implications: Lessons from Superyacht Antenna Mislabeling Revealed in CHIRP Maritime Report"
article redirect,https://oldseadogs.com/news/boys-girls-clubs-yacht-rendezvous-gains-boat-international-sponsorship/,/news/boys-girls-clubs-yacht-rendezvous-gains-boat-international-sponsorship/,https://www.oldseadogs.com/stories/news-boys-girls-clubs-yacht-rendezvous-gains-boat-international-sponsorship,/stories/news-boys-girls-clubs-yacht-rendezvous-gains-boat-international-sponsorship,301,News: Boys & Girls Clubs' Spectacular Yacht Event Features Grammy Nominee & BOAT International Sponsorship
article redirect,https://oldseadogs.com/news/cantiere-delle-marche-welcomes-new-majority-stakeholder/,/news/cantiere-delle-marche-welcomes-new-majority-stakeholder/,https://www.oldseadogs.com/stories/news-cantiere-delle-marche-welcomes-new-majority-stakeholder,/stories/news-cantiere-delle-marche-welcomes-new-majority-stakeholder,301,News: A Bold New Perspective Unveiled as Cantiere delle Marche has a New Majority Stakeholder
article redirect,https://oldseadogs.com/lifestyle/explora-journeys-and-clarendon-fine-art-curate-exclusive-oceanic-art-experience/,/lifestyle/explora-journeys-and-clarendon-fine-art-curate-exclusive-oceanic-art-experience/,https://www.oldseadogs.com/stories/lifestyle-explora-journeys-and-clarendon-fine-art-curate-exclusive-oceanic-art-experience,/stories/lifestyle-explora-journeys-and-clarendon-fine-art-curate-exclusive-oceanic-art-experience,301,Lifestyle: Explora Journeys Partners with Clarendon Fine Art for an Unprecedented Onboard Gallery Experience
article redirect,https://oldseadogs.com/news/sail-port-stephens-2026-expanding-to-new-levels/,/news/sail-port-stephens-2026-expanding-to-new-levels/,https://www.oldseadogs.com/stories/news-sail-port-stephens-2026-expanding-to-new-levels,/stories/news-sail-port-stephens-2026-expanding-to-new-levels,301,"News: Sail Port Stephens 2026 to Usher in New Events, Embracing Cats, Keelboats and more"
article redirect,https://oldseadogs.com/boat-reviews/the-duel-of-giants-sirena-42m-and-sirena-118-superyachts/,/boat-reviews/the-duel-of-giants-sirena-42m-and-sirena-118-superyachts/,https://www.oldseadogs.com/stories/boat-reviews-the-duel-of-giants-sirena-42m-and-sirena-118-superyachts,/stories/boat-reviews-the-duel-of-giants-sirena-42m-and-sirena-118-superyachts,301,Boat Reviews: A Marine Marvel Unveiled: Sirena's Two Superyacht Titans - The 42M and 118
article redirect,https://oldseadogs.com/racing/week-3-of-df95-autumn-series-thrills-and-spills-at-east-kent-radio-sailing-club/,/racing/week-3-of-df95-autumn-series-thrills-and-spills-at-east-kent-radio-sailing-club/,https://www.oldseadogs.com/stories/racing-week-3-of-df95-autumn-series-thrills-and-spills-at-east-kent-radio-sailing-club,/stories/racing-week-3-of-df95-autumn-series-thrills-and-spills-at-east-kent-radio-sailing-club,301,Racing: Intense Competition and Fierce Determination Mark Week 3 of DF95 Autumn Series at the East Kent Radio Sailing Club
article redirect,https://oldseadogs.com/boat-reviews/x-bryce-pastrovich-studios-newest-family-explorer-yacht-concept/,/boat-reviews/x-bryce-pastrovich-studios-newest-family-explorer-yacht-concept/,https://www.oldseadogs.com/stories/boat-reviews-x-bryce-pastrovich-studios-newest-family-explorer-yacht-concept,/stories/boat-reviews-x-bryce-pastrovich-studios-newest-family-explorer-yacht-concept,301,Boat Reviews: The Freedom of Family Exploration at Sea Unleashed with X-Bryce by Pastrovich Studio
article redirect,https://oldseadogs.com/news/behemoth-l%C3%BCrssen-superyacht-project-makes-progress/,/news/behemoth-l%C3%BCrssen-superyacht-project-makes-progress/,https://www.oldseadogs.com/stories/news-behemoth-lurssen-superyacht-project-makes-progress,/stories/news-behemoth-lurssen-superyacht-project-makes-progress,301,News: Mysterious Lürssen Superyacht Poised to Become a Sensation on the Seas
article redirect,https://oldseadogs.com/racing/cape-31-european-championship-2025-unfurls-in-palma-day-1-thrills/,/racing/cape-31-european-championship-2025-unfurls-in-palma-day-1-thrills/,https://www.oldseadogs.com/stories/racing-cape-31-european-championship-2025-unfurls-in-palma-day-1-thrills,/stories/racing-cape-31-european-championship-2025-unfurls-in-palma-day-1-thrills,301,"Racing: Day One of Cape 31 European Championship 2025: Farragut, High Spirits, and Shotgunn's Sensational Stride"
article redirect,https://oldseadogs.com/news/cyca-commodore-sam-haynes-aims-for-a-third-overall-victory/,/news/cyca-commodore-sam-haynes-aims-for-a-third-overall-victory/,https://www.oldseadogs.com/stories/news-cyca-commodore-sam-haynes-aims-for-a-third-overall-victory,/stories/news-cyca-commodore-sam-haynes-aims-for-a-third-overall-victory,301,News: 80th Rolex Sydney Hobart Yacht Race: The Cat’s Out of the Bag — Haynes Returns for the 80th Anniversary Race
article redirect,https://oldseadogs.com/racing/haynes-gears-up-for-3rd-rolex-sydney-hobart-championship-win/,/racing/haynes-gears-up-for-3rd-rolex-sydney-hobart-championship-win/,https://www.oldseadogs.com/stories/racing-haynes-gears-up-for-3rd-rolex-sydney-hobart-championship-win,/stories/racing-haynes-gears-up-for-3rd-rolex-sydney-hobart-championship-win,301,Racing: Commodore of CYCA Sam Haynes Targets a Triumphant Third Win at the Rolex Sydney Hobart Race
article redirect,https://oldseadogs.com/boat-reviews/historic-pusey-yacht-acania-goes-through-massive-restoration/,/boat-reviews/historic-pusey-yacht-acania-goes-through-massive-restoration/,https://www.oldseadogs.com/stories/boat-reviews-historic-pusey-yacht-acania-goes-through-massive-restoration,/stories/boat-reviews-historic-pusey-yacht-acania-goes-through-massive-restoration,301,Boat Reviews: Delta Marine Breathes New Life to 38m Vintage Pusey Yacht Acania with Full-Scale Renovation
article redirect,https://oldseadogs.com/boat-reviews/power-catamarans-explore-the-top-six-models-in-todays-market/,/boat-reviews/power-catamarans-explore-the-top-six-models-in-todays-market/,https://www.oldseadogs.com/stories/boat-reviews-power-catamarans-explore-the-top-six-models-in-todays-market,/stories/boat-reviews-power-catamarans-explore-the-top-six-models-in-todays-market,301,Boat Reviews: An Exciting Journey with the Finest Power Catamarans: A Round-up of the Six Best Models Taking the Market by Storm
article redirect,https://oldseadogs.com/news/sean-langman-and-back-2-black-a-new-chapter-in-australias-offshore-racing-story/,/news/sean-langman-and-back-2-black-a-new-chapter-in-australias-offshore-racing-story/,https://www.oldseadogs.com/stories/news-sean-langman-and-back-2-black-a-new-chapter-in-australias-offshore-racing-story,/stories/news-sean-langman-and-back-2-black-a-new-chapter-in-australias-offshore-racing-story,301,News: A New Chapter in Australia’s Offshore Racing Story
article redirect,https://oldseadogs.com/boat-reviews/celebrating-versatility-top-4-motor-yachts-under-200k/,/boat-reviews/celebrating-versatility-top-4-motor-yachts-under-200k/,https://www.oldseadogs.com/stories/boat-reviews-celebrating-versatility-top-4-motor-yachts-under-200k,/stories/boat-reviews-celebrating-versatility-top-4-motor-yachts-under-200k,301,Boat Reviews: Revolutionising the Yachting Experience: Discover 4 Leading Motor Yachts On the Market for Under £200k
article redirect,https://oldseadogs.com/news/departure-of-ceo-patrik-von-sydow-from-turquoise-yachts/,/news/departure-of-ceo-patrik-von-sydow-from-turquoise-yachts/,https://www.oldseadogs.com/stories/news-departure-of-ceo-patrik-von-sydow-from-turquoise-yachts,/stories/news-departure-of-ceo-patrik-von-sydow-from-turquoise-yachts,301,News: Patrik von Sydow Sails Away from CEO Position at Turquoise Yachts After Six Years at Helm
article redirect,https://oldseadogs.com/boat-reviews/dydxl-design-sparkles-with-new-49m-modern-explorer-yacht-concept/,/boat-reviews/dydxl-design-sparkles-with-new-49m-modern-explorer-yacht-concept/,https://www.oldseadogs.com/stories/boat-reviews-dydxl-design-sparkles-with-new-49m-modern-explorer-yacht-concept,/stories/boat-reviews-dydxl-design-sparkles-with-new-49m-modern-explorer-yacht-concept,301,Boat Reviews: Discover DYDXL Design Forge's Grand Reveal: A 49m Explorer Yacht Radiating Italian Style and Unrivalled Luxury
article redirect,https://oldseadogs.com/racing/recapping-the-thrilling-2025-uk-nacra-15-national-championship/,/racing/recapping-the-thrilling-2025-uk-nacra-15-national-championship/,https://www.oldseadogs.com/stories/racing-recapping-the-thrilling-2025-uk-nacra-15-national-championship,/stories/racing-recapping-the-thrilling-2025-uk-nacra-15-national-championship,301,Racing: Intense Competition and Unwavering Spirit Define the 2025 UK Nacra 15 National Championship
article redirect,https://oldseadogs.com/racing/stellar-strategies-on-display-at-2025-hamble-winter-series/,/racing/stellar-strategies-on-display-at-2025-hamble-winter-series/,https://www.oldseadogs.com/stories/racing-stellar-strategies-on-display-at-2025-hamble-winter-series,/stories/racing-stellar-strategies-on-display-at-2025-hamble-winter-series,301,Racing: Force 4 Chandlery Sponsors Exciting Turns in Second Week of Hamble Winter Series 2025
article redirect,https://oldseadogs.com/boat-reviews/atlantis-yachts-italian-spirit-azimut-heritage/,/boat-reviews/atlantis-yachts-italian-spirit-azimut-heritage/,https://www.oldseadogs.com/stories/boat-reviews-atlantis-yachts-italian-spirit-azimut-heritage,/stories/boat-reviews-atlantis-yachts-italian-spirit-azimut-heritage,301,"Boat Reviews: Atlantis Yachts: Italian Spirit, Azimut Heritage"
article redirect,https://oldseadogs.com/news/impressive-pershing-yacht-aldebaran-iii-offered-at-a-lower-price/,/news/impressive-pershing-yacht-aldebaran-iii-offered-at-a-lower-price/,https://www.oldseadogs.com/stories/news-impressive-pershing-yacht-aldebaran-iii-offered-at-a-lower-price,/stories/news-impressive-pershing-yacht-aldebaran-iii-offered-at-a-lower-price,301,News: Stunning 33-metre Pershing Motor Yacht Aldebaran III Slashed by Further €500k in Price
article redirect,https://oldseadogs.com/news/landmark-achievement-belgium-ocean-racing-smashes-class40-24-hour-distance-record/,/news/landmark-achievement-belgium-ocean-racing-smashes-class40-24-hour-distance-record/,https://www.oldseadogs.com/stories/news-landmark-achievement-belgium-ocean-racing-smashes-class40-24-hour-distance-record,/stories/news-landmark-achievement-belgium-ocean-racing-smashes-class40-24-hour-distance-record,301,News: Belgium Ocean Racing Astounds With Groundbreaking Feat in Class40 24-hour Global Distance Record
article redirect,https://oldseadogs.com/boat-reviews/the-incredible-transformation-of-67m-vessel-azumi-from-fishing-to-luxury/,/boat-reviews/the-incredible-transformation-of-67m-vessel-azumi-from-fishing-to-luxury/,https://www.oldseadogs.com/stories/boat-reviews-the-incredible-transformation-of-67m-vessel-azumi-from-fishing-to-luxury,/stories/boat-reviews-the-incredible-transformation-of-67m-vessel-azumi-from-fishing-to-luxury,301,Boat Reviews: Experiencing the Sophisticated Interiors created in Azumi's Conversion from Fishing Vessel to Luxury Superyacht
article redirect,https://oldseadogs.com/lifestyle/the-joy-and-philosophy-of-deliberate-yachting/,/lifestyle/the-joy-and-philosophy-of-deliberate-yachting/,https://www.oldseadogs.com/stories/lifestyle-the-joy-and-philosophy-of-deliberate-yachting,/stories/lifestyle-the-joy-and-philosophy-of-deliberate-yachting,301,Lifestyle: Embracing Thoreau's Simplicity Principles in the World of Superyachts: The Philosophy of Deliberate Yachting
article redirect,https://oldseadogs.com/lifestyle/the-loyalty-paradox-in-superyacht-ownership/,/lifestyle/the-loyalty-paradox-in-superyacht-ownership/,https://www.oldseadogs.com/stories/lifestyle-the-loyalty-paradox-in-superyacht-ownership,/stories/lifestyle-the-loyalty-paradox-in-superyacht-ownership,301,Lifestyle: Exploring the Factors Behind the Loyalty Gap in the Superyacht Industry: Emotional Bonds vs Professional Competence
article redirect,https://oldseadogs.com/gear/vaikobi-presents-high-quality-polarized-sunglasses-for-ocean-use/,/gear/vaikobi-presents-high-quality-polarized-sunglasses-for-ocean-use/,https://www.oldseadogs.com/stories/gear-vaikobi-presents-high-quality-polarized-sunglasses-for-ocean-use,/stories/gear-vaikobi-presents-high-quality-polarized-sunglasses-for-ocean-use,301,Gear: Experience the Revolutionary VIZE+ Polarized Ocean Eyewear by Vaikobi: Perfect for the High-Seas Enthusiast
article redirect,https://oldseadogs.com/news/60m-amels-superyacht-entourage-listed-for-first-sale-ever/,/news/60m-amels-superyacht-entourage-listed-for-first-sale-ever/,https://www.oldseadogs.com/stories/news-60m-amels-superyacht-entourage-listed-for-first-sale-ever,/stories/news-60m-amels-superyacht-entourage-listed-for-first-sale-ever,301,"News: Enter the world of opulence with the renowned 60-metre Amels superyacht, Entourage, now up for sale"
article redirect,https://oldseadogs.com/racing/enthralling-ilca-northern-series-2025-concludes/,/racing/enthralling-ilca-northern-series-2025-concludes/,https://www.oldseadogs.com/stories/racing-enthralling-ilca-northern-series-2025-concludes,/stories/racing-enthralling-ilca-northern-series-2025-concludes,301,Racing: Discover the Unparalleled Excitement of the ILCA Northern Series 2025
article redirect,https://oldseadogs.com/news/itca-rooster-southern-series-2025-wraps-up-with-the-shoreham-super-south-finale/,/news/itca-rooster-southern-series-2025-wraps-up-with-the-shoreham-super-south-finale/,https://www.oldseadogs.com/stories/news-itca-rooster-southern-series-2025-wraps-up-with-the-shoreham-super-south-finale,/stories/news-itca-rooster-southern-series-2025-wraps-up-with-the-shoreham-super-south-finale,301,News: ITCA Rooster Southern Series 2025 Culminates in an Exciting Climax at the Shoreham Super South
article redirect,https://oldseadogs.com/news/queen-blue-a-majestic-baglietto-motor-yacht-listed-for-sale/,/news/queen-blue-a-majestic-baglietto-motor-yacht-listed-for-sale/,https://www.oldseadogs.com/stories/news-queen-blue-a-majestic-baglietto-motor-yacht-listed-for-sale,/stories/news-queen-blue-a-majestic-baglietto-motor-yacht-listed-for-sale,301,News: The Queen Blue: Baglietto's 44m Eye-catching Metallic Blue Motor Yacht Now On The Market
article redirect,https://oldseadogs.com/racing/emirates-gbr-seize-the-helm-in-c%C3%A1diz-fletchers-crew-dominate-as-sailgp-season-nears-its-grand-finale/,/racing/emirates-gbr-seize-the-helm-in-c%C3%A1diz-fletchers-crew-dominate-as-sailgp-season-nears-its-grand-finale/,https://www.oldseadogs.com/stories/racing-emirates-gbr-seize-the-helm-in-cadiz-fletchers-crew-dominate-as-sailgp-season-nears-its-g,/stories/racing-emirates-gbr-seize-the-helm-in-cadiz-fletchers-crew-dominate-as-sailgp-season-nears-its-g,301,Racing: SailGP Season Nears Its Grand Finale
article redirect,https://oldseadogs.com/news/latest-amels-80-model-sold-by-damen-yachting/,/news/latest-amels-80-model-sold-by-damen-yachting/,https://www.oldseadogs.com/stories/news-latest-amels-80-model-sold-by-damen-yachting,/stories/news-latest-amels-80-model-sold-by-damen-yachting,301,News: Damen Yachting Announces Sale of Yet Another Amels 80 Superyacht Set for Spring 2028 Delivery
article redirect,https://oldseadogs.com/news/sanlorenzos-voyage-into-ultra-large-yachts-the-74steel-adventure/,/news/sanlorenzos-voyage-into-ultra-large-yachts-the-74steel-adventure/,https://www.oldseadogs.com/stories/news-sanlorenzos-voyage-into-ultra-large-yachts-the-74steel-adventure,/stories/news-sanlorenzos-voyage-into-ultra-large-yachts-the-74steel-adventure,301,News: Unveiling the Majestic 74Steel - Sanlorenzo's Ambitious Journey into the Ultra-Large Yacht Market
article redirect,https://oldseadogs.com/news/triumphant-return-of-new-zealand-yachts-to-superyacht-market/,/news/triumphant-return-of-new-zealand-yachts-to-superyacht-market/,https://www.oldseadogs.com/stories/news-triumphant-return-of-new-zealand-yachts-to-superyacht-market,/stories/news-triumphant-return-of-new-zealand-yachts-to-superyacht-market,301,"News: Under Founder Allen Jones, New Zealand Yachts Proudly Announces Its Re-entry Into The Global Superyacht Market Right Ahead of FLIBS"
article redirect,https://oldseadogs.com/news/governance-tensions-rekindle-at-ferretti-amidst-espionage-allegations/,/news/governance-tensions-rekindle-at-ferretti-amidst-espionage-allegations/,https://www.oldseadogs.com/stories/news-governance-tensions-rekindle-at-ferretti-amidst-espionage-allegations,/stories/news-governance-tensions-rekindle-at-ferretti-amidst-espionage-allegations,301,"News: Ferretti Struggles with Power Distribution and Accusations of Espionage from Major Shareholder, Weichai"
article redirect,https://oldseadogs.com/boat-shows/royal-huisman-presents-new-81-metre-trident-810-sailing-yacht-series/,/boat-shows/royal-huisman-presents-new-81-metre-trident-810-sailing-yacht-series/,https://www.oldseadogs.com/stories/boat-shows-royal-huisman-presents-new-81-metre-trident-810-sailing-yacht-series,/stories/boat-shows-royal-huisman-presents-new-81-metre-trident-810-sailing-yacht-series,301,Shows: Revel in the Opulence and Ingenuity of Royal Huisman's Latest Superyacht Offering: The Trident 810 Sailing Series
article redirect,https://oldseadogs.com/news/royal-huismans-pioneering-new-sailing-yacht-and-noteworthy-events-at-the-2025-monaco-yacht-show/,/news/royal-huismans-pioneering-new-sailing-yacht-and-noteworthy-events-at-the-2025-monaco-yacht-show/,https://www.oldseadogs.com/stories/news-royal-huismans-pioneering-new-sailing-yacht-and-noteworthy-events-at-the-2025-monaco-yacht-,/stories/news-royal-huismans-pioneering-new-sailing-yacht-and-noteworthy-events-at-the-2025-monaco-yacht-,301,"News: An Inside Look at Royal Huisman’s Revolutionary 81 Metre Sailing Series, Trident 810, and the Groundbreaking Revelations from the 2025 Monaco Yacht Show"
article redirect,https://oldseadogs.com/boat-reviews/unveiling-the-azimut-82-fly-a-tribute-to-ingenious-italian-craftsmanship/,/boat-reviews/unveiling-the-azimut-82-fly-a-tribute-to-ingenious-italian-craftsmanship/,https://www.oldseadogs.com/stories/boat-reviews-unveiling-the-azimut-82-fly-a-tribute-to-ingenious-italian-craftsmanship,/stories/boat-reviews-unveiling-the-azimut-82-fly-a-tribute-to-ingenious-italian-craftsmanship,301,Boat Reviews: Unleashing the Azimut 82 Fly: The Flagship Yacht that Embodies Innovative Design and Luxurious Comfort
article redirect,https://oldseadogs.com/boat-reviews/beneteau-gt46-a-budget-buy-or-a-prudent-choice-for-sport-cruiser-enthusiasts/,/boat-reviews/beneteau-gt46-a-budget-buy-or-a-prudent-choice-for-sport-cruiser-enthusiasts/,https://www.oldseadogs.com/stories/boat-reviews-beneteau-gt46-a-budget-buy-or-a-prudent-choice-for-sport-cruiser-enthusiasts,/stories/boat-reviews-beneteau-gt46-a-budget-buy-or-a-prudent-choice-for-sport-cruiser-enthusiasts,301,Boat Reviews: Exploring the Used Beneteau GT46: Is it the Wise Choice for a Family-ready Sports Cruiser?
article redirect,https://oldseadogs.com/racing/biotherm-crowned-in-boka-bay-a-dominant-finale-to-the-ocean-race-europe-2025/,/racing/biotherm-crowned-in-boka-bay-a-dominant-finale-to-the-ocean-race-europe-2025/,https://www.oldseadogs.com/stories/racing-biotherm-crowned-in-boka-bay-a-dominant-finale-to-the-ocean-race-europe-2025,/stories/racing-biotherm-crowned-in-boka-bay-a-dominant-finale-to-the-ocean-race-europe-2025,301,Racing: Biotherm Crowned in Boka Bay
article redirect,https://oldseadogs.com/gear/massive-discount-on-powerful-bluetti-ac200l-portable-power-station/,/gear/massive-discount-on-powerful-bluetti-ac200l-portable-power-station/,https://www.oldseadogs.com/stories/gear-massive-discount-on-powerful-bluetti-ac200l-portable-power-station,/stories/gear-massive-discount-on-powerful-bluetti-ac200l-portable-power-station,301,Gear: Snag the Robust Bluetti AC200L Portable Power Station on Amazon Prime Deals Day for an Unbelievable £600 Less!
article redirect,https://oldseadogs.com/news/revolutionising-boating-experience-with-portable-power-stations/,/news/revolutionising-boating-experience-with-portable-power-stations/,https://www.oldseadogs.com/stories/news-revolutionising-boating-experience-with-portable-power-stations,/stories/news-revolutionising-boating-experience-with-portable-power-stations,301,News: Sailing Up the Currents of Innovation: How Portable Power Stations are Changing the Game in Boating
article redirect,https://oldseadogs.com/news/nzs-hauraki-gulf-marine-protection-a-stalwart-conservation-initiative/,/news/nzs-hauraki-gulf-marine-protection-a-stalwart-conservation-initiative/,https://www.oldseadogs.com/stories/news-nzs-hauraki-gulf-marine-protection-a-stalwart-conservation-initiative,/stories/news-nzs-hauraki-gulf-marine-protection-a-stalwart-conservation-initiative,301,News: From Sailing Champions to Conservation Crusaders: Unveiling the Success Story of NZ's Hauraki Gulf Marine Protection
article redirect,https://oldseadogs.com/news/ancastas-strategic-diversification-fuels-record-sales-and-rapid-expansion/,/news/ancastas-strategic-diversification-fuels-record-sales-and-rapid-expansion/,https://www.oldseadogs.com/stories/news-ancastas-strategic-diversification-fuels-record-sales-and-rapid-expansion,/stories/news-ancastas-strategic-diversification-fuels-record-sales-and-rapid-expansion,301,"News: Record-Breaking Boat Show Sales and Continued Franchise Expansion Reported by Ancasta, Europe's Largest Yacht Sales Group"
article redirect,https://oldseadogs.com/news/reinterpreted-tax-act-revolutionises-superyacht-ownership/,/news/reinterpreted-tax-act-revolutionises-superyacht-ownership/,https://www.oldseadogs.com/stories/news-reinterpreted-tax-act-revolutionises-superyacht-ownership,/stories/news-reinterpreted-tax-act-revolutionises-superyacht-ownership,301,News: Revolution in Superyacht Ownership: How a Legal Ruling Reshaped the Landscape of Tax and Governance
article redirect,https://oldseadogs.com/boat-reviews/saetta-custom-lines-rebranded-planing-line-packed-with-new-features/,/boat-reviews/saetta-custom-lines-rebranded-planing-line-packed-with-new-features/,https://www.oldseadogs.com/stories/boat-reviews-saetta-custom-lines-rebranded-planing-line-packed-with-new-features,/stories/boat-reviews-saetta-custom-lines-rebranded-planing-line-packed-with-new-features,301,Boat Reviews: Custom Line Introduces Saetta: A Fresh Identity for Planing Line with Sporty Designs and Advanced Features
article redirect,https://oldseadogs.com/news/unveiling-the-52m-explorer-yacht-jemasa/,/news/unveiling-the-52m-explorer-yacht-jemasa/,https://www.oldseadogs.com/stories/news-unveiling-the-52m-explorer-yacht-jemasa,/stories/news-unveiling-the-52m-explorer-yacht-jemasa,301,News: Get a First Glimpse of the Revitalized Naval Ship JeMaSa: An Over-the-top Luxury Charter with a Rich Naval Legacy
article redirect,https://oldseadogs.com/racing/france-tops-at-offshore-double-handed-world-championships-2025/,/racing/france-tops-at-offshore-double-handed-world-championships-2025/,https://www.oldseadogs.com/stories/racing-france-tops-at-offshore-double-handed-world-championships-2025,/stories/racing-france-tops-at-offshore-double-handed-world-championships-2025,301,"Racing: Offshore Double Handed World Championships 2025: France Excels, as Young Talent and Nations Across Continents Battle it Out"
article redirect,https://oldseadogs.com/news/sailing-into-adventure-inside-ensign-yachts-latest-updates-and-offers/,/news/sailing-into-adventure-inside-ensign-yachts-latest-updates-and-offers/,https://www.oldseadogs.com/stories/news-sailing-into-adventure-inside-ensign-yachts-latest-updates-and-offers,/stories/news-sailing-into-adventure-inside-ensign-yachts-latest-updates-and-offers,301,"News: Set Sail with Ensign Yachts! Dive into Exciting News, Astounding Reviews, and Amazing Picks"
article redirect,https://oldseadogs.com/boat-reviews/admirals-48m-motor-yacht-althea-hits-the-market/,/boat-reviews/admirals-48m-motor-yacht-althea-hits-the-market/,https://www.oldseadogs.com/stories/boat-reviews-admirals-48m-motor-yacht-althea-hits-the-market,/stories/boat-reviews-admirals-48m-motor-yacht-althea-hits-the-market,301,Boat Reviews: Living the High Sea Life: Admiral's 48-Metre Althea is Now Up For Grabs
article redirect,https://oldseadogs.com/boat-reviews/price-reduction-and-currency-swap-for-striking-43m-motor-yacht-queen-alla/,/boat-reviews/price-reduction-and-currency-swap-for-striking-43m-motor-yacht-queen-alla/,https://www.oldseadogs.com/stories/boat-reviews-price-reduction-and-currency-swap-for-striking-43m-motor-yacht-queen-alla,/stories/boat-reviews-price-reduction-and-currency-swap-for-striking-43m-motor-yacht-queen-alla,301,Boat Reviews: Renowned 43m ISA Motor Yacht Queen Alla Embraces a €1.5M Price Drop and Reflects a Change of Currency
article redirect,https://oldseadogs.com/boat-reviews/pristine-32m-gulf-craft-motor-yacht-big-m-on-sale/,/boat-reviews/pristine-32m-gulf-craft-motor-yacht-big-m-on-sale/,https://www.oldseadogs.com/stories/boat-reviews-pristine-32m-gulf-craft-motor-yacht-big-m-on-sale,/stories/boat-reviews-pristine-32m-gulf-craft-motor-yacht-big-m-on-sale,301,"Boat Reviews: Discover the Majesty in the 32-Meter Gulf Craft Motor Yacht Big M, the Seventeenth Addition to the Series, Now For Sale"
article redirect,https://oldseadogs.com/news/the-luxurious-32m-sanlorenzo-sl106-yacht-xwave-begins-a-new-chapter/,/news/the-luxurious-32m-sanlorenzo-sl106-yacht-xwave-begins-a-new-chapter/,https://www.oldseadogs.com/stories/news-the-luxurious-32m-sanlorenzo-sl106-yacht-xwave-begins-a-new-chapter,/stories/news-the-luxurious-32m-sanlorenzo-sl106-yacht-xwave-begins-a-new-chapter,301,News: Unravelling the Story of Xwave: The Magnificent 32m Sanlorenzo SL106 Yacht Embarks on Her Next Voyage of Ownership
article redirect,https://oldseadogs.com/boat-reviews/ab-yachts-unveils-breathtaking-inside-look-at-ab-95-model/,/boat-reviews/ab-yachts-unveils-breathtaking-inside-look-at-ab-95-model/,https://www.oldseadogs.com/stories/boat-reviews-ab-yachts-unveils-breathtaking-inside-look-at-ab-95-model,/stories/boat-reviews-ab-yachts-unveils-breathtaking-inside-look-at-ab-95-model,301,Boat Reviews: Glimpse into the Extravagant World of AB 95 Yacht Model by AB Yachts
article redirect,https://oldseadogs.com/racing/the-thrill-and-challenges-at-the-2025-hobie-16-open-north-american-championships/,/racing/the-thrill-and-challenges-at-the-2025-hobie-16-open-north-american-championships/,https://www.oldseadogs.com/stories/racing-the-thrill-and-challenges-at-the-2025-hobie-16-open-north-american-championships,/stories/racing-the-thrill-and-challenges-at-the-2025-hobie-16-open-north-american-championships,301,Racing: Echo of Sails and Roar of Waves: A Close Look at the 2025 Hobie 16 Open North American Championships
article redirect,https://oldseadogs.com/news/eighth-vessel-from-mangusta-oceano-39-series-sold/,/news/eighth-vessel-from-mangusta-oceano-39-series-sold/,https://www.oldseadogs.com/stories/news-eighth-vessel-from-mangusta-oceano-39-series-sold,/stories/news-eighth-vessel-from-mangusta-oceano-39-series-sold,301,"News: Mangusta's Oceano 39 Series: An Affair of Luxury, Seakeeping and Design Excellence"
article redirect,https://oldseadogs.com/racing/electrifying-race-at-welstead-september-open-captivates-with-upsets-and-surprises/,/racing/electrifying-race-at-welstead-september-open-captivates-with-upsets-and-surprises/,https://www.oldseadogs.com/stories/racing-electrifying-race-at-welstead-september-open-captivates-with-upsets-and-surprises,/stories/racing-electrifying-race-at-welstead-september-open-captivates-with-upsets-and-surprises,301,Racing: A Thrilling Nautical Adventure Unfolds at the Welstead September Yawl Open - Blue Fleet
article redirect,https://oldseadogs.com/news/escaping-peril-or-falling-prey-navigating-maritime-safety-hazards/,/news/escaping-peril-or-falling-prey-navigating-maritime-safety-hazards/,https://www.oldseadogs.com/stories/news-escaping-peril-or-falling-prey-navigating-maritime-safety-hazards,/stories/news-escaping-peril-or-falling-prey-navigating-maritime-safety-hazards,301,News: Unveiling Safety Risks in Superyachts: Critical Learnings From Near Misses and Infestations
article redirect,https://oldseadogs.com/news/inside-glimpse-the-new-55-sportiva-yacht-loewe/,/news/inside-glimpse-the-new-55-sportiva-yacht-loewe/,https://www.oldseadogs.com/stories/news-inside-glimpse-the-new-55-sportiva-yacht-loewe,/stories/news-inside-glimpse-the-new-55-sportiva-yacht-loewe,301,"News: Revel in Lavish Luxury: An Unveiling of Tankoa Yachts' Second 55 Sportiva Yacht, Loewe"
article redirect,https://oldseadogs.com/news/inside-the-rigorous-refit-of-l%C3%BCrssens-superyacht-carinthia-vii/,/news/inside-the-rigorous-refit-of-l%C3%BCrssens-superyacht-carinthia-vii/,https://www.oldseadogs.com/stories/news-inside-the-rigorous-refit-of-lurssens-superyacht-carinthia-vii,/stories/news-inside-the-rigorous-refit-of-lurssens-superyacht-carinthia-vii,301,News: High-Tech Bridge Refit Unveiled on the 97m Lürssen Superyacht Carinthia VII
article redirect,https://oldseadogs.com/racing/stirring-finale-at-henri-lloyd-cowes-lymington-weekend-2025/,/racing/stirring-finale-at-henri-lloyd-cowes-lymington-weekend-2025/,https://www.oldseadogs.com/stories/racing-stirring-finale-at-henri-lloyd-cowes-lymington-weekend-2025,/stories/racing-stirring-finale-at-henri-lloyd-cowes-lymington-weekend-2025,301,Racing: Epic Conclusion to the 2025 JOG Season at the Henri-Lloyd Cowes-Lymington Weekend
article redirect,https://oldseadogs.com/news/the-thrilling-welstead-yawl-open-and-scottish-solo-travellers/,/news/the-thrilling-welstead-yawl-open-and-scottish-solo-travellers/,https://www.oldseadogs.com/stories/news-the-thrilling-welstead-yawl-open-and-scottish-solo-travellers,/stories/news-the-thrilling-welstead-yawl-open-and-scottish-solo-travellers,301,News: A Riveting Round-up of The Welstead September Yawl Open and The Scottish Solo Travellers at Dalgety Bay
article redirect,https://oldseadogs.com/boat-reviews/a-new-era-in-maritime-innovation-lateral-and-foster--partners-challenge-the-yachting-norms/,/boat-reviews/a-new-era-in-maritime-innovation-lateral-and-foster--partners-challenge-the-yachting-norms/,https://www.oldseadogs.com/stories/boat-reviews-a-new-era-in-maritime-innovation-lateral-and-foster-partners-challenge-the-yachting,/stories/boat-reviews-a-new-era-in-maritime-innovation-lateral-and-foster-partners-challenge-the-yachting,301,"Boat Reviews: Discover 'Outlier', where Lateral Naval Architects and Foster + Partners Redefine the 2,000 GT Yacht Compatibility"
article redirect,https://oldseadogs.com/news/inclusive-world-championship-2.4mr-2025-to-be-held-in-malcesine/,/news/inclusive-world-championship-2.4mr-2025-to-be-held-in-malcesine/,https://www.oldseadogs.com/stories/news-inclusive-world-championship-2-4mr-2025-to-be-held-in-malcesine,/stories/news-inclusive-world-championship-2-4mr-2025-to-be-held-in-malcesine,301,News: Malcesine to host barrier-free sailing championship: Inclusive World Championship 2.4mr in 2025 elevates the spirit of the sport
article redirect,https://oldseadogs.com/news/reimagining-yacht-design-foster-partners-and-laterals-bold-move/,/news/reimagining-yacht-design-foster-partners-and-laterals-bold-move/,https://www.oldseadogs.com/stories/news-reimagining-yacht-design-foster-partners-and-laterals-bold-move,/stories/news-reimagining-yacht-design-foster-partners-and-laterals-bold-move,301,"News: A Revolutionary Approach to the 2,000 GT Yacht Rule: Lateral Naval Architects and Foster & Partners' Daring Innovation"
article redirect,https://oldseadogs.com/news/sneak-peek-the-luis-lima-motor-yacht-post-major-refit/,/news/sneak-peek-the-luis-lima-motor-yacht-post-major-refit/,https://www.oldseadogs.com/stories/news-sneak-peek-the-luis-lima-motor-yacht-post-major-refit,/stories/news-sneak-peek-the-luis-lima-motor-yacht-post-major-refit,301,"News: Unveiling the Transformed Luis Lima, a 45m Alpha Marine Motor Yacht, Post a Comprehensive Refit and Extension"
article redirect,https://oldseadogs.com/boat-shows/witness-the-power-of-marketing-at-monacos-yacht-extravaganza/,/boat-shows/witness-the-power-of-marketing-at-monacos-yacht-extravaganza/,https://www.oldseadogs.com/stories/boat-shows-witness-the-power-of-marketing-at-monacos-yacht-extravaganza,/stories/boat-shows-witness-the-power-of-marketing-at-monacos-yacht-extravaganza,301,Shows: Unpacking the Makings of a Successful Marketing Model at the Monaco Yacht Show
article redirect,https://oldseadogs.com/boat-shows/innovations-and-insights-from-the-cannes-yachting-festival/,/boat-shows/innovations-and-insights-from-the-cannes-yachting-festival/,https://www.oldseadogs.com/stories/boat-shows-innovations-and-insights-from-the-cannes-yachting-festival,/stories/boat-shows-innovations-and-insights-from-the-cannes-yachting-festival,301,Shows: Experiencing the Future of Yachting: Delving into the Inspiring Innovations at the Cannes Yachting Festival
article redirect,https://oldseadogs.com/lifestyle/three-year-adventure-the-making-of-rustler-41-motor-yacht/,/lifestyle/three-year-adventure-the-making-of-rustler-41-motor-yacht/,https://www.oldseadogs.com/stories/lifestyle-three-year-adventure-the-making-of-rustler-41-motor-yacht,/stories/lifestyle-three-year-adventure-the-making-of-rustler-41-motor-yacht,301,Lifestyle: The Odyssey of Creating The Second Rustler 41 Yacht: A Triumph over Trials
article redirect,https://oldseadogs.com/lifestyle/from-shore-to-ship-the-tale-of-an-unstoppable-purser/,/lifestyle/from-shore-to-ship-the-tale-of-an-unstoppable-purser/,https://www.oldseadogs.com/stories/lifestyle-from-shore-to-ship-the-tale-of-an-unstoppable-purser,/stories/lifestyle-from-shore-to-ship-the-tale-of-an-unstoppable-purser,301,Lifestyle: Discover the Fascinating Journey of a Purser Defying Traditions and Assumptions
article redirect,https://oldseadogs.com/boat-reviews/revolutionary-wind-assisted-superyacht-in-production-by-xplorer-yachts-and-norse-shipyard/,/boat-reviews/revolutionary-wind-assisted-superyacht-in-production-by-xplorer-yachts-and-norse-shipyard/,https://www.oldseadogs.com/stories/boat-reviews-revolutionary-wind-assisted-superyacht-in-production-by-xplorer-yachts-and-norse-sh,/stories/boat-reviews-revolutionary-wind-assisted-superyacht-in-production-by-xplorer-yachts-and-norse-sh,301,Boat Reviews: Wind-Powered Freedom: Xplorer Yachts and Norse Shipyard Embark on a Revolutionary Journey to Create the First Wind-Assisted Superyacht
article redirect,https://oldseadogs.com/news/untangling-brokerage-disputes-in-the-superyacht-industry/,/news/untangling-brokerage-disputes-in-the-superyacht-industry/,https://www.oldseadogs.com/stories/news-untangling-brokerage-disputes-in-the-superyacht-industry,/stories/news-untangling-brokerage-disputes-in-the-superyacht-industry,301,News: Who Pays in a Brokerage Dispute? Exploring the Nuances of Commission Claims in the Superyacht World
article redirect,https://oldseadogs.com/boat-reviews/unveiling-the-upgraded-jeanneau-merry-fisher-1095-series-2/,/boat-reviews/unveiling-the-upgraded-jeanneau-merry-fisher-1095-series-2/,https://www.oldseadogs.com/stories/boat-reviews-unveiling-the-upgraded-jeanneau-merry-fisher-1095-series-2,/stories/boat-reviews-unveiling-the-upgraded-jeanneau-merry-fisher-1095-series-2,301,"Boat Reviews: Discover the Enhanced Jeanneau Merry Fisher 1095 Series 2: Bigger, Bolder and a More Sophisticated Cruising Experience"
article redirect,https://oldseadogs.com/lifestyle/a-serene-journey-sailing-from-poole-to-the-isles-of-scilly/,/lifestyle/a-serene-journey-sailing-from-poole-to-the-isles-of-scilly/,https://www.oldseadogs.com/stories/lifestyle-a-serene-journey-sailing-from-poole-to-the-isles-of-scilly,/stories/lifestyle-a-serene-journey-sailing-from-poole-to-the-isles-of-scilly,301,Lifestyle: A sailor's adventurous and calming journey from Poole to the Isles of Scilly
article redirect,https://oldseadogs.com/boat-reviews/princess-yachts-unveils-the-all-new-princess-x90-a-super-flybridge-revolution-set-for-cannes-2026/,/boat-reviews/princess-yachts-unveils-the-all-new-princess-x90-a-super-flybridge-revolution-set-for-cannes-2026/,https://www.oldseadogs.com/stories/boat-reviews-princess-yachts-unveils-the-all-new-princess-x90-a-super-flybridge-revolution-set-f,/stories/boat-reviews-princess-yachts-unveils-the-all-new-princess-x90-a-super-flybridge-revolution-set-f,301,Boat Reviews: A Super Flybridge Revolution Set for Cannes 2026
article redirect,https://oldseadogs.com/news/princess-yachts-unveils-the-all-new-princess-x90-a-super-flybridge-revolution-set-for-cannes-2026/,/news/princess-yachts-unveils-the-all-new-princess-x90-a-super-flybridge-revolution-set-for-cannes-2026/,https://www.oldseadogs.com/stories/news-princess-yachts-unveils-the-all-new-princess-x90-a-super-flybridge-revolution-set-for-canne,/stories/news-princess-yachts-unveils-the-all-new-princess-x90-a-super-flybridge-revolution-set-for-canne,301,News: A Super Flybridge Revolution Set for Cannes 2026
article redirect,https://oldseadogs.com/news/2025-eurilca-europa-cup-hun-record-fleet-olympic-talent./,/news/2025-eurilca-europa-cup-hun-record-fleet-olympic-talent./,https://www.oldseadogs.com/stories/news-2025-eurilca-europa-cup-hun-record-fleet-olympic-talent,/stories/news-2025-eurilca-europa-cup-hun-record-fleet-olympic-talent,301,"News: Olympic Talent, and Unpredictable Winds in Balatonfüred"
article redirect,https://oldseadogs.com/news/analysing-the-dynamics-of-the-brokerage-market/,/news/analysing-the-dynamics-of-the-brokerage-market/,https://www.oldseadogs.com/stories/news-analysing-the-dynamics-of-the-brokerage-market,/stories/news-analysing-the-dynamics-of-the-brokerage-market,301,News: Peeling Back the Layers: A Closer Look at the Intricacies of the Yacht Brokerage Market
article redirect,https://oldseadogs.com/lifestyle/the-art-and-science-of-superyacht-glass-and-ownership-evolutions/,/lifestyle/the-art-and-science-of-superyacht-glass-and-ownership-evolutions/,https://www.oldseadogs.com/stories/lifestyle-the-art-and-science-of-superyacht-glass-and-ownership-evolutions,/stories/lifestyle-the-art-and-science-of-superyacht-glass-and-ownership-evolutions,301,Lifestyle: Redefining Aesthetic and Durability Standards in Superyacht Glass and the Emerging Stewardship in Modern Yacht Ownership
article redirect,https://oldseadogs.com/news/water-revolution-foundation-ignites-change-with-the-ocean-assist-programme/,/news/water-revolution-foundation-ignites-change-with-the-ocean-assist-programme/,https://www.oldseadogs.com/stories/news-water-revolution-foundation-ignites-change-with-the-ocean-assist-programme,/stories/news-water-revolution-foundation-ignites-change-with-the-ocean-assist-programme,301,News: Revolutionary Ocean Assist Programme Positions Yachting As a Strategic Driver Within the Blue Economy
article redirect,https://oldseadogs.com/boat-reviews/unveiling-the-finest-classic-motor-yachts-available-today/,/boat-reviews/unveiling-the-finest-classic-motor-yachts-available-today/,https://www.oldseadogs.com/stories/boat-reviews-unveiling-the-finest-classic-motor-yachts-available-today,/stories/boat-reviews-unveiling-the-finest-classic-motor-yachts-available-today,301,Boat Reviews: Embark on a Nautical Adventure with Four Timeless Classic Motor Yachts
article redirect,https://oldseadogs.com/racing/victory-in-the-ocean-race-europe-2025/,/racing/victory-in-the-ocean-race-europe-2025/,https://www.oldseadogs.com/stories/racing-victory-in-the-ocean-race-europe-2025,/stories/racing-victory-in-the-ocean-race-europe-2025,301,Racing: Biotherm Clinches Final Leg in Montenegro to Seal Dominant Victory in The Ocean Race Europe 2025
article redirect,https://oldseadogs.com/racing/the-ocean-race-europe-fleet-battles-storms-and-shifty-mediterranean-winds/,/racing/the-ocean-race-europe-fleet-battles-storms-and-shifty-mediterranean-winds/,https://www.oldseadogs.com/stories/racing-the-ocean-race-europe-fleet-battles-storms-and-shifty-mediterranean-winds,/stories/racing-the-ocean-race-europe-fleet-battles-storms-and-shifty-mediterranean-winds,301,Racing: The Ocean Race Europe Fleet Battles Storms and Shifty Mediterranean Winds
article redirect,https://oldseadogs.com/boat-reviews/discovering-the-galeon-430-exp-a-unique-trawler-yacht-experience/,/boat-reviews/discovering-the-galeon-430-exp-a-unique-trawler-yacht-experience/,https://www.oldseadogs.com/stories/boat-reviews-discovering-the-galeon-430-exp-a-unique-trawler-yacht-experience,/stories/boat-reviews-discovering-the-galeon-430-exp-a-unique-trawler-yacht-experience,301,Boat Reviews: Embark on a Virtual Tour of the Galeon 430 EXP: A Game-Changing Mini Explorer Yacht
article redirect,https://oldseadogs.com/news/emirates-great-britain-sailgp-team-triumphs-in-saint-tropez/,/news/emirates-great-britain-sailgp-team-triumphs-in-saint-tropez/,https://www.oldseadogs.com/stories/news-emirates-great-britain-sailgp-team-triumphs-in-saint-tropez,/stories/news-emirates-great-britain-sailgp-team-triumphs-in-saint-tropez,301,News: Emirates Great Britain SailGP Team Triumphs in Saint-Tropez
article redirect,https://oldseadogs.com/boat-reviews/the-say-42-carbon-the-epitome-of-speed-and-class-on-water/,/boat-reviews/the-say-42-carbon-the-epitome-of-speed-and-class-on-water/,https://www.oldseadogs.com/stories/boat-reviews-the-say-42-carbon-the-epitome-of-speed-and-class-on-water,/stories/boat-reviews-the-say-42-carbon-the-epitome-of-speed-and-class-on-water,301,Boat Reviews: Take a Look at the SAY 42 Carbon - The Supercar-Inspired Powerboat Reshaping the Futuristic Aquatic World
article redirect,https://oldseadogs.com/boat-reviews/navigating-the-new-landscape-how-the-2025-update-affects-charter-owners/,/boat-reviews/navigating-the-new-landscape-how-the-2025-update-affects-charter-owners/,https://www.oldseadogs.com/stories/boat-reviews-navigating-the-new-landscape-how-the-2025-update-affects-charter-owners,/stories/boat-reviews-navigating-the-new-landscape-how-the-2025-update-affects-charter-owners,301,"Boat Reviews: The Charter Sector's New Dawn: Decoding and Addressing the Implications of the 2025 Update for Owners, Operators, and Charterers"
article redirect,https://oldseadogs.com/news/the-ocean-race-europe-as-paprec-ark%C3%A9a-edges-ahead-in-a-dramatic-dash-past-sardinia./,/news/the-ocean-race-europe-as-paprec-ark%C3%A9a-edges-ahead-in-a-dramatic-dash-past-sardinia./,https://www.oldseadogs.com/stories/news-the-ocean-race-europe-as-paprec-arkea-edges-ahead-in-a-dramatic-dash-past-sardinia,/stories/news-the-ocean-race-europe-as-paprec-arkea-edges-ahead-in-a-dramatic-dash-past-sardinia,301,News: Paprec Arkéa edges ahead in a dramatic dash past Sardinia.
article redirect,https://oldseadogs.com/news/between-experience-and-intellect-a-tale-of-industry-discussion/,/news/between-experience-and-intellect-a-tale-of-industry-discussion/,https://www.oldseadogs.com/stories/news-between-experience-and-intellect-a-tale-of-industry-discussion,/stories/news-between-experience-and-intellect-a-tale-of-industry-discussion,301,News: Exploring the Intriguing Dynamics of Industry Discussions and How Leadership Styles Influence Perception
article redirect,https://oldseadogs.com/racing/biotherms-spectacular-win-in-the-ocean-race-europe-2025/,/racing/biotherms-spectacular-win-in-the-ocean-race-europe-2025/,https://www.oldseadogs.com/stories/racing-biotherms-spectacular-win-in-the-ocean-race-europe-2025,/stories/racing-biotherms-spectacular-win-in-the-ocean-race-europe-2025,301,Racing: Biotherm Seals Dominant Victory in The Ocean Race Europe 2025 with Triumphant Final Stage Win
article redirect,https://oldseadogs.com/gear/bringing-advanced-streaming-solutions-to-superyachts/,/gear/bringing-advanced-streaming-solutions-to-superyachts/,https://www.oldseadogs.com/stories/gear-bringing-advanced-streaming-solutions-to-superyachts,/stories/gear-bringing-advanced-streaming-solutions-to-superyachts,301,Gear: Redefining the On-board Entertainment Experience: The Future of Internet Connectivity on Superyachts
article redirect,https://oldseadogs.com/news/germany-sailgp-finds-their-spark-vettel-sassnitz-and-a-breakthrough-on-home-waters/,/news/germany-sailgp-finds-their-spark-vettel-sassnitz-and-a-breakthrough-on-home-waters/,https://www.oldseadogs.com/stories/news-germany-sailgp-finds-their-spark-vettel-sassnitz-and-a-breakthrough-on-home-waters,/stories/news-germany-sailgp-finds-their-spark-vettel-sassnitz-and-a-breakthrough-on-home-waters,301,News: Germany SailGP - Sassnitz and a Breakthrough on Home Waters
article redirect,https://oldseadogs.com/news/the-implications-of-yacht-arrest-in-the-mediterranean/,/news/the-implications-of-yacht-arrest-in-the-mediterranean/,https://www.oldseadogs.com/stories/news-the-implications-of-yacht-arrest-in-the-mediterranean,/stories/news-the-implications-of-yacht-arrest-in-the-mediterranean,301,News: Navigating Ownership Responsibility: Charter-Fee Disputes & Impacts on Yacht Arrest in the Mediterranean
article redirect,https://oldseadogs.com/news/worldwide-yachting-association-defends-charter-agreement/,/news/worldwide-yachting-association-defends-charter-agreement/,https://www.oldseadogs.com/stories/news-worldwide-yachting-association-defends-charter-agreement,/stories/news-worldwide-yachting-association-defends-charter-agreement,301,News: MYBA Board Responds to SuperyachtNews Article - Praises Informed Amendments to Their Charter Agreement
article redirect,https://oldseadogs.com/boat-reviews/fairline-targa-43-the-perfect-blend-of-performance-and-elegance/,/boat-reviews/fairline-targa-43-the-perfect-blend-of-performance-and-elegance/,https://www.oldseadogs.com/stories/boat-reviews-fairline-targa-43-the-perfect-blend-of-performance-and-elegance,/stories/boat-reviews-fairline-targa-43-the-perfect-blend-of-performance-and-elegance,301,Boat Reviews: Fairline Targa 43 – The Perfect Blend of Performance and Elegance
article redirect,https://oldseadogs.com/racing/double-handed-worlds-teams-across-six-continents-go-head-on-in-prestigious-regatta/,/racing/double-handed-worlds-teams-across-six-continents-go-head-on-in-prestigious-regatta/,https://www.oldseadogs.com/stories/racing-double-handed-worlds-teams-across-six-continents-go-head-on-in-prestigious-regatta,/stories/racing-double-handed-worlds-teams-across-six-continents-go-head-on-in-prestigious-regatta,301,Racing: Teams from Six Continents Gearing Up for 2025 Offshore Double Handed World Championships
article redirect,https://oldseadogs.com/news/sports-luxury-superyacht-mangusta-mine-set-set-for-auction/,/news/sports-luxury-superyacht-mangusta-mine-set-set-for-auction/,https://www.oldseadogs.com/stories/news-sports-luxury-superyacht-mangusta-mine-set-set-for-auction,/stories/news-sports-luxury-superyacht-mangusta-mine-set-set-for-auction,301,"News: The Sleek, Sporty 29m Mangusta Superyacht Begins a New Journey in October Auction"
article redirect,https://oldseadogs.com/news/imoca-crews-final-push-to-montenegro/,/news/imoca-crews-final-push-to-montenegro/,https://www.oldseadogs.com/stories/news-imoca-crews-final-push-to-montenegro,/stories/news-imoca-crews-final-push-to-montenegro,301,News: Final Push to Montenegro: A Grand Mediterranean Showdown
article redirect,https://oldseadogs.com/boat-shows/numarine-unveils-27xp-explorer-yacht-at-cannes-yachting-festival/,/boat-shows/numarine-unveils-27xp-explorer-yacht-at-cannes-yachting-festival/,https://www.oldseadogs.com/stories/boat-shows-numarine-unveils-27xp-explorer-yacht-at-cannes-yachting-festival,/stories/boat-shows-numarine-unveils-27xp-explorer-yacht-at-cannes-yachting-festival,301,"Shows: Cannes Yachting Festival Spotlight: Numarine Introduces its New, Enhanced 27XP Explorer Yacht Model"
article redirect,https://oldseadogs.com/news/superyacht-magna-grecia-relaunched-following-10-month-refit/,/news/superyacht-magna-grecia-relaunched-following-10-month-refit/,https://www.oldseadogs.com/stories/news-superyacht-magna-grecia-relaunched-following-10-month-refit,/stories/news-superyacht-magna-grecia-relaunched-following-10-month-refit,301,News: The Iconic 64m Elsflether Werft AG Superyacht Magna Grecia Resurrects Following a Comprehensive 10-month Refit
article redirect,https://oldseadogs.com/boat-shows/unveiling-of-benettis-flagship-yacht-model-the-oasis-42m/,/boat-shows/unveiling-of-benettis-flagship-yacht-model-the-oasis-42m/,https://www.oldseadogs.com/stories/boat-shows-unveiling-of-benettis-flagship-yacht-model-the-oasis-42m,/stories/boat-shows-unveiling-of-benettis-flagship-yacht-model-the-oasis-42m,301,Shows: Italian powerhouse Benetti makes waves at Cannes with its largest Oasis model yet: The Oasis 42M
article redirect,https://oldseadogs.com/news/imoc-allagrande-mapei-racing-triumphs-in-genova/,/news/imoc-allagrande-mapei-racing-triumphs-in-genova/,https://www.oldseadogs.com/stories/news-imoc-allagrande-mapei-racing-triumphs-in-genova,/stories/news-imoc-allagrande-mapei-racing-triumphs-in-genova,301,News: Allagrande Mapei Racing Triumphs in Genova
article redirect,https://oldseadogs.com/racing/the-first-ever-hobie-wave-grand-prix-at-vincentia-sailing-club/,/racing/the-first-ever-hobie-wave-grand-prix-at-vincentia-sailing-club/,https://www.oldseadogs.com/stories/racing-the-first-ever-hobie-wave-grand-prix-at-vincentia-sailing-club,/stories/racing-the-first-ever-hobie-wave-grand-prix-at-vincentia-sailing-club,301,"Racing: Vincentia Sailing Club Hosts its First Competitive Wave Grand Prix, Highlighting the Thrill of Hobie Wave Sailing"
article redirect,https://oldseadogs.com/news/worlds-biggest-yacht-firm-results-from-merger/,/news/worlds-biggest-yacht-firm-results-from-merger/,https://www.oldseadogs.com/stories/news-worlds-biggest-yacht-firm-results-from-merger,/stories/news-worlds-biggest-yacht-firm-results-from-merger,301,News: Denison Yachting Merges with OneWater: A New Dawn for the Global Yachting Industry
article redirect,https://oldseadogs.com/news/74steel-sanlorenzos-largest-yacht-set-for-2025-takeoff/,/news/74steel-sanlorenzos-largest-yacht-set-for-2025-takeoff/,https://www.oldseadogs.com/stories/news-74steel-sanlorenzos-largest-yacht-set-for-2025-takeoff,/stories/news-74steel-sanlorenzos-largest-yacht-set-for-2025-takeoff,301,News: Unveiling Grandeur: Sanlorenzo's Flagship '74Steel' Superyacht Set to Sail in 2025
article redirect,https://oldseadogs.com/boat-shows/cannes-and-monaco-yacht-shows-exciting-developments-and-speculations/,/boat-shows/cannes-and-monaco-yacht-shows-exciting-developments-and-speculations/,https://www.oldseadogs.com/stories/boat-shows-cannes-and-monaco-yacht-shows-exciting-developments-and-speculations,/stories/boat-shows-cannes-and-monaco-yacht-shows-exciting-developments-and-speculations,301,Shows: Dive into the Spectacle of Luxury Yachting: Insights from Cannes and Monaco 2025 Shows
article redirect,https://oldseadogs.com/boat-reviews/delayed-unveiling-of-the-maxi-edmond-de-rothschild-yacht/,/boat-reviews/delayed-unveiling-of-the-maxi-edmond-de-rothschild-yacht/,https://www.oldseadogs.com/stories/boat-reviews-delayed-unveiling-of-the-maxi-edmond-de-rothschild-yacht,/stories/boat-reviews-delayed-unveiling-of-the-maxi-edmond-de-rothschild-yacht,301,Boat Reviews: Unveiling of Maxi Edmond de Rothschild Yacht Postponed to Achieve a State-of-the-Art Finish
article redirect,https://oldseadogs.com/boat-reviews/descend-upon-the-azimut-fly-82-the-new-face-of-luxury/,/boat-reviews/descend-upon-the-azimut-fly-82-the-new-face-of-luxury/,https://www.oldseadogs.com/stories/boat-reviews-descend-upon-the-azimut-fly-82-the-new-face-of-luxury,/stories/boat-reviews-descend-upon-the-azimut-fly-82-the-new-face-of-luxury,301,Boat Reviews: Azimut Yachts Raises the Bar with its Stunning Fly 82 Flagship Flybridge Model
article redirect,https://oldseadogs.com/news/high-drama-in-the-ocean-race-europe-2025/,/news/high-drama-in-the-ocean-race-europe-2025/,https://www.oldseadogs.com/stories/news-high-drama-in-the-ocean-race-europe-2025,/stories/news-high-drama-in-the-ocean-race-europe-2025,301,News: Allagrande Mapei Racing Locked in a Genoa Dogfight
article redirect,https://oldseadogs.com/boat-shows/pittwater-sail-expo-2025-australias-ultimate-sailing-bonanza/,/boat-shows/pittwater-sail-expo-2025-australias-ultimate-sailing-bonanza/,https://www.oldseadogs.com/stories/boat-shows-pittwater-sail-expo-2025-australias-ultimate-sailing-bonanza,/stories/boat-shows-pittwater-sail-expo-2025-australias-ultimate-sailing-bonanza,301,"Shows: Immerse Yourself in the Iconic Pittwater Sail Expo 2025, a True Celebration of Australia's Sailing Heritage"
article redirect,https://oldseadogs.com/news/the-glitz-of-cannes-and-monaco-yachting-shows-what-to-expect/,/news/the-glitz-of-cannes-and-monaco-yachting-shows-what-to-expect/,https://www.oldseadogs.com/stories/news-the-glitz-of-cannes-and-monaco-yachting-shows-what-to-expect,/stories/news-the-glitz-of-cannes-and-monaco-yachting-shows-what-to-expect,301,"News: Unveiling the time-honoured pageantry of Cannes and Monaco Yachting Festivals: Majestic Superyachts, New Designs, and a Groundbreaking Debut"
article redirect,https://oldseadogs.com/racing/56th-la-solitaire-du-figaro-paprec-exciting-end-for-the-first-leg/,/racing/56th-la-solitaire-du-figaro-paprec-exciting-end-for-the-first-leg/,https://www.oldseadogs.com/stories/racing-56th-la-solitaire-du-figaro-paprec-exciting-end-for-the-first-leg,/stories/racing-56th-la-solitaire-du-figaro-paprec-exciting-end-for-the-first-leg,301,Racing: Thrilling Channel Crossing in First Leg of 56th La Solitaire du Figaro Paprec as Loison Takes the Lead
article redirect,https://oldseadogs.com/news/lanzarote-calero-sailing-team-closes-out-44cup-worlds/,/news/lanzarote-calero-sailing-team-closes-out-44cup-worlds/,https://www.oldseadogs.com/stories/news-lanzarote-calero-sailing-team-closes-out-44cup-worlds,/stories/news-lanzarote-calero-sailing-team-closes-out-44cup-worlds,301,"News: Lanzarote Calero Sailing Team Closes Out 44Cup Worlds, Sets Sights on Fuerteventura"
article redirect,https://oldseadogs.com/news/long-serving-volunteer-honoured-with-rya-scotland-impact-award/,/news/long-serving-volunteer-honoured-with-rya-scotland-impact-award/,https://www.oldseadogs.com/stories/news-long-serving-volunteer-honoured-with-rya-scotland-impact-award,/stories/news-long-serving-volunteer-honoured-with-rya-scotland-impact-award,301,"News: Son Surprises Dedicated Volunteer Dad with Prestigious RYA Scotland Impact Award, Marking a Lifetime of Sailing Service"
article redirect,https://oldseadogs.com/boat-shows/unveiling-the-sunseeker-40m-a-new-yacht-design-at-cannes/,/boat-shows/unveiling-the-sunseeker-40m-a-new-yacht-design-at-cannes/,https://www.oldseadogs.com/stories/boat-shows-unveiling-the-sunseeker-40m-a-new-yacht-design-at-cannes,/stories/boat-shows-unveiling-the-sunseeker-40m-a-new-yacht-design-at-cannes,301,Shows: Revolutionising Yacht Design: Sunseeker's New 40m Yacht Model Debuts at Cannes
article redirect,https://oldseadogs.com/boat-reviews/valor-feadships-latest-zero-emission-80m-explorer-yacht-hits-the-water/,/boat-reviews/valor-feadships-latest-zero-emission-80m-explorer-yacht-hits-the-water/,https://www.oldseadogs.com/stories/boat-reviews-valor-feadships-latest-zero-emission-80m-explorer-yacht-hits-the-water,/stories/boat-reviews-valor-feadships-latest-zero-emission-80m-explorer-yacht-hits-the-water,301,"Boat Reviews: Unveiling Valor - Feadship's Latest 80-meter Eco-Friendly Marvel, Built for Harsh Arctic Expeditions"
article redirect,https://oldseadogs.com/racing/a-twist-of-tactics-and-triumph-at-2025-star-world-championship-in-croatia/,/racing/a-twist-of-tactics-and-triumph-at-2025-star-world-championship-in-croatia/,https://www.oldseadogs.com/stories/racing-a-twist-of-tactics-and-triumph-at-2025-star-world-championship-in-croatia,/stories/racing-a-twist-of-tactics-and-triumph-at-2025-star-world-championship-in-croatia,301,"Racing: Mateusz Kusznierewicz, Bruno Prada and a Star-Filled Fleet Highlight a Day of Tactical Mastery at the 2025 Star World Championship in Croatia."
article redirect,https://oldseadogs.com/news/leg-4-of-the-ocean-race-europe-gets-underway/,/news/leg-4-of-the-ocean-race-europe-gets-underway/,https://www.oldseadogs.com/stories/news-leg-4-of-the-ocean-race-europe-gets-underway,/stories/news-leg-4-of-the-ocean-race-europe-gets-underway,301,News: Fleet Departs Nice in Glamour Conditions as Leg 4 of The Ocean Race Europe Gets Underway
article redirect,https://oldseadogs.com/news/marine-auctions-september-online-auctions-culminates/,/news/marine-auctions-september-online-auctions-culminates/,https://www.oldseadogs.com/stories/news-marine-auctions-september-online-auctions-culminates,/stories/news-marine-auctions-september-online-auctions-culminates,301,"News: Adventure, Ambition, and Auction: The Grand Finale of Marine Auctions September Online Event"
article redirect,https://oldseadogs.com/boat-shows/southampton-boat-show-unveils-beneteau-swift-trawler-54/,/boat-shows/southampton-boat-show-unveils-beneteau-swift-trawler-54/,https://www.oldseadogs.com/stories/boat-shows-southampton-boat-show-unveils-beneteau-swift-trawler-54,/stories/boat-shows-southampton-boat-show-unveils-beneteau-swift-trawler-54,301,Shows: Beneteau's Swift Trawler 54 Makes a Groundbreaking UK Debut at Southampton Boat Show
article redirect,https://oldseadogs.com/boat-shows/unveiling-the-groundbreaking-princess-c48-superboat-at-cannes/,/boat-shows/unveiling-the-groundbreaking-princess-c48-superboat-at-cannes/,https://www.oldseadogs.com/stories/boat-shows-unveiling-the-groundbreaking-princess-c48-superboat-at-cannes,/stories/boat-shows-unveiling-the-groundbreaking-princess-c48-superboat-at-cannes,301,"Shows: A Radical Revelation: The Innovative Princess C48, Unveiled at Cannes Yachting Festival"
article redirect,https://oldseadogs.com/news/rossinavis-flying-dagger-iii-superyacht-reaches-brokerage-market/,/news/rossinavis-flying-dagger-iii-superyacht-reaches-brokerage-market/,https://www.oldseadogs.com/stories/news-rossinavis-flying-dagger-iii-superyacht-reaches-brokerage-market,/stories/news-rossinavis-flying-dagger-iii-superyacht-reaches-brokerage-market,301,"News: Rossinavi's Majestic Superyacht, the Flying Dagger III, Marks Debut on Brokerage Market with Premiere Set For Monaco Yacht Show"
article redirect,https://oldseadogs.com/news/sanlorenzo-sees-continued-growth-and-record-order-intake-for-h1-2025/,/news/sanlorenzo-sees-continued-growth-and-record-order-intake-for-h1-2025/,https://www.oldseadogs.com/stories/news-sanlorenzo-sees-continued-growth-and-record-order-intake-for-h1-2025,/stories/news-sanlorenzo-sees-continued-growth-and-record-order-intake-for-h1-2025,301,"News: Sanlorenzo Prospers Amid Headwinds, Reporting Steady Growth and Record Orders for First Half of 2025"
article redirect,https://oldseadogs.com/racing/emerging-vaikobi-18ft-skiff-team-aims-for-2025-triumph/,/racing/emerging-vaikobi-18ft-skiff-team-aims-for-2025-triumph/,https://www.oldseadogs.com/stories/racing-emerging-vaikobi-18ft-skiff-team-aims-for-2025-triumph,/stories/racing-emerging-vaikobi-18ft-skiff-team-aims-for-2025-triumph,301,Racing: Young and Talented Vaikobi 18ft Skiff Trio Leading the Charge for 2025 Australian 18 Footers League
article redirect,https://oldseadogs.com/boat-reviews/discovering-the-secrets-of-the-bieker-moth-with-sailor-kyle-stoneham/,/boat-reviews/discovering-the-secrets-of-the-bieker-moth-with-sailor-kyle-stoneham/,https://www.oldseadogs.com/stories/boat-reviews-discovering-the-secrets-of-the-bieker-moth-with-sailor-kyle-stoneham,/stories/boat-reviews-discovering-the-secrets-of-the-bieker-moth-with-sailor-kyle-stoneham,301,Boat Reviews: Unravel the Mystique of the Bieker Moth: A Deep Dive with Sailing Champion Kyle Stoneham
article redirect,https://oldseadogs.com/news/family-triumph-at-the-yare-bure-open-sailing-weekend/,/news/family-triumph-at-the-yare-bure-open-sailing-weekend/,https://www.oldseadogs.com/stories/news-family-triumph-at-the-yare-bure-open-sailing-weekend,/stories/news-family-triumph-at-the-yare-bure-open-sailing-weekend,301,News: Extraordinary Family Victory at Yare and Bure Open Sailing Championship on the Broad?
article redirect,https://oldseadogs.com/news/historic-achievement-in-yachting-amels-launches-largest-dutch-built-motor-yacht/,/news/historic-achievement-in-yachting-amels-launches-largest-dutch-built-motor-yacht/,https://www.oldseadogs.com/stories/news-historic-achievement-in-yachting-amels-launches-largest-dutch-built-motor-yacht,/stories/news-historic-achievement-in-yachting-amels-launches-largest-dutch-built-motor-yacht,301,"News: Spectacular Milestone In Sea Engineering: The Largest Dutch-Built Motor Yacht By Amels, Project Tanzanite Introduces New Standard In Luxury"
article redirect,https://oldseadogs.com/news/italian-fashion-icon-giorgio-armani-passes-away/,/news/italian-fashion-icon-giorgio-armani-passes-away/,https://www.oldseadogs.com/stories/news-italian-fashion-icon-giorgio-armani-passes-away,/stories/news-italian-fashion-icon-giorgio-armani-passes-away,301,News: Giorgio Armani: Legendary Italian Fashion Designer and Avid Sailor Dies at 91
article redirect,https://oldseadogs.com/boat-reviews/maiora-unveils-new-addition-to-m-line-the-m30-yacht/,/boat-reviews/maiora-unveils-new-addition-to-m-line-the-m30-yacht/,https://www.oldseadogs.com/stories/boat-reviews-maiora-unveils-new-addition-to-m-line-the-m30-yacht,/stories/boat-reviews-maiora-unveils-new-addition-to-m-line-the-m30-yacht,301,"Boat Reviews: Ahead of the Cannes Yachting Festival, Maiora of NEXT Yacht Group Presents Their Impressive New 30.4-Metre Yacht, M|30"
article redirect,https://oldseadogs.com/news/marina-lanzarote-atlantic-gateway-for-the-2026-rorc-transatlantic-race/,/news/marina-lanzarote-atlantic-gateway-for-the-2026-rorc-transatlantic-race/,https://www.oldseadogs.com/stories/news-marina-lanzarote-atlantic-gateway-for-the-2026-rorc-transatlantic-race,/stories/news-marina-lanzarote-atlantic-gateway-for-the-2026-rorc-transatlantic-race,301,News: The 2026 RORC Transatlantic Race
article redirect,https://oldseadogs.com/boat-shows/elevate-your-boating-experience-with-ancasta-in-cannes-and-southampton/,/boat-shows/elevate-your-boating-experience-with-ancasta-in-cannes-and-southampton/,https://www.oldseadogs.com/stories/boat-shows-elevate-your-boating-experience-with-ancasta-in-cannes-and-southampton,/stories/boat-shows-elevate-your-boating-experience-with-ancasta-in-cannes-and-southampton,301,Shows: Exclusive Invitation to a Sea of Unveilings: Ancasta Presents the World's Splendour in Cannes and Southampton
article redirect,https://oldseadogs.com/news/hamilton-island-race-week/,/news/hamilton-island-race-week/,https://www.oldseadogs.com/stories/news-hamilton-island-race-week,/stories/news-hamilton-island-race-week,301,News: Trans-Tasman Showdown Closes Day Three at Hamilton Island Race Week
article redirect,https://oldseadogs.com/boat-reviews/introducing-manari-yachts-the-new-brand-from-albert-franko-and-red-yacht-design/,/boat-reviews/introducing-manari-yachts-the-new-brand-from-albert-franko-and-red-yacht-design/,https://www.oldseadogs.com/stories/boat-reviews-introducing-manari-yachts-the-new-brand-from-albert-franko-and-red-yacht-design,/stories/boat-reviews-introducing-manari-yachts-the-new-brand-from-albert-franko-and-red-yacht-design,301,"Boat Reviews: Manari Yachts Sets Sail: A New Blend of Maritime Freedom, Luxury, and Performance"
article redirect,https://oldseadogs.com/racing/momentous-start-to-the-14th-clipper-round-the-world-yacht-race/,/racing/momentous-start-to-the-14th-clipper-round-the-world-yacht-race/,https://www.oldseadogs.com/stories/racing-momentous-start-to-the-14th-clipper-round-the-world-yacht-race,/stories/racing-momentous-start-to-the-14th-clipper-round-the-world-yacht-race,301,"Racing: The 14th Clipper Round the World Yacht Race Begins, Marking a Historic Moment in Sailing Sport"
article redirect,https://oldseadogs.com/racing/the-thrill-and-frill-of-streaker-northern-championship-2025/,/racing/the-thrill-and-frill-of-streaker-northern-championship-2025/,https://www.oldseadogs.com/stories/racing-the-thrill-and-frill-of-streaker-northern-championship-2025,/stories/racing-the-thrill-and-frill-of-streaker-northern-championship-2025,301,"Racing: Introducing the Streaker Northern Championship 2025: A Tale of High Tides, Rigorous Challenges and Ultimate Victory"
article redirect,https://oldseadogs.com/news/24m-medy%C4%B1lmaz-yacht-dolce-vento-capsizes-after-launch/,/news/24m-medy%C4%B1lmaz-yacht-dolce-vento-capsizes-after-launch/,https://www.oldseadogs.com/stories/news-24m-medy-lmaz-yacht-dolce-vento-capsizes-after-launch,/stories/news-24m-medy-lmaz-yacht-dolce-vento-capsizes-after-launch,301,"News: Medyılmaz Motor Yacht Dolce Vento Sinks Right Upon Debut, Triggering Investigations"
article redirect,https://oldseadogs.com/news/celebrated-47m-superyacht-m-finds-a-new-owner/,/news/celebrated-47m-superyacht-m-finds-a-new-owner/,https://www.oldseadogs.com/stories/news-celebrated-47m-superyacht-m-finds-a-new-owner,/stories/news-celebrated-47m-superyacht-m-finds-a-new-owner,301,"News: 47m Prize-winning Yacht M Sold, Continuing the Success Story of Sanlorenzo's 500EXP Series"
article redirect,https://oldseadogs.com/racing/spotlight-on-contenders-for-j/24-world-sailing-championship-2025-in-plymouth/,/racing/spotlight-on-contenders-for-j/24-world-sailing-championship-2025-in-plymouth/,https://www.oldseadogs.com/stories/racing-24-world-sailing-championship-2025-in-plymouth,/stories/racing-24-world-sailing-championship-2025-in-plymouth,301,Racing: In the Heart of Sailing Glory: Key Players to Watch in 2025's J/24 World Championship in Plymouth
article redirect,https://oldseadogs.com/news/the-imoca-fleet-in-the-ocean-race-europe-have-paid-their-dues-in-sweat-and-sleeplessness./,/news/the-imoca-fleet-in-the-ocean-race-europe-have-paid-their-dues-in-sweat-and-sleeplessness./,https://www.oldseadogs.com/stories/news-the-imoca-fleet-in-the-ocean-race-europe-have-paid-their-dues-in-sweat-and-sleeplessness,/stories/news-the-imoca-fleet-in-the-ocean-race-europe-have-paid-their-dues-in-sweat-and-sleeplessness,301,"News: Fresh Breeze, Fresh Battles: Fleet Accelerates Toward France After a Gruelling Night off Mallorca"
article redirect,https://oldseadogs.com/boat-shows/unveiling-the-priciest-yachts-on-display-at-the-2025-monaco-yacht-show/,/boat-shows/unveiling-the-priciest-yachts-on-display-at-the-2025-monaco-yacht-show/,https://www.oldseadogs.com/stories/boat-shows-unveiling-the-priciest-yachts-on-display-at-the-2025-monaco-yacht-show,/stories/boat-shows-unveiling-the-priciest-yachts-on-display-at-the-2025-monaco-yacht-show,301,Shows: Showcasing the Splendors of Sea Luxury: The Most Expensive Yachts at the Monaco Yacht Show 2025
article redirect,https://oldseadogs.com/gear/zhik-launches-uvactive-tops-ultimate-water-protection/,/gear/zhik-launches-uvactive-tops-ultimate-water-protection/,https://www.oldseadogs.com/stories/gear-zhik-launches-uvactive-tops-ultimate-water-protection,/stories/gear-zhik-launches-uvactive-tops-ultimate-water-protection,301,Gear: Zhik Unveils New Must-Have UVActive Tops for Maximum Water Protection and Comfort
article redirect,https://oldseadogs.com/racing/finn-gold-cup-2025-cascais-emerges-as-a-sailors-paradise/,/racing/finn-gold-cup-2025-cascais-emerges-as-a-sailors-paradise/,https://www.oldseadogs.com/stories/racing-finn-gold-cup-2025-cascais-emerges-as-a-sailors-paradise,/stories/racing-finn-gold-cup-2025-cascais-emerges-as-a-sailors-paradise,301,Racing: 2025 Finn Gold Cup Kicks Off in Cascais: Epic Conditions and Outstanding Performances Mark the Opening
article redirect,https://oldseadogs.com/news/hamilton-island-race-week-40th-champions/,/news/hamilton-island-race-week-40th-champions/,https://www.oldseadogs.com/stories/news-hamilton-island-race-week-40th-champions,/stories/news-hamilton-island-race-week-40th-champions,301,"News: Hamilton Island Race Week 40th: Champions, Close Calls"
article redirect,https://oldseadogs.com/lifestyle/the-star-yacht-of-a-reality-tv-show-journey/,/lifestyle/the-star-yacht-of-a-reality-tv-show-journey/,https://www.oldseadogs.com/stories/lifestyle-the-star-yacht-of-a-reality-tv-show-journey,/stories/lifestyle-the-star-yacht-of-a-reality-tv-show-journey,301,Lifestyle: Details of the Yacht Star 'Bravado' in Below Deck Mediterranean Season 10
article redirect,https://oldseadogs.com/racing/the-xr-41-a-championship-journey-from-vision-to-reality/,/racing/the-xr-41-a-championship-journey-from-vision-to-reality/,https://www.oldseadogs.com/stories/racing-the-xr-41-a-championship-journey-from-vision-to-reality,/stories/racing-the-xr-41-a-championship-journey-from-vision-to-reality,301,Racing: How the XR 41 Sailing Yacht Conquered the World: A Tale from Idea to Championship Glory
article redirect,https://oldseadogs.com/lifestyle/unstoppable-force-of-the-seas-the-story-of-motor-gun-boat-81/,/lifestyle/unstoppable-force-of-the-seas-the-story-of-motor-gun-boat-81/,https://www.oldseadogs.com/stories/lifestyle-unstoppable-force-of-the-seas-the-story-of-motor-gun-boat-81,/stories/lifestyle-unstoppable-force-of-the-seas-the-story-of-motor-gun-boat-81,301,Lifestyle: The Legendary Tale of the Motor Gun Boat 81: The Ineluctable Phantom of the Sea
article redirect,https://oldseadogs.com/news/biotherms-perfect-finish-in-cartagena-meilhats-crew-extend-their-lead-in-the-ocean-race-europe/,/news/biotherms-perfect-finish-in-cartagena-meilhats-crew-extend-their-lead-in-the-ocean-race-europe/,https://www.oldseadogs.com/stories/news-biotherms-perfect-finish-in-cartagena-meilhats-crew-extend-their-lead-in-the-ocean-race-eur,/stories/news-biotherms-perfect-finish-in-cartagena-meilhats-crew-extend-their-lead-in-the-ocean-race-eur,301,News: Biotherm’s Perfect Finish in Cartagena
article redirect,https://oldseadogs.com/boat-shows/cannes-yachting-festival-unveils-princess-v65/,/boat-shows/cannes-yachting-festival-unveils-princess-v65/,https://www.oldseadogs.com/stories/boat-shows-cannes-yachting-festival-unveils-princess-v65,/stories/boat-shows-cannes-yachting-festival-unveils-princess-v65,301,Shows: World Premier of Princess V65 at Cannes Yachting Festival: The Flagship of Luxury and Speed
article redirect,https://oldseadogs.com/news/highlights-of-tedx-forte-dei-marmi-2025-yachting-meets-innovation/,/news/highlights-of-tedx-forte-dei-marmi-2025-yachting-meets-innovation/,https://www.oldseadogs.com/stories/news-highlights-of-tedx-forte-dei-marmi-2025-yachting-meets-innovation,/stories/news-highlights-of-tedx-forte-dei-marmi-2025-yachting-meets-innovation,301,"News: As Waves of Wisdom Rolled in: Highlights of TEDx Forte Dei Marmi, Yachting and Innovation Unite"
article redirect,https://oldseadogs.com/news/jazz-turner-concludes-solo-adventure-around-british-isles/,/news/jazz-turner-concludes-solo-adventure-around-british-isles/,https://www.oldseadogs.com/stories/news-jazz-turner-concludes-solo-adventure-around-british-isles,/stories/news-jazz-turner-concludes-solo-adventure-around-british-isles,301,News: Solo Sailor Jazz Turner Successfully Completes Unassisted Circumnavigation of British Isles
article redirect,https://oldseadogs.com/boat-shows/superyacht-market-gains-with-feadships-boardwalks-introduction/,/boat-shows/superyacht-market-gains-with-feadships-boardwalks-introduction/,https://www.oldseadogs.com/stories/boat-shows-superyacht-market-gains-with-feadships-boardwalks-introduction,/stories/boat-shows-superyacht-market-gains-with-feadships-boardwalks-introduction,301,Shows: Stepping on Board: Tilman Fertitta's Luxury 77m Feadship Superyacht Enters the Market
article redirect,https://oldseadogs.com/boat-reviews/the-cdm-babbo-a-closer-look-at-the-exceptional-43m-explorer-yacht/,/boat-reviews/the-cdm-babbo-a-closer-look-at-the-exceptional-43m-explorer-yacht/,https://www.oldseadogs.com/stories/boat-reviews-the-cdm-babbo-a-closer-look-at-the-exceptional-43m-explorer-yacht,/stories/boat-reviews-the-cdm-babbo-a-closer-look-at-the-exceptional-43m-explorer-yacht,301,"Boat Reviews: Pioneering the Sea: Unveiling the Grandeur of the 'One-off' 43m CDM Explorer Yacht, Babbo"
article redirect,https://oldseadogs.com/boat-reviews/the-sporty-sunreef-ultima-55-powercat-makes-a-splash/,/boat-reviews/the-sporty-sunreef-ultima-55-powercat-makes-a-splash/,https://www.oldseadogs.com/stories/boat-reviews-the-sporty-sunreef-ultima-55-powercat-makes-a-splash,/stories/boat-reviews-the-sporty-sunreef-ultima-55-powercat-makes-a-splash,301,"Boat Reviews: Experience the Ocean Voyage for a Lifetime with Sunreef Ultima 55, a Powercat with Added Chic"
article redirect,https://oldseadogs.com/news/mediterranean-chaos-leaders-stumble-fleet-closes-in/,/news/mediterranean-chaos-leaders-stumble-fleet-closes-in/,https://www.oldseadogs.com/stories/news-mediterranean-chaos-leaders-stumble-fleet-closes-in,/stories/news-mediterranean-chaos-leaders-stumble-fleet-closes-in,301,"News: Mediterranean Chaos: Leaders Stumble, Fleet Closes In"
article redirect,https://oldseadogs.com/racing/go-gps-cowes-international-powerboat-festival-offshore-glory-and-a-new-champion-crowned/,/racing/go-gps-cowes-international-powerboat-festival-offshore-glory-and-a-new-champion-crowned/,https://www.oldseadogs.com/stories/racing-go-gps-cowes-international-powerboat-festival-offshore-glory-and-a-new-champion-crowned,/stories/racing-go-gps-cowes-international-powerboat-festival-offshore-glory-and-a-new-champion-crowned,301,Racing: Offshore Glory and a New Champion Crowned
article redirect,https://oldseadogs.com/racing/2025-ilca-senior-european-championships/,/racing/2025-ilca-senior-european-championships/,https://www.oldseadogs.com/stories/racing-2025-ilca-senior-european-championships,/stories/racing-2025-ilca-senior-european-championships,301,Racing: 2025 ILCA Senior European Championships – Drama in Marstrand
article redirect,https://oldseadogs.com/news/the-high-cost-of-training-in-the-superyacht-realm-who-foots-the-bill/,/news/the-high-cost-of-training-in-the-superyacht-realm-who-foots-the-bill/,https://www.oldseadogs.com/stories/news-the-high-cost-of-training-in-the-superyacht-realm-who-foots-the-bill,/stories/news-the-high-cost-of-training-in-the-superyacht-realm-who-foots-the-bill,301,News: Evaluating the Increasing Expense and Challenges of Crew Training in the Superyacht Industry
article redirect,https://oldseadogs.com/news/unmasking-enclosed-spaces-on-superyachts-a-chirp-report/,/news/unmasking-enclosed-spaces-on-superyachts-a-chirp-report/,https://www.oldseadogs.com/stories/news-unmasking-enclosed-spaces-on-superyachts-a-chirp-report,/stories/news-unmasking-enclosed-spaces-on-superyachts-a-chirp-report,301,News: Calling for Safety Over Sight: Enclosed Spaces on Superyachts and the Importance of Gas Detection
article redirect,https://oldseadogs.com/news/cork-a-sustainable-revolution-in-the-marine-industry/,/news/cork-a-sustainable-revolution-in-the-marine-industry/,https://www.oldseadogs.com/stories/news-cork-a-sustainable-revolution-in-the-marine-industry,/stories/news-cork-a-sustainable-revolution-in-the-marine-industry,301,"News: Discover How Cork is Becoming a Sustainable, Ethical Game Changer in the Marine World"
article redirect,https://oldseadogs.com/news/dartmouth-regatta-2025/,/news/dartmouth-regatta-2025/,https://www.oldseadogs.com/stories/news-dartmouth-regatta-2025,/stories/news-dartmouth-regatta-2025,301,"News: Dartmouth Regatta 2025 in Full Swing – Tradition, Laughter, and a Town Alive"
article redirect,https://oldseadogs.com/news/40-years-of-hamilton-island-race-week/,/news/40-years-of-hamilton-island-race-week/,https://www.oldseadogs.com/stories/news-40-years-of-hamilton-island-race-week,/stories/news-40-years-of-hamilton-island-race-week,301,News: A Festival of Sail in the Whitsundays
article redirect,https://oldseadogs.com/gear/boat-manufacturers-europe/,/gear/boat-manufacturers-europe/,https://www.oldseadogs.com/stories/gear-boat-manufacturers-europe,/stories/gear-boat-manufacturers-europe,301,Gear: European - Boat Manufacturers
article redirect,https://oldseadogs.com/racing/2025-melbourne-to-hobart-yacht-race-welcomes-entrants-and-new-sponsor/,/racing/2025-melbourne-to-hobart-yacht-race-welcomes-entrants-and-new-sponsor/,https://www.oldseadogs.com/stories/racing-2025-melbourne-to-hobart-yacht-race-welcomes-entrants-and-new-sponsor,/stories/racing-2025-melbourne-to-hobart-yacht-race-welcomes-entrants-and-new-sponsor,301,Racing: Preparations Begin for the 2025 Melbourne to Hobart Yacht Race as Entries Open and On Track Meals Comes Onboard as Premium Partner
article redirect,https://oldseadogs.com/racing/marstrand-2025-the-ilca-europeans/,/racing/marstrand-2025-the-ilca-europeans/,https://www.oldseadogs.com/stories/racing-marstrand-2025-the-ilca-europeans,/stories/racing-marstrand-2025-the-ilca-europeans,301,"Racing: Marstrand 2025: New Champions, Fresh Legends, and History Rewritten at the ILCA Europeans"
article redirect,https://oldseadogs.com/gear/the-mc-quick-gyro-stability-comfort-and-confidence-at-sea/,/gear/the-mc-quick-gyro-stability-comfort-and-confidence-at-sea/,https://www.oldseadogs.com/stories/gear-the-mc-quick-gyro-stability-comfort-and-confidence-at-sea,/stories/gear-the-mc-quick-gyro-stability-comfort-and-confidence-at-sea,301,"Gear: The MC² Quick Gyro – Stability, Comfort and Confidence at Sea"
article redirect,https://oldseadogs.com/boat-reviews/dutch-excellence-at-sea-damen-yachtings-dual-delivery/,/boat-reviews/dutch-excellence-at-sea-damen-yachtings-dual-delivery/,https://www.oldseadogs.com/stories/boat-reviews-dutch-excellence-at-sea-damen-yachtings-dual-delivery,/stories/boat-reviews-dutch-excellence-at-sea-damen-yachtings-dual-delivery,301,Boat Reviews: Damen Yachting Delivers Its First Xplorer 60 and Yacht Support 53 to One Proud Owner
article redirect,https://oldseadogs.com/news/flagship-superyacht-adamas-v-price-slashed-by-1m/,/news/flagship-superyacht-adamas-v-price-slashed-by-1m/,https://www.oldseadogs.com/stories/news-flagship-superyacht-adamas-v-price-slashed-by-1m,/stories/news-flagship-superyacht-adamas-v-price-slashed-by-1m,301,News: Price Reduction on Nicolini Superyacht Adamas V - From Signature Luxury to Adventurous Affordability
article redirect,https://oldseadogs.com/racing/leg-2-of-the-ocean-race-europe/,/racing/leg-2-of-the-ocean-race-europe/,https://www.oldseadogs.com/stories/racing-leg-2-of-the-ocean-race-europe,/stories/racing-leg-2-of-the-ocean-race-europe,301,Racing: Sleepless Hours Ahead as Porto’s Scoring Gate Looms Large
article redirect,https://oldseadogs.com/racing/poole-and-burnhams-spirited-racing-kicks-off/,/racing/poole-and-burnhams-spirited-racing-kicks-off/,https://www.oldseadogs.com/stories/racing-poole-and-burnhams-spirited-racing-kicks-off,/stories/racing-poole-and-burnhams-spirited-racing-kicks-off,301,"Racing: Poole and Burnham Weeks Begin with Sun, Gusts, Shifty Winds, and a Bit of Drama"
article redirect,https://oldseadogs.com/racing/cowestorquaycowes-powerboat-race-roars-into-life/,/racing/cowestorquaycowes-powerboat-race-roars-into-life/,https://www.oldseadogs.com/stories/racing-cowestorquaycowes-powerboat-race-roars-into-life,/stories/racing-cowestorquaycowes-powerboat-race-roars-into-life,301,Racing: Cowes–Torquay–Cowes Powerboat Race Roars into Life
article redirect,https://oldseadogs.com/racing/the-2025-snipe-north-american-championship-in-san-diego-pictorial-report/,/racing/the-2025-snipe-north-american-championship-in-san-diego-pictorial-report/,https://www.oldseadogs.com/stories/racing-the-2025-snipe-north-american-championship-in-san-diego-pictorial-report,/stories/racing-the-2025-snipe-north-american-championship-in-san-diego-pictorial-report,301,Racing: Experience the Thrill of the 2025 Snipe North American Championship in San Diego Through the Lens of Bob Betancourt
article redirect,https://oldseadogs.com/news/victory-for-team-holcim-prb-in-redress-ruling-at-the-ocean-race-europe/,/news/victory-for-team-holcim-prb-in-redress-ruling-at-the-ocean-race-europe/,https://www.oldseadogs.com/stories/news-victory-for-team-holcim-prb-in-redress-ruling-at-the-ocean-race-europe,/stories/news-victory-for-team-holcim-prb-in-redress-ruling-at-the-ocean-race-europe,301,News: Team Holcim-PRB’s Setback Becomes Triumph as It Wins Redress at The Ocean Race Europe
article redirect,https://oldseadogs.com/news/antitrust-lawsuit-targets-us-boat-listing-giant/,/news/antitrust-lawsuit-targets-us-boat-listing-giant/,https://www.oldseadogs.com/stories/news-antitrust-lawsuit-targets-us-boat-listing-giant,/stories/news-antitrust-lawsuit-targets-us-boat-listing-giant,301,News: Boats Group Faces Legal Battle Over Alleged Marketplace Monopoly
article redirect,https://oldseadogs.com/news/heesens-luxury-yacht-sea-axis-listed-for-sale/,/news/heesens-luxury-yacht-sea-axis-listed-for-sale/,https://www.oldseadogs.com/stories/news-heesens-luxury-yacht-sea-axis-listed-for-sale,/stories/news-heesens-luxury-yacht-sea-axis-listed-for-sale,301,News: Get Ready for Adventure: The 38-Metre Sea Axis by Heesen is Up for Grabs
article redirect,https://oldseadogs.com/racing/ocean-race-europe-leg-2/,/racing/ocean-race-europe-leg-2/,https://www.oldseadogs.com/stories/racing-ocean-race-europe-leg-2,/stories/racing-ocean-race-europe-leg-2,301,Racing: Fleet storms away from the Solent as Ocean Race Europe Leg 2
article redirect,https://oldseadogs.com/boat-reviews/princess-f58-the-flybridge-yacht/,/boat-reviews/princess-f58-the-flybridge-yacht/,https://www.oldseadogs.com/stories/boat-reviews-princess-f58-the-flybridge-yacht,/stories/boat-reviews-princess-f58-the-flybridge-yacht,301,Boat Reviews: Princess F58 - The Flybridge Yacht
article redirect,https://oldseadogs.com/racing/thrilling-competition-for-crossley-holland-trophy-at-overy-staithe-regatta/,/racing/thrilling-competition-for-crossley-holland-trophy-at-overy-staithe-regatta/,https://www.oldseadogs.com/stories/racing-thrilling-competition-for-crossley-holland-trophy-at-overy-staithe-regatta,/stories/racing-thrilling-competition-for-crossley-holland-trophy-at-overy-staithe-regatta,301,Racing: From Toppers to Vintage: Battle for Prestigious Crossley Holland Trophy in Overy Staithe Regatta
article redirect,https://oldseadogs.com/news/unveiling-episode-four-of-bulwarks-and-bulldust-season-two/,/news/unveiling-episode-four-of-bulwarks-and-bulldust-season-two/,https://www.oldseadogs.com/stories/news-unveiling-episode-four-of-bulwarks-and-bulldust-season-two,/stories/news-unveiling-episode-four-of-bulwarks-and-bulldust-season-two,301,News: Diving into tales of seas and sails with Jack Macartney on 'Bulwarks and Bulldust’
article redirect,https://oldseadogs.com/news/legendary-christensen-motor-yacht-sea-class-sees-500k-price-drop/,/news/legendary-christensen-motor-yacht-sea-class-sees-500k-price-drop/,https://www.oldseadogs.com/stories/news-legendary-christensen-motor-yacht-sea-class-sees-500k-price-drop,/stories/news-legendary-christensen-motor-yacht-sea-class-sees-500k-price-drop,301,"News: Heralded Charter Yacht Sea Class Having Major Price Reduction, a Chance for the Fortunate to Sail the Seas"
article redirect,https://oldseadogs.com/news/luxurious-mangusta-motor-yacht-royale-x-back-on-market-with-major-price-reduction/,/news/luxurious-mangusta-motor-yacht-royale-x-back-on-market-with-major-price-reduction/,https://www.oldseadogs.com/stories/news-luxurious-mangusta-motor-yacht-royale-x-back-on-market-with-major-price-reduction,/stories/news-luxurious-mangusta-motor-yacht-royale-x-back-on-market-with-major-price-reduction,301,"News: Magnificent Mangusta Yacht, Royale X, Returns to Market with a Whopping €2M Price Slash"
article redirect,https://oldseadogs.com/news/marina-port-vell-fosters-alliance-with-barcelona-port-heliport/,/news/marina-port-vell-fosters-alliance-with-barcelona-port-heliport/,https://www.oldseadogs.com/stories/news-marina-port-vell-fosters-alliance-with-barcelona-port-heliport,/stories/news-marina-port-vell-fosters-alliance-with-barcelona-port-heliport,301,News: Marina Port Vell Raises the Bar in Luxury Yachting with Groundbreaking Partnership with Barcelona Port Heliport
article redirect,https://oldseadogs.com/news/mateo-majdalani-ascends-to-nacra-17-presidency/,/news/mateo-majdalani-ascends-to-nacra-17-presidency/,https://www.oldseadogs.com/stories/news-mateo-majdalani-ascends-to-nacra-17-presidency,/stories/news-mateo-majdalani-ascends-to-nacra-17-presidency,301,News: Meet Mateo Majdalani: The New Forces Steering the Nacra 17 Class Towards a Promising Future
article redirect,https://oldseadogs.com/boat-reviews/outer-reefs-unveils-780-adventure-the-superyacht-born-for-exploration/,/boat-reviews/outer-reefs-unveils-780-adventure-the-superyacht-born-for-exploration/,https://www.oldseadogs.com/stories/boat-reviews-outer-reefs-unveils-780-adventure-the-superyacht-born-for-exploration,/stories/boat-reviews-outer-reefs-unveils-780-adventure-the-superyacht-born-for-exploration,301,Boat Reviews: Discover the Outer Reef 780 Adventure: The Ultimate Adventure yacht Bred in American Ingenuity
article redirect,https://oldseadogs.com/lifestyle/range-rover-an-unstoppable-force-in-luxury-vehicles-for-half-a-century-and-beyond/,/lifestyle/range-rover-an-unstoppable-force-in-luxury-vehicles-for-half-a-century-and-beyond/,https://www.oldseadogs.com/stories/lifestyle-range-rover-an-unstoppable-force-in-luxury-vehicles-for-half-a-century-and-beyond,/stories/lifestyle-range-rover-an-unstoppable-force-in-luxury-vehicles-for-half-a-century-and-beyond,301,Lifestyle: A 55-Year Odyssey of Unmatched Luxury and Tenacity: Exploring the Range Rover Legacy
article redirect,https://oldseadogs.com/news/the-return-of-the-poker-run-a-new-2025-spectacle/,/news/the-return-of-the-poker-run-a-new-2025-spectacle/,https://www.oldseadogs.com/stories/news-the-return-of-the-poker-run-a-new-2025-spectacle,/stories/news-the-return-of-the-poker-run-a-new-2025-spectacle,301,News: The Solent Gears Up for the Return of the Poker Run – A New 2025 Spectacle
article redirect,https://oldseadogs.com/boat-reviews/top-weekend-motor-yachts-of-2025-expert-review/,/boat-reviews/top-weekend-motor-yachts-of-2025-expert-review/,https://www.oldseadogs.com/stories/boat-reviews-top-weekend-motor-yachts-of-2025-expert-review,/stories/boat-reviews-top-weekend-motor-yachts-of-2025-expert-review,301,Boat Reviews: Embark on Water-borne Weekends: A Deep-dive Review of 2025’s Top-performing Weekend Motor Yachts
article redirect,https://oldseadogs.com/boat-reviews/flybridge-yacht/,/boat-reviews/flybridge-yacht/,https://www.oldseadogs.com/stories/boat-reviews-flybridge-yacht,/stories/boat-reviews-flybridge-yacht,301,Boat Reviews: Flybridge yacht
article redirect,https://oldseadogs.com/boat-reviews/hargrave-custom-yachts-unveils-stylish-36m-model/,/boat-reviews/hargrave-custom-yachts-unveils-stylish-36m-model/,https://www.oldseadogs.com/stories/boat-reviews-hargrave-custom-yachts-unveils-stylish-36m-model,/stories/boat-reviews-hargrave-custom-yachts-unveils-stylish-36m-model,301,Boat Reviews: Discover Hargrave's Future of Custom Yachting: The Dynamic New 36m Model
article redirect,https://oldseadogs.com/news/remembrance-co-founder-of-viking-yachts-william-j.-healey-passed-away/,/news/remembrance-co-founder-of-viking-yachts-william-j.-healey-passed-away/,https://www.oldseadogs.com/stories/news-remembrance-co-founder-of-viking-yachts-william-j-healey-passed-away,/stories/news-remembrance-co-founder-of-viking-yachts-william-j-healey-passed-away,301,"News: William J. Healey, Co-founder and Past President of Viking Yachts, Leaves a Legacy in the Maritime Industry"
article redirect,https://oldseadogs.com/boat-shows/showstopper-revealed-the-itama-54-graces-the-cannes-yachting-festival/,/boat-shows/showstopper-revealed-the-itama-54-graces-the-cannes-yachting-festival/,https://www.oldseadogs.com/stories/boat-shows-showstopper-revealed-the-itama-54-graces-the-cannes-yachting-festival,/stories/boat-shows-showstopper-revealed-the-itama-54-graces-the-cannes-yachting-festival,301,"Shows: An Icon gets Reinvented: The Itama 54 Premieres at Cannes Yachting Festival, Promising Exceptional Seakeeping and Timeless Design"
article redirect,https://oldseadogs.com/news/stewart-campbell-assumes-helm-at-boat-international/,/news/stewart-campbell-assumes-helm-at-boat-international/,https://www.oldseadogs.com/stories/news-stewart-campbell-assumes-helm-at-boat-international,/stories/news-stewart-campbell-assumes-helm-at-boat-international,301,News: Stewart Campbell Takes the Reins as New Managing Director of BOAT International
article redirect,https://oldseadogs.com/racing/exhilarating-championship-races-at-hythe-and-weecher-sailing-clubs/,/racing/exhilarating-championship-races-at-hythe-and-weecher-sailing-clubs/,https://www.oldseadogs.com/stories/racing-exhilarating-championship-races-at-hythe-and-weecher-sailing-clubs,/stories/racing-exhilarating-championship-races-at-hythe-and-weecher-sailing-clubs,301,"Racing: Sailing Enthusiasts Compete in Championship Races at Hythe and Weecher Sailing Clubs, Displaying Exceptional Skill and Sportsmanship"
article redirect,https://oldseadogs.com/news/sailgp-locks-in-sassnitz-rio-and-portsmouth-for-multi-year-calendar-shake-up/,/news/sailgp-locks-in-sassnitz-rio-and-portsmouth-for-multi-year-calendar-shake-up/,https://www.oldseadogs.com/stories/news-sailgp-locks-in-sassnitz-rio-and-portsmouth-for-multi-year-calendar-shake-up,/stories/news-sailgp-locks-in-sassnitz-rio-and-portsmouth-for-multi-year-calendar-shake-up,301,"News: SailGP locks in Sassnitz, Rio and Portsmouth for multi-year calendar shake-up"
article redirect,https://oldseadogs.com/racing/sailing-champions-flank-flying-fifteen-in-uk/,/racing/sailing-champions-flank-flying-fifteen-in-uk/,https://www.oldseadogs.com/stories/racing-sailing-champions-flank-flying-fifteen-in-uk,/stories/racing-sailing-champions-flank-flying-fifteen-in-uk,301,Racing: The Unprecedented Championship Attempt in PRO-SET Epoxy and Ovington Boats Flying Fifteen Worlds
article redirect,https://oldseadogs.com/news/sustainability-in-yacht-decking-wood-options-and-the-future-of-teak/,/news/sustainability-in-yacht-decking-wood-options-and-the-future-of-teak/,https://www.oldseadogs.com/stories/news-sustainability-in-yacht-decking-wood-options-and-the-future-of-teak,/stories/news-sustainability-in-yacht-decking-wood-options-and-the-future-of-teak,301,News: Debunking Myths about Teak Decking: An In-Depth Look into the Role of Wood Options and Sustainability in Yacht Decking
article redirect,https://oldseadogs.com/boat-shows/the-emerging-green-revolution-in-yacht-decking-a-closer-look/,/boat-shows/the-emerging-green-revolution-in-yacht-decking-a-closer-look/,https://www.oldseadogs.com/stories/boat-shows-the-emerging-green-revolution-in-yacht-decking-a-closer-look,/stories/boat-shows-the-emerging-green-revolution-in-yacht-decking-a-closer-look,301,Shows: Unfolding the Narrative of Ethical and Sustainable Alternatives to Traditional Teak in Yacht Decking
article redirect,https://oldseadogs.com/boat-shows/beneteau-gt35-and-gt40-yachts-unveiled-at-cannes-yachting-festival/,/boat-shows/beneteau-gt35-and-gt40-yachts-unveiled-at-cannes-yachting-festival/,https://www.oldseadogs.com/stories/boat-shows-beneteau-gt35-and-gt40-yachts-unveiled-at-cannes-yachting-festival,/stories/boat-shows-beneteau-gt35-and-gt40-yachts-unveiled-at-cannes-yachting-festival,301,Shows: The much-anticipated Beneteau GT35 and GT40 Yachts are ready to diversify the water-villa lifestyle.
article redirect,https://oldseadogs.com/news/the-aftermath-of-the-bayesian-sinking-impacts-and-inquiries/,/news/the-aftermath-of-the-bayesian-sinking-impacts-and-inquiries/,https://www.oldseadogs.com/stories/news-the-aftermath-of-the-bayesian-sinking-impacts-and-inquiries,/stories/news-the-aftermath-of-the-bayesian-sinking-impacts-and-inquiries,301,News: A Year After the Fatal Sinking of Bayesian: How it Continues to Influence the Yachting Industry
article redirect,https://oldseadogs.com/news/the-ocean-race-europe-leg-1-biotherm-storms-to-portsmouth-as-malizias-dover-gamble-strikes-gold/,/news/the-ocean-race-europe-leg-1-biotherm-storms-to-portsmouth-as-malizias-dover-gamble-strikes-gold/,https://www.oldseadogs.com/stories/news-the-ocean-race-europe-leg-1-biotherm-storms-to-portsmouth-as-malizias-dover-gamble-strikes-,/stories/news-the-ocean-race-europe-leg-1-biotherm-storms-to-portsmouth-as-malizias-dover-gamble-strikes-,301,News: Biotherm storms to Portsmouth as Malizia’s Dover gamble strikes gold
article redirect,https://oldseadogs.com/news/unravelling-the-recent-evolution-of-myba-charter-contract/,/news/unravelling-the-recent-evolution-of-myba-charter-contract/,https://www.oldseadogs.com/stories/news-unravelling-the-recent-evolution-of-myba-charter-contract,/stories/news-unravelling-the-recent-evolution-of-myba-charter-contract,301,News: How Latest Enhancements in the MYBA Charter Contract Impose New Challenges and Opportunities for Yacht Owners
article redirect,https://oldseadogs.com/news/dylan-fletcher-back-at-the-helm-and-out-to-prove-a-point/,/news/dylan-fletcher-back-at-the-helm-and-out-to-prove-a-point/,https://www.oldseadogs.com/stories/news-dylan-fletcher-back-at-the-helm-and-out-to-prove-a-point,/stories/news-dylan-fletcher-back-at-the-helm-and-out-to-prove-a-point,301,News: Dylan Fletcher – back at the helm in SailGP
article redirect,https://oldseadogs.com/lifestyle/seven-seafaring-days-a-cruise-along-brittanys-coastline/,/lifestyle/seven-seafaring-days-a-cruise-along-brittanys-coastline/,https://www.oldseadogs.com/stories/lifestyle-seven-seafaring-days-a-cruise-along-brittanys-coastline,/stories/lifestyle-seven-seafaring-days-a-cruise-along-brittanys-coastline,301,"Lifestyle: Conquering the Amiable Waters: Traversing Brittany with One Port, One Restaurant Each Day for a Whirlwind Week!"
article redirect,https://oldseadogs.com/racing/the-opening-chapter-of-the-ocean-race-europe-2025/,/racing/the-opening-chapter-of-the-ocean-race-europe-2025/,https://www.oldseadogs.com/stories/racing-the-opening-chapter-of-the-ocean-race-europe-2025,/stories/racing-the-opening-chapter-of-the-ocean-race-europe-2025,301,"Racing: Tacks, Traffic, and Tired Eyes: The Final Push to Portsmouth"
article redirect,https://oldseadogs.com/lifestyle/surfing-the-mid-life-waves-a-seafarers-journey-across-the-west-country/,/lifestyle/surfing-the-mid-life-waves-a-seafarers-journey-across-the-west-country/,https://www.oldseadogs.com/stories/lifestyle-surfing-the-mid-life-waves-a-seafarers-journey-across-the-west-country,/stories/lifestyle-surfing-the-mid-life-waves-a-seafarers-journey-across-the-west-country,301,Lifestyle: A Mid-Life Crusade Surfaces Novel Adventures Along the West Country Coastline
article redirect,https://oldseadogs.com/news/the-ocean-race-europe-biotherm-holding-the-cards/,/news/the-ocean-race-europe-biotherm-holding-the-cards/,https://www.oldseadogs.com/stories/news-the-ocean-race-europe-biotherm-holding-the-cards,/stories/news-the-ocean-race-europe-biotherm-holding-the-cards,301,News: The Ocean Race Europe – Biotherm holding the cards
article redirect,https://oldseadogs.com/news/unsettling-incident-raises-safety-concerns-about-superyacht-operation/,/news/unsettling-incident-raises-safety-concerns-about-superyacht-operation/,https://www.oldseadogs.com/stories/news-unsettling-incident-raises-safety-concerns-about-superyacht-operation,/stories/news-unsettling-incident-raises-safety-concerns-about-superyacht-operation,301,News: A Close Call: Incident Onboard Superyacht Spotlights Crucial Safety Lapses
article redirect,https://oldseadogs.com/news/ilca-senior-european-championships/,/news/ilca-senior-european-championships/,https://www.oldseadogs.com/stories/news-ilca-senior-european-championships,/stories/news-ilca-senior-european-championships,301,News: Day 1 – 2025 ILCA Senior European Championships
article redirect,https://oldseadogs.com/news/genesis-of-the-australian-18-footers-league-a-retrospective/,/news/genesis-of-the-australian-18-footers-league-a-retrospective/,https://www.oldseadogs.com/stories/news-genesis-of-the-australian-18-footers-league-a-retrospective,/stories/news-genesis-of-the-australian-18-footers-league-a-retrospective,301,News: Recounting the Birth and Evolution of Australian 18 Footers League and its Indomitable Journey
article redirect,https://oldseadogs.com/news/kiel-sets-the-course-where-sail-science-and-the-baltics-future-collide/,/news/kiel-sets-the-course-where-sail-science-and-the-baltics-future-collide/,https://www.oldseadogs.com/stories/news-kiel-sets-the-course-where-sail-science-and-the-baltics-future-collide,/stories/news-kiel-sets-the-course-where-sail-science-and-the-baltics-future-collide,301,"News: Kiel Sets the Course – Where Sail, Science and the Baltic’s Future Collide"
article redirect,https://oldseadogs.com/boat-reviews/carinthia-vii-the-superyacht-that-defines-quiet-power/,/boat-reviews/carinthia-vii-the-superyacht-that-defines-quiet-power/,https://www.oldseadogs.com/stories/boat-reviews-carinthia-vii-the-superyacht-that-defines-quiet-power,/stories/boat-reviews-carinthia-vii-the-superyacht-that-defines-quiet-power,301,Boat Reviews: Carinthia VII: The Superyacht that defines quiet power
article redirect,https://oldseadogs.com/news/collision-drama-rocks-the-ocean-race-europe-start/,/news/collision-drama-rocks-the-ocean-race-europe-start/,https://www.oldseadogs.com/stories/news-collision-drama-rocks-the-ocean-race-europe-start,/stories/news-collision-drama-rocks-the-ocean-race-europe-start,301,News: Collision drama rocks The Ocean Race Europe start
article redirect,https://oldseadogs.com/news/fine-reduction-offers-opportunity-to-own-mcy-96-motor-yacht/,/news/fine-reduction-offers-opportunity-to-own-mcy-96-motor-yacht/,https://www.oldseadogs.com/stories/news-fine-reduction-offers-opportunity-to-own-mcy-96-motor-yacht,/stories/news-fine-reduction-offers-opportunity-to-own-mcy-96-motor-yacht,301,"News: Price Slashed on 29m MCY 96 Motor Yacht Papi 3, Now Listed for Under €6m"
article redirect,https://oldseadogs.com/news/innovative-fuel-cell-powered-superyacht-cosmos-launched-by-l%C3%BCrssen/,/news/innovative-fuel-cell-powered-superyacht-cosmos-launched-by-l%C3%BCrssen/,https://www.oldseadogs.com/stories/news-innovative-fuel-cell-powered-superyacht-cosmos-launched-by-lurssen,/stories/news-innovative-fuel-cell-powered-superyacht-cosmos-launched-by-lurssen,301,"News: German Shipyard Lürssen Unveils the Groundbreaking Superyacht Cosmos, Revolutionizing the Yachting World with Novel Fuel-Cell Technology"
article redirect,https://oldseadogs.com/news/sanlorenzos-26m-sl86-motor-yacht-sasa-on-sale/,/news/sanlorenzos-26m-sl86-motor-yacht-sasa-on-sale/,https://www.oldseadogs.com/stories/news-sanlorenzos-26m-sl86-motor-yacht-sasa-on-sale,/stories/news-sanlorenzos-26m-sl86-motor-yacht-sasa-on-sale,301,News: Newest Model on the Market: Sanlorenzo's Exquisite 26m SL86 Motor Yacht Sasa Up for Grabs
article redirect,https://oldseadogs.com/racing/celestial-sailing-at-salcombe-yacht-club-regatta-2025/,/racing/celestial-sailing-at-salcombe-yacht-club-regatta-2025/,https://www.oldseadogs.com/stories/racing-celestial-sailing-at-salcombe-yacht-club-regatta-2025,/stories/racing-celestial-sailing-at-salcombe-yacht-club-regatta-2025,301,Racing: Spectacular Showcase of Sailing Prowess at Salcombe Yacht Club Regatta 2025
article redirect,https://oldseadogs.com/news/silvertip-the-high-performance-sloop-yacht-makes-waves-in-the-market/,/news/silvertip-the-high-performance-sloop-yacht-makes-waves-in-the-market/,https://www.oldseadogs.com/stories/news-silvertip-the-high-performance-sloop-yacht-makes-waves-in-the-market,/stories/news-silvertip-the-high-performance-sloop-yacht-makes-waves-in-the-market,301,News: 33.8m Dubois High-Performance Sloop Silvertip Sells for Major Waves in Yachting Community
article redirect,https://oldseadogs.com/news/the-crucial-importance-of-regulatory-compliance-in-the-boating-industry/,/news/the-crucial-importance-of-regulatory-compliance-in-the-boating-industry/,https://www.oldseadogs.com/stories/news-the-crucial-importance-of-regulatory-compliance-in-the-boating-industry,/stories/news-the-crucial-importance-of-regulatory-compliance-in-the-boating-industry,301,News: A Deep Dive into the Maritime Industry: How Proactive Adherence to Regulations Enhances Safety and Boosts Standards
article redirect,https://oldseadogs.com/news/the-ocean-race-europe/,/news/the-ocean-race-europe/,https://www.oldseadogs.com/stories/news-the-ocean-race-europe,/stories/news-the-ocean-race-europe,301,"News: From Baltic grey to Adriatic blue, seven IMOCAs chase glory"
article redirect,https://oldseadogs.com/boat-shows/two-exciting-boat-shows-by-ancasta-in-southampton-opportunities-galore-this-september/,/boat-shows/two-exciting-boat-shows-by-ancasta-in-southampton-opportunities-galore-this-september/,https://www.oldseadogs.com/stories/boat-shows-two-exciting-boat-shows-by-ancasta-in-southampton-opportunities-galore-this-september,/stories/boat-shows-two-exciting-boat-shows-by-ancasta-in-southampton-opportunities-galore-this-september,301,Shows: Embark on a Voyage of Discovery with Ancasta's Dual Boat Shows in Southampton: Your Dream Yacht Awaits You
article redirect,https://oldseadogs.com/boat-shows/cannes-yachting-festival-2025-an-extravaganza-of-marine-innovation/,/boat-shows/cannes-yachting-festival-2025-an-extravaganza-of-marine-innovation/,https://www.oldseadogs.com/stories/boat-shows-cannes-yachting-festival-2025-an-extravaganza-of-marine-innovation,/stories/boat-shows-cannes-yachting-festival-2025-an-extravaganza-of-marine-innovation,301,Shows: Experience Luxury and Innovation at the Grand Cannes Yachting Festival 2025
article redirect,https://oldseadogs.com/news/cowes-week-2025-ended-in-style-with-trophies-awarded/,/news/cowes-week-2025-ended-in-style-with-trophies-awarded/,https://www.oldseadogs.com/stories/news-cowes-week-2025-ended-in-style-with-trophies-awarded,/stories/news-cowes-week-2025-ended-in-style-with-trophies-awarded,301,"News: Spray, Glory and Silverware"
article redirect,https://oldseadogs.com/news/dramatic-collision-at-the-ocean-race-europe-kicks-off-competition/,/news/dramatic-collision-at-the-ocean-race-europe-kicks-off-competition/,https://www.oldseadogs.com/stories/news-dramatic-collision-at-the-ocean-race-europe-kicks-off-competition,/stories/news-dramatic-collision-at-the-ocean-race-europe-kicks-off-competition,301,News: Unanticipated Collision at The Ocean Race Europe in Kiel Sparks Thrilling Start!
article redirect,https://oldseadogs.com/racing/grand-collision-at-the-ocean-race-europes-opening-leg/,/racing/grand-collision-at-the-ocean-race-europes-opening-leg/,https://www.oldseadogs.com/stories/racing-grand-collision-at-the-ocean-race-europes-opening-leg,/stories/racing-grand-collision-at-the-ocean-race-europes-opening-leg,301,Racing: Excitement and Drama at The Ocean Race Europe as Collision Occurs in the First Leg
article redirect,https://oldseadogs.com/news/royal-hakvoort-motor-yacht-perle-bleue-further-price-drop-of-1.2m/,/news/royal-hakvoort-motor-yacht-perle-bleue-further-price-drop-of-1.2m/,https://www.oldseadogs.com/stories/news-royal-hakvoort-motor-yacht-perle-bleue-further-price-drop-of-1-2m,/stories/news-royal-hakvoort-motor-yacht-perle-bleue-further-price-drop-of-1-2m,301,News: Stunning 38m Royal Hakvoort Motor Yacht Perle Bleue Undergoes a Further Price Drop
article redirect,https://oldseadogs.com/news/cowes-week-update-2025/,/news/cowes-week-update-2025/,https://www.oldseadogs.com/stories/news-cowes-week-update-2025,/stories/news-cowes-week-update-2025,301,News: Gladiator Joins the Fray as Flying Jenny Steals the Show
article redirect,https://oldseadogs.com/racing/european-windsurfer-class-championships-2025-an-event-to-remember/,/racing/european-windsurfer-class-championships-2025-an-event-to-remember/,https://www.oldseadogs.com/stories/racing-european-windsurfer-class-championships-2025-an-event-to-remember,/stories/racing-european-windsurfer-class-championships-2025-an-event-to-remember,301,Racing: Centro Velico Punta Ala to Light Up with European Windsurfer Class Championships 2025
article redirect,https://oldseadogs.com/news/gyg-ceo-remy-millott-appointed-to-mb92-groups-board/,/news/gyg-ceo-remy-millott-appointed-to-mb92-groups-board/,https://www.oldseadogs.com/stories/news-gyg-ceo-remy-millott-appointed-to-mb92-groups-board,/stories/news-gyg-ceo-remy-millott-appointed-to-mb92-groups-board,301,News: Superyacht and Refit Giant MB92 Group Welcomes Remy Millott as Non-executive Board Member
article redirect,https://oldseadogs.com/racing/tom-dolan-clinches-second-place-in-figarmor-race-ahead-of-solitaire-du-figaro/,/racing/tom-dolan-clinches-second-place-in-figarmor-race-ahead-of-solitaire-du-figaro/,https://www.oldseadogs.com/stories/racing-tom-dolan-clinches-second-place-in-figarmor-race-ahead-of-solitaire-du-figaro,/stories/racing-tom-dolan-clinches-second-place-in-figarmor-race-ahead-of-solitaire-du-figaro,301,Racing: Sharp Form on Display as Dolan Prepares for Defending His Historic Title in the 2025 Solitaire du Figaro
article redirect,https://oldseadogs.com/news/engines-over-canvas-the-lymington-challenge-powers-in/,/news/engines-over-canvas-the-lymington-challenge-powers-in/,https://www.oldseadogs.com/stories/news-engines-over-canvas-the-lymington-challenge-powers-in,/stories/news-engines-over-canvas-the-lymington-challenge-powers-in,301,News: Engines Over Canvas – The Lymington Challenge Powers In
article redirect,https://oldseadogs.com/racing/honouring-feminine-sailing-excellence-on-the-global-stage/,/racing/honouring-feminine-sailing-excellence-on-the-global-stage/,https://www.oldseadogs.com/stories/racing-honouring-feminine-sailing-excellence-on-the-global-stage,/stories/racing-honouring-feminine-sailing-excellence-on-the-global-stage,301,Racing: Tracing the Course of Women in Competitive Sailing: International Championships and Qualifying Races
article redirect,https://oldseadogs.com/news/newcastle-cruising-yacht-club-and-australias-superyacht-revolution/,/news/newcastle-cruising-yacht-club-and-australias-superyacht-revolution/,https://www.oldseadogs.com/stories/news-newcastle-cruising-yacht-club-and-australias-superyacht-revolution,/stories/news-newcastle-cruising-yacht-club-and-australias-superyacht-revolution,301,News: Newcastle to Dominate Australian Maritime Scene with First Superyacht Marina
article redirect,https://oldseadogs.com/racing/the-clash-for-the-crown-in-wingfoil-freestyle-suard%C3%ADaz-vs.-de-arce/,/racing/the-clash-for-the-crown-in-wingfoil-freestyle-suard%C3%ADaz-vs.-de-arce/,https://www.oldseadogs.com/stories/racing-the-clash-for-the-crown-in-wingfoil-freestyle-suardiaz-vs-de-arce,/stories/racing-the-clash-for-the-crown-in-wingfoil-freestyle-suardiaz-vs-de-arce,301,Racing: Nía Suardíaz Fights to Defend Her Reign Against Mar de Arce in the Gran Canaria Wingfoil World Cup Showdown
article redirect,https://oldseadogs.com/racing/the-bacardi-cup/,/racing/the-bacardi-cup/,https://www.oldseadogs.com/stories/racing-the-bacardi-cup,/stories/racing-the-bacardi-cup,301,"Racing: Rum, Race, and Glory: Ninety-Nine Years of the Bacardi Cup"
article redirect,https://oldseadogs.com/racing/action-packed-2025-gp14-national-championship-at-tenby-sailing-club/,/racing/action-packed-2025-gp14-national-championship-at-tenby-sailing-club/,https://www.oldseadogs.com/stories/racing-action-packed-2025-gp14-national-championship-at-tenby-sailing-club,/stories/racing-action-packed-2025-gp14-national-championship-at-tenby-sailing-club,301,Racing: Tenby Sailing Club Rings with Excitement as Sailors Battle it out in the 2025 GP14 National Championship
article redirect,https://oldseadogs.com/boat-reviews/isa-yachts-viper-130-model-preps-for-fit-out-process/,/boat-reviews/isa-yachts-viper-130-model-preps-for-fit-out-process/,https://www.oldseadogs.com/stories/boat-reviews-isa-yachts-viper-130-model-preps-for-fit-out-process,/stories/boat-reviews-isa-yachts-viper-130-model-preps-for-fit-out-process,301,Boat Reviews: Unveiling the First Viper 130: ISA Yachts Begins Outfitting of Innovative Superyacht
article redirect,https://oldseadogs.com/boat-shows/numarine-unveils-its-second-30xp-yacht-model-tuccini/,/boat-shows/numarine-unveils-its-second-30xp-yacht-model-tuccini/,https://www.oldseadogs.com/stories/boat-shows-numarine-unveils-its-second-30xp-yacht-model-tuccini,/stories/boat-shows-numarine-unveils-its-second-30xp-yacht-model-tuccini,301,Shows: Numarine’s Second Hybrid 30XP Yacht Model ‘Tuccini’ takes the Centre Stage: A Look at the Craft’s Unsurpassed Flexibility and Class
article redirect,https://oldseadogs.com/news/price-reduced-luxurious-43.3-metre-trinity-motor-yacht-aquasition/,/news/price-reduced-luxurious-43.3-metre-trinity-motor-yacht-aquasition/,https://www.oldseadogs.com/stories/news-price-reduced-luxurious-43-3-metre-trinity-motor-yacht-aquasition,/stories/news-price-reduced-luxurious-43-3-metre-trinity-motor-yacht-aquasition,301,"News: Trinity Motor Yacht Aquasition Undergoes $1 Million Price Cut, Reimagined Luxury Awaits at Sea"
article redirect,https://oldseadogs.com/boat-shows/steeler-yachts-unveils-flagship-steeler-bronson-65-at-cannes/,/boat-shows/steeler-yachts-unveils-flagship-steeler-bronson-65-at-cannes/,https://www.oldseadogs.com/stories/boat-shows-steeler-yachts-unveils-flagship-steeler-bronson-65-at-cannes,/stories/boat-shows-steeler-yachts-unveils-flagship-steeler-bronson-65-at-cannes,301,Shows: Turn Heads with the new Aluminium Beauty: The Steeler Bronson 65
article redirect,https://oldseadogs.com/news/tech-billionaire-gabe-newell-acquires-renowned-shipyard-oceanco/,/news/tech-billionaire-gabe-newell-acquires-renowned-shipyard-oceanco/,https://www.oldseadogs.com/stories/news-tech-billionaire-gabe-newell-acquires-renowned-shipyard-oceanco,/stories/news-tech-billionaire-gabe-newell-acquires-renowned-shipyard-oceanco,301,News: From the World of Gaming to Luxury Yachting: Tech Mogul Gabe Newell Buys Iconic Oceanco
article redirect,https://oldseadogs.com/boat-reviews/turkish-shipyard-numarine-delivers-flagship-explorer-yacht-miouch/,/boat-reviews/turkish-shipyard-numarine-delivers-flagship-explorer-yacht-miouch/,https://www.oldseadogs.com/stories/boat-reviews-turkish-shipyard-numarine-delivers-flagship-explorer-yacht-miouch,/stories/boat-reviews-turkish-shipyard-numarine-delivers-flagship-explorer-yacht-miouch,301,"Boat Reviews: Numarine Delivers Maiden 40MXP Model, A Redefinition Of Luxury With High-Volume And Low-Maintenance Features"
article redirect,https://oldseadogs.com/news/unfurling-the-misconceptions-surrounding-yachting-trade-unions/,/news/unfurling-the-misconceptions-surrounding-yachting-trade-unions/,https://www.oldseadogs.com/stories/news-unfurling-the-misconceptions-surrounding-yachting-trade-unions,/stories/news-unfurling-the-misconceptions-surrounding-yachting-trade-unions,301,News: Shattering the Illusions Around Yachting Trade Unions: In Defence of the Seafarers' Right
article redirect,https://oldseadogs.com/news/cowes-week-opens/,/news/cowes-week-opens/,https://www.oldseadogs.com/stories/news-cowes-week-opens,/stories/news-cowes-week-opens,301,News: Cowes Week began under a light north‑westerly breeze
article redirect,https://oldseadogs.com/news/mystery-enshrouds-disappearance-of-navigating-yakut-of-mazu-yachts/,/news/mystery-enshrouds-disappearance-of-navigating-yakut-of-mazu-yachts/,https://www.oldseadogs.com/stories/news-mystery-enshrouds-disappearance-of-navigating-yakut-of-mazu-yachts,/stories/news-mystery-enshrouds-disappearance-of-navigating-yakut-of-mazu-yachts,301,"News: Prominent Yachtsman and Mazu Yachts Owner, Halit Yukay, Disappears at Sea, Debris of his Yacht Found"
article redirect,https://oldseadogs.com/news/the-future-of-yachting-a-shift-from-teak-to-more-sustainable-materials/,/news/the-future-of-yachting-a-shift-from-teak-to-more-sustainable-materials/,https://www.oldseadogs.com/stories/news-the-future-of-yachting-a-shift-from-teak-to-more-sustainable-materials,/stories/news-the-future-of-yachting-a-shift-from-teak-to-more-sustainable-materials,301,News: Changing Tides in the Maritime Industry: Why the Future of Yachting is Moving Away from Teak
article redirect,https://oldseadogs.com/news/yacht-club-de-monaco-triumphed-in-the-2025-admirals-cup/,/news/yacht-club-de-monaco-triumphed-in-the-2025-admirals-cup/,https://www.oldseadogs.com/stories/news-yacht-club-de-monaco-triumphed-in-the-2025-admirals-cup,/stories/news-yacht-club-de-monaco-triumphed-in-the-2025-admirals-cup,301,News: Yacht Club de Monaco triumphed in the 2025 Admiral’s Cup
article redirect,https://oldseadogs.com/news/probe-discloses-likely-cause-of-yacht-lovebugs-sinking/,/news/probe-discloses-likely-cause-of-yacht-lovebugs-sinking/,https://www.oldseadogs.com/stories/news-probe-discloses-likely-cause-of-yacht-lovebugs-sinking,/stories/news-probe-discloses-likely-cause-of-yacht-lovebugs-sinking,301,"News: In a Fascinating Twist, Investigation Reveals the Likely Culprit Behind the Sinking of the Lovebug Yacht"
article redirect,https://oldseadogs.com/news/the-elegant-wally-sloop-sailing-yacht-galma-finds-a-new-owner/,/news/the-elegant-wally-sloop-sailing-yacht-galma-finds-a-new-owner/,https://www.oldseadogs.com/stories/news-the-elegant-wally-sloop-sailing-yacht-galma-finds-a-new-owner,/stories/news-the-elegant-wally-sloop-sailing-yacht-galma-finds-a-new-owner,301,News: Performance Racer and Luxury Cruiser: The Wally Sloop Sailing Yacht Galma Finds a New Home
article redirect,https://oldseadogs.com/racing/the-thrilling-2025-kestrel-nationals-at-stone-week/,/racing/the-thrilling-2025-kestrel-nationals-at-stone-week/,https://www.oldseadogs.com/stories/racing-the-thrilling-2025-kestrel-nationals-at-stone-week,/stories/racing-the-thrilling-2025-kestrel-nationals-at-stone-week,301,Racing: An Intense Clash of Seasides: The 2025 Kestrel Nationals at Stone Week Garner High Anticipation
article redirect,https://oldseadogs.com/news/youth-grit-and-a-taste-for-the-deep/,/news/youth-grit-and-a-taste-for-the-deep/,https://www.oldseadogs.com/stories/news-youth-grit-and-a-taste-for-the-deep,/stories/news-youth-grit-and-a-taste-for-the-deep,301,News: Will Farnell Named ORCV Youth Sailor of the Year
article redirect,https://oldseadogs.com/news/bolney-wine-estate-joins-cowes-week-2025/,/news/bolney-wine-estate-joins-cowes-week-2025/,https://www.oldseadogs.com/stories/news-bolney-wine-estate-joins-cowes-week-2025,/stories/news-bolney-wine-estate-joins-cowes-week-2025,301,News: Bolney Wine Estate Joins Cowes Week 2025
article redirect,https://oldseadogs.com/news/delta-marine-co-founder-ivor-jones-his-legacy-sets-sail/,/news/delta-marine-co-founder-ivor-jones-his-legacy-sets-sail/,https://www.oldseadogs.com/stories/news-delta-marine-co-founder-ivor-jones-his-legacy-sets-sail,/stories/news-delta-marine-co-founder-ivor-jones-his-legacy-sets-sail,301,"News: Celebrating Ivor Jones: The Legendary Co-founder of American Yacht Builder, Delta Marine"
article redirect,https://oldseadogs.com/news/scorpion-nationals-at-penzance-gears-up/,/news/scorpion-nationals-at-penzance-gears-up/,https://www.oldseadogs.com/stories/news-scorpion-nationals-at-penzance-gears-up,/stories/news-scorpion-nationals-at-penzance-gears-up,301,News: Witness Penzance's Scorpion Nationals: The 80s themed sailing competition Blending Fierce Rivalries with Festive Cheer
article redirect,https://oldseadogs.com/news/shift-in-calendar-for-2026-edgartown-race-weekend/,/news/shift-in-calendar-for-2026-edgartown-race-weekend/,https://www.oldseadogs.com/stories/news-shift-in-calendar-for-2026-edgartown-race-weekend,/stories/news-shift-in-calendar-for-2026-edgartown-race-weekend,301,News: Edgartown Race Weekend Transitions Back to July for its 89th Edition
article redirect,https://oldseadogs.com/news/35th-juana-good-time-regatta-a-weekend-of-excitement-and-adventure/,/news/35th-juana-good-time-regatta-a-weekend-of-excitement-and-adventure/,https://www.oldseadogs.com/stories/news-35th-juana-good-time-regatta-a-weekend-of-excitement-and-adventure,/stories/news-35th-juana-good-time-regatta-a-weekend-of-excitement-and-adventure,301,News: Get Ready for the 35th Juana Good Time Regatta: A Weekend Brimming with Thrills and Revelries.
article redirect,https://oldseadogs.com/racing/admirals-cup-and-fastnet-finish-line/,/racing/admirals-cup-and-fastnet-finish-line/,https://www.oldseadogs.com/stories/racing-admirals-cup-and-fastnet-finish-line,/stories/racing-admirals-cup-and-fastnet-finish-line,301,"Racing: Jolt, Van Uden, and the Youthful Dutch Storm the Admiral’s Cup and Fastnet Finish Line"
article redirect,https://oldseadogs.com/racing/black-pearl-first-to-the-rock-as-the-rolex-admirals-cup-teams-power-into-the-celtic-sea/,/racing/black-pearl-first-to-the-rock-as-the-rolex-admirals-cup-teams-power-into-the-celtic-sea/,https://www.oldseadogs.com/stories/racing-black-pearl-first-to-the-rock-as-the-rolex-admirals-cup-teams-power-into-the-celtic-sea,/stories/racing-black-pearl-first-to-the-rock-as-the-rolex-admirals-cup-teams-power-into-the-celtic-sea,301,Racing: Black Pearl First to the Rock as the Rolex Admiral’s Cup Teams Power into the Celtic Sea
article redirect,https://oldseadogs.com/racing/dutch-grit-and-gybes-rost-van-uden-take-command-in-ac1/,/racing/dutch-grit-and-gybes-rost-van-uden-take-command-in-ac1/,https://www.oldseadogs.com/stories/racing-dutch-grit-and-gybes-rost-van-uden-take-command-in-ac1,/stories/racing-dutch-grit-and-gybes-rost-van-uden-take-command-in-ac1,301,Racing: Dutch Grit and Gybes: ROST Van Uden Take Command in AC1
article redirect,https://oldseadogs.com/racing/enthralling-battles-looming-at-mercedes-benz-rs400-eurocup-and-uk-irish-national-championship-2025/,/racing/enthralling-battles-looming-at-mercedes-benz-rs400-eurocup-and-uk-irish-national-championship-2025/,https://www.oldseadogs.com/stories/racing-enthralling-battles-looming-at-mercedes-benz-rs400-eurocup-and-uk-irish-national-champion,/stories/racing-enthralling-battles-looming-at-mercedes-benz-rs400-eurocup-and-uk-irish-national-champion,301,Racing: Maritime Champions Gather for Unforgettable Showdowns at RS400 Eurocup and UK-Irish National Championship 2025
article redirect,https://oldseadogs.com/lifestyle/taking-your-furry-friend-along-for-a-european-boating-adventure/,/lifestyle/taking-your-furry-friend-along-for-a-european-boating-adventure/,https://www.oldseadogs.com/stories/lifestyle-taking-your-furry-friend-along-for-a-european-boating-adventure,/stories/lifestyle-taking-your-furry-friend-along-for-a-european-boating-adventure,301,Lifestyle: Your Dream Journey with Pets: The Ultimate Guide to Sailing with Pets in Europe
article redirect,https://oldseadogs.com/racing/thrilling-action-in-the-58th-governors-cup-international-youth-match-racing-championship/,/racing/thrilling-action-in-the-58th-governors-cup-international-youth-match-racing-championship/,https://www.oldseadogs.com/stories/racing-thrilling-action-in-the-58th-governors-cup-international-youth-match-racing-championship,/stories/racing-thrilling-action-in-the-58th-governors-cup-international-youth-match-racing-championship,301,Racing: Youthful Triumphs and Disappointments Mark the Governor's Cup International Match Racing Championship's Second and Third Days
article redirect,https://oldseadogs.com/news/element-6-evolution-and-australian-sailing-partnership-for-la-2028/,/news/element-6-evolution-and-australian-sailing-partnership-for-la-2028/,https://www.oldseadogs.com/stories/news-element-6-evolution-and-australian-sailing-partnership-for-la-2028,/stories/news-element-6-evolution-and-australian-sailing-partnership-for-la-2028,301,News: Australian Sailing Team and Element 6 Evolution Carry Forward Elite Partnership on Road to LA 2028
article redirect,https://oldseadogs.com/boat-reviews/exploring-serenity-yachts-pioneers-of-eco-friendly-powercat-brands/,/boat-reviews/exploring-serenity-yachts-pioneers-of-eco-friendly-powercat-brands/,https://www.oldseadogs.com/stories/boat-reviews-exploring-serenity-yachts-pioneers-of-eco-friendly-powercat-brands,/stories/boat-reviews-exploring-serenity-yachts-pioneers-of-eco-friendly-powercat-brands,301,Boat Reviews: Delve into the Journey of Serenity Yachts: A Beacon of Innovation in Eco-conscious Luxury Yachting
article redirect,https://oldseadogs.com/news/rs-games-2026-globetrotting-to-germanys-coastline/,/news/rs-games-2026-globetrotting-to-germanys-coastline/,https://www.oldseadogs.com/stories/news-rs-games-2026-globetrotting-to-germanys-coastline,/stories/news-rs-games-2026-globetrotting-to-germanys-coastline,301,News: RS Games Sails International: First Journey to Germany in 2026
article redirect,https://oldseadogs.com/racing/veterans-of-the-last-two-rolex-fastnet-races/,/racing/veterans-of-the-last-two-rolex-fastnet-races/,https://www.oldseadogs.com/stories/racing-veterans-of-the-last-two-rolex-fastnet-races,/stories/racing-veterans-of-the-last-two-rolex-fastnet-races,301,"Racing: Northwesterly to the Rock — but no headbanger, finally"
article redirect,https://oldseadogs.com/news/dutch-superyacht-powerhouses-inside-stories-revealed/,/news/dutch-superyacht-powerhouses-inside-stories-revealed/,https://www.oldseadogs.com/stories/news-dutch-superyacht-powerhouses-inside-stories-revealed,/stories/news-dutch-superyacht-powerhouses-inside-stories-revealed,301,News: Behind the scenes with five leading Dutch Superyacht manufacturers: Exclusive Insights and Future Trends
article redirect,https://oldseadogs.com/boat-reviews/exploring-the-prestige-powercat-range-efficiency-and-sophistication/,/boat-reviews/exploring-the-prestige-powercat-range-efficiency-and-sophistication/,https://www.oldseadogs.com/stories/boat-reviews-exploring-the-prestige-powercat-range-efficiency-and-sophistication,/stories/boat-reviews-exploring-the-prestige-powercat-range-efficiency-and-sophistication,301,Boat Reviews: Dive into Prestige Yachts' Innovative Powercat Fleet: A Revolution in Multihull Motor Boats
article redirect,https://oldseadogs.com/racing/explosive-start-to-the-rolex-fastnet-race-for-admirals-cup-fleet/,/racing/explosive-start-to-the-rolex-fastnet-race-for-admirals-cup-fleet/,https://www.oldseadogs.com/stories/racing-explosive-start-to-the-rolex-fastnet-race-for-admirals-cup-fleet,/stories/racing-explosive-start-to-the-rolex-fastnet-race-for-admirals-cup-fleet,301,Racing: Explosive Start to the Rolex Fastnet Race for Admiral’s Cup Fleet
article redirect,https://oldseadogs.com/boat-reviews/extra-yachts-unveils-flagship-x110-fast-a-peek-into-the-futuristic-yacht-interior/,/boat-reviews/extra-yachts-unveils-flagship-x110-fast-a-peek-into-the-futuristic-yacht-interior/,https://www.oldseadogs.com/stories/boat-reviews-extra-yachts-unveils-flagship-x110-fast-a-peek-into-the-futuristic-yacht-interior,/stories/boat-reviews-extra-yachts-unveils-flagship-x110-fast-a-peek-into-the-futuristic-yacht-interior,301,"Boat Reviews: Sail into Luxury: Extra Yachts Reveals the Interior Design of its Flagship X110 Fast, Redefining Class and Comfort at Sea"
article redirect,https://oldseadogs.com/news/refurbished-40m-mangusta-yacht-returns-to-brokerage-market/,/news/refurbished-40m-mangusta-yacht-returns-to-brokerage-market/,https://www.oldseadogs.com/stories/news-refurbished-40m-mangusta-yacht-returns-to-brokerage-market,/stories/news-refurbished-40m-mangusta-yacht-returns-to-brokerage-market,301,News: The Remarkable Rebirth of Mangusta Yacht Jomar: A Return to the Market After Extensive Renovation
article redirect,https://oldseadogs.com/news/st.-thomas-sailing-center-champions-youth-sailing-with-notable-program-graduation/,/news/st.-thomas-sailing-center-champions-youth-sailing-with-notable-program-graduation/,https://www.oldseadogs.com/stories/news-st-thomas-sailing-center-champions-youth-sailing-with-notable-program-graduation,/stories/news-st-thomas-sailing-center-champions-youth-sailing-with-notable-program-graduation,301,News: Rising Sailing Stars Emerge as 22 Teenagers Graduate from the Acclaimed Junior Sailing Summer Program by St. Thomas Sailing Center.
article redirect,https://oldseadogs.com/boat-reviews/standout-soft-top-motorboats-defying-the-hardtop-trend/,/boat-reviews/standout-soft-top-motorboats-defying-the-hardtop-trend/,https://www.oldseadogs.com/stories/boat-reviews-standout-soft-top-motorboats-defying-the-hardtop-trend,/stories/boat-reviews-standout-soft-top-motorboats-defying-the-hardtop-trend,301,Boat Reviews: Dive into the World of Open-Top Motorboats: Discover the Best Models with a Soft Top You Can Purchase Now
article redirect,https://oldseadogs.com/news/stunning-sunseeker-motor-yacht-anya-up-for-sale/,/news/stunning-sunseeker-motor-yacht-anya-up-for-sale/,https://www.oldseadogs.com/stories/news-stunning-sunseeker-motor-yacht-anya-up-for-sale,/stories/news-stunning-sunseeker-motor-yacht-anya-up-for-sale,301,News: Dive into the Grandeur of the 40m Sunseeker Motor Yacht Anya – Now Under New Central Agency
article redirect,https://oldseadogs.com/racing/yacht-club-de-monaco-captures-the-admirals-cup-2025-crown/,/racing/yacht-club-de-monaco-captures-the-admirals-cup-2025-crown/,https://www.oldseadogs.com/stories/racing-yacht-club-de-monaco-captures-the-admirals-cup-2025-crown,/stories/racing-yacht-club-de-monaco-captures-the-admirals-cup-2025-crown,301,Racing: Yacht Club de Monaco Clinches Historic Victory in 2025 Admiral’s Cup Return
article redirect,https://oldseadogs.com/boat-reviews/arcadias-a80new-unveiling-the-first-raised-pilothouse-model/,/boat-reviews/arcadias-a80new-unveiling-the-first-raised-pilothouse-model/,https://www.oldseadogs.com/stories/boat-reviews-arcadias-a80new-unveiling-the-first-raised-pilothouse-model,/stories/boat-reviews-arcadias-a80new-unveiling-the-first-raised-pilothouse-model,301,Boat Reviews: Arcadia Soars to New Heights with the A80new: First-ever Raised-pilothouse Model in the Beacon of Innovation
article redirect,https://oldseadogs.com/gear/embracing-5g-in-maritime-enhancing-superyacht-connectivity/,/gear/embracing-5g-in-maritime-enhancing-superyacht-connectivity/,https://www.oldseadogs.com/stories/gear-embracing-5g-in-maritime-enhancing-superyacht-connectivity,/stories/gear-embracing-5g-in-maritime-enhancing-superyacht-connectivity,301,Gear: Transform Your Superyacht Experience: Unlocking the Full Potential of Maritime 5G Connectivity
article redirect,https://oldseadogs.com/news/first-blind-sailor-to-solo-round-the-isle-of-wight/,/news/first-blind-sailor-to-solo-round-the-isle-of-wight/,https://www.oldseadogs.com/stories/news-first-blind-sailor-to-solo-round-the-isle-of-wight,/stories/news-first-blind-sailor-to-solo-round-the-isle-of-wight,301,News: First Blind Sailor to Solo Round the Isle of Wight
article redirect,https://oldseadogs.com/racing/hard-gains-and-narrow-escapes-admirals-cup-fleet-charges-west/,/racing/hard-gains-and-narrow-escapes-admirals-cup-fleet-charges-west/,https://www.oldseadogs.com/stories/racing-hard-gains-and-narrow-escapes-admirals-cup-fleet-charges-west,/stories/racing-hard-gains-and-narrow-escapes-admirals-cup-fleet-charges-west,301,Racing: Hard Gains and Narrow Escapes – Admiral’s Cup Fleet Charges West
article redirect,https://oldseadogs.com/news/jfa-yachts-marches-forward-with-pioneering-51m-explorer-yacht/,/news/jfa-yachts-marches-forward-with-pioneering-51m-explorer-yacht/,https://www.oldseadogs.com/stories/news-jfa-yachts-marches-forward-with-pioneering-51m-explorer-yacht,/stories/news-jfa-yachts-marches-forward-with-pioneering-51m-explorer-yacht,301,News: JFA Yachts Marks Important Progress on Groundbreaking 51m Hybrid Aluminium Explorer Yacht
article redirect,https://oldseadogs.com/news/reshaping-the-superyacht-industry-a-veterans-perspective/,/news/reshaping-the-superyacht-industry-a-veterans-perspective/,https://www.oldseadogs.com/stories/news-reshaping-the-superyacht-industry-a-veterans-perspective,/stories/news-reshaping-the-superyacht-industry-a-veterans-perspective,301,News: Veteran Captain Brendan O'Shannassy Champions Sustainable Change in the Superyacht Industry
article redirect,https://oldseadogs.com/boat-reviews/150-years-of-lu%CC%88rssen-a-voyage-from-row-boats-to-superyachts/,/boat-reviews/150-years-of-lu%CC%88rssen-a-voyage-from-row-boats-to-superyachts/,https://www.oldseadogs.com/stories/boat-reviews-150-years-of-lurssen-a-voyage-from-row-boats-to-superyachts,/stories/boat-reviews-150-years-of-lurssen-a-voyage-from-row-boats-to-superyachts,301,Boat Reviews: Unfathoming 150 Years of Lürssen Yachts: From Modest Beginnings to Building the World's Most Impressive Superyachts
article redirect,https://oldseadogs.com/boat-reviews/embark-on-a-luxurious-journey-aboard-princess-yacht-m/y-larimar-ii/,/boat-reviews/embark-on-a-luxurious-journey-aboard-princess-yacht-m/y-larimar-ii/,https://www.oldseadogs.com/stories/boat-reviews-y-larimar-ii,/stories/boat-reviews-y-larimar-ii,301,Boat Reviews: Experience Glamour Meet Adventure in the Mediterranean Aboard the Magnificent M/Y Larimar II
article redirect,https://oldseadogs.com/racing/european-triumph-at-ilca-4-youth-world-championships-2025/,/racing/european-triumph-at-ilca-4-youth-world-championships-2025/,https://www.oldseadogs.com/stories/racing-european-triumph-at-ilca-4-youth-world-championships-2025,/stories/racing-european-triumph-at-ilca-4-youth-world-championships-2025,301,"Racing: European Sailors Outclass International Competition, Dominating the ILCA 4 Youth World Championships 2025"
article redirect,https://oldseadogs.com/racing/exciting-outcomes-at-2025-musto-lark-national-championship-day-2/,/racing/exciting-outcomes-at-2025-musto-lark-national-championship-day-2/,https://www.oldseadogs.com/stories/racing-exciting-outcomes-at-2025-musto-lark-national-championship-day-2,/stories/racing-exciting-outcomes-at-2025-musto-lark-national-championship-day-2,301,Racing: Thrilling Maneuvers and Tactical Decisions Shape the Second Day of Musto Lark National Championship 2025
article redirect,https://oldseadogs.com/boat-reviews/west-nautical-fleet-welcomes-impressive-m/y-milena/,/boat-reviews/west-nautical-fleet-welcomes-impressive-m/y-milena/,https://www.oldseadogs.com/stories/boat-reviews-y-milena,/stories/boat-reviews-y-milena,301,"Boat Reviews: Luxurious M/Y Milena Joins West Nautical's Fleet, Offering Exceptional Charter Ventures Across the Adriatic"
article redirect,https://oldseadogs.com/news/36.9m-explorer-yacht-seven-seas-receives-price-reduction-ahead-of-sale/,/news/36.9m-explorer-yacht-seven-seas-receives-price-reduction-ahead-of-sale/,https://www.oldseadogs.com/stories/news-36-9m-explorer-yacht-seven-seas-receives-price-reduction-ahead-of-sale,/stories/news-36-9m-explorer-yacht-seven-seas-receives-price-reduction-ahead-of-sale,301,News: RMK Marine's Seven Seas Superyacht Gets a €2M Trim on Its Price Tag
article redirect,https://oldseadogs.com/news/memorable-moments-at-lowestoft-sea-week-2025/,/news/memorable-moments-at-lowestoft-sea-week-2025/,https://www.oldseadogs.com/stories/news-memorable-moments-at-lowestoft-sea-week-2025,/stories/news-memorable-moments-at-lowestoft-sea-week-2025,301,News: Thrills and Antics at the Inspiring Lowestoft Sea Week 2025 in the Royal Norfolk & Suffolk Yacht Club
article redirect,https://oldseadogs.com/boat-reviews/regal-2665-commodore/,/boat-reviews/regal-2665-commodore/,https://www.oldseadogs.com/stories/boat-reviews-regal-2665-commodore,/stories/boat-reviews-regal-2665-commodore,301,Boat Reviews: Regal 2665 Commodore
article redirect,https://oldseadogs.com/racing/rolex-fastnet-race-day-2-thrilling-encounter-between-ultims-and-supermaxis/,/racing/rolex-fastnet-race-day-2-thrilling-encounter-between-ultims-and-supermaxis/,https://www.oldseadogs.com/stories/racing-rolex-fastnet-race-day-2-thrilling-encounter-between-ultims-and-supermaxis,/stories/racing-rolex-fastnet-race-day-2-thrilling-encounter-between-ultims-and-supermaxis,301,Racing: Ultim SVR Lazartigue Outraces the Opposition at Rolex Fastnet: Supermaxis Primed
article redirect,https://oldseadogs.com/boat-reviews/steal-of-the-seas-luxury-explorer-yacht-receives-a-2m-price-slash/,/boat-reviews/steal-of-the-seas-luxury-explorer-yacht-receives-a-2m-price-slash/,https://www.oldseadogs.com/stories/boat-reviews-steal-of-the-seas-luxury-explorer-yacht-receives-a-2m-price-slash,/stories/boat-reviews-steal-of-the-seas-luxury-explorer-yacht-receives-a-2m-price-slash,301,Boat Reviews: The 36.9-metre Seven Seas Explorer Yacht Drops Price Tag by €2M: An Alluring Deal on the Open Seas Now Within Grasp
article redirect,https://oldseadogs.com/news/stella-m-feadships-latest-superyacht-triumphant-sea-trail/,/news/stella-m-feadships-latest-superyacht-triumphant-sea-trail/,https://www.oldseadogs.com/stories/news-stella-m-feadships-latest-superyacht-triumphant-sea-trail,/stories/news-stella-m-feadships-latest-superyacht-triumphant-sea-trail,301,"News: Stella M, A New Addition to the Feadship Fleet, Triumphantly Sets Sail on Sea Trials"
article redirect,https://oldseadogs.com/boat-shows/latest-amels-60-superyacht-launch-an-epitome-of-luxe-sailing/,/boat-shows/latest-amels-60-superyacht-launch-an-epitome-of-luxe-sailing/,https://www.oldseadogs.com/stories/boat-shows-latest-amels-60-superyacht-launch-an-epitome-of-luxe-sailing,/stories/boat-shows-latest-amels-60-superyacht-launch-an-epitome-of-luxe-sailing,301,"Shows: Experiencing Sea-Splendour: Introducing the Eighth Unit of Amels 60 Superyacht, A Masterwork of Oceanic Opulence"
article redirect,https://oldseadogs.com/news/race-4-of-the-admirals-cup-served-up-a-solent-riddle/,/news/race-4-of-the-admirals-cup-served-up-a-solent-riddle/,https://www.oldseadogs.com/stories/news-race-4-of-the-admirals-cup-served-up-a-solent-riddle,/stories/news-race-4-of-the-admirals-cup-served-up-a-solent-riddle,301,News: Race Four of the Admiral’s Cup served up a proper Solent riddle
article redirect,https://oldseadogs.com/news/tedx-event-showcases-sustainability-in-yachting/,/news/tedx-event-showcases-sustainability-in-yachting/,https://www.oldseadogs.com/stories/news-tedx-event-showcases-sustainability-in-yachting,/stories/news-tedx-event-showcases-sustainability-in-yachting,301,News: TEDx Forte dei Marmi: Shaping the Future of Sustainability in Yachting and Luxury Industries
article redirect,https://oldseadogs.com/news/the-undercover-quest-for-a-successor-to-the-royal-yacht-britannia/,/news/the-undercover-quest-for-a-successor-to-the-royal-yacht-britannia/,https://www.oldseadogs.com/stories/news-the-undercover-quest-for-a-successor-to-the-royal-yacht-britannia,/stories/news-the-undercover-quest-for-a-successor-to-the-royal-yacht-britannia,301,News: Unearthed Documents Reveal Efforts for a New Britannia: A Look into Palace Intrigue and Political Maneuvering
article redirect,https://oldseadogs.com/racing/thrilling-start-to-the-2025-noakes-sydney-gold-coast-yacht-race/,/racing/thrilling-start-to-the-2025-noakes-sydney-gold-coast-yacht-race/,https://www.oldseadogs.com/stories/racing-thrilling-start-to-the-2025-noakes-sydney-gold-coast-yacht-race,/stories/racing-thrilling-start-to-the-2025-noakes-sydney-gold-coast-yacht-race,301,Racing: The 2025 Noakes Sydney Gold Coast Yacht Race Kicks Off Amid Perfect Sailing Conditions
article redirect,https://oldseadogs.com/racing/transpac-2025-the-winners-the-legends-and-the-long-blue-road/,/racing/transpac-2025-the-winners-the-legends-and-the-long-blue-road/,https://www.oldseadogs.com/stories/racing-transpac-2025-the-winners-the-legends-and-the-long-blue-road,/stories/racing-transpac-2025-the-winners-the-legends-and-the-long-blue-road,301,"Racing: TRANSPAC 2025: The Winners, The Legends, and the Long Blue Road"
article redirect,https://oldseadogs.com/destinations/boating-on-the-norfolk-broads/,/destinations/boating-on-the-norfolk-broads/,https://www.oldseadogs.com/stories/destinations-boating-on-the-norfolk-broads,/stories/destinations-boating-on-the-norfolk-broads,301,Destinations: Escape the fast lane & relax on the Norfolk Broads in the UK
article redirect,https://oldseadogs.com/news/exceptional-sailing-yacht-escapade-finds-a-new-owner/,/news/exceptional-sailing-yacht-escapade-finds-a-new-owner/,https://www.oldseadogs.com/stories/news-exceptional-sailing-yacht-escapade-finds-a-new-owner,/stories/news-exceptional-sailing-yacht-escapade-finds-a-new-owner,301,"News: Escapade, the Jewel of Fitzroy Yachts, Changes Hands in an In-House Deal"
article redirect,https://oldseadogs.com/boat-reviews/nautitech-40-open-catamaran/,/boat-reviews/nautitech-40-open-catamaran/,https://www.oldseadogs.com/stories/boat-reviews-nautitech-40-open-catamaran,/stories/boat-reviews-nautitech-40-open-catamaran,301,Boat Reviews: Nautitech 40 Open Catamaran
article redirect,https://oldseadogs.com/racing/record-mocra-turnout-for-the-fastnet-centenary/,/racing/record-mocra-turnout-for-the-fastnet-centenary/,https://www.oldseadogs.com/stories/racing-record-mocra-turnout-for-the-fastnet-centenary,/stories/racing-record-mocra-turnout-for-the-fastnet-centenary,301,Racing: Record MOCRA Turnout for the Fastnet Centenary
article redirect,https://oldseadogs.com/boat-reviews/revealing-the-future-of-superyachts-the-onyx-h2-b0-85/,/boat-reviews/revealing-the-future-of-superyachts-the-onyx-h2-b0-85/,https://www.oldseadogs.com/stories/boat-reviews-revealing-the-future-of-superyachts-the-onyx-h2-b0-85,/stories/boat-reviews-revealing-the-future-of-superyachts-the-onyx-h2-b0-85,301,"Boat Reviews: Discover MASK architects' groundbreaking 85m superyacht concept, powered by eco-friendly 'Hydrogen Propulsion'"
article redirect,https://oldseadogs.com/boat-shows/the-199th-cowes-week-2025/,/boat-shows/the-199th-cowes-week-2025/,https://www.oldseadogs.com/stories/boat-shows-the-199th-cowes-week-2025,/stories/boat-shows-the-199th-cowes-week-2025,301,Shows: 199th Cowes Week
article redirect,https://oldseadogs.com/news/us-launch-of-the-game-changing-switch-one-design-foiling-dinghy/,/news/us-launch-of-the-game-changing-switch-one-design-foiling-dinghy/,https://www.oldseadogs.com/stories/news-us-launch-of-the-game-changing-switch-one-design-foiling-dinghy,/stories/news-us-launch-of-the-game-changing-switch-one-design-foiling-dinghy,301,News: Melges Revolutionizes High-Speed Sailing with the US Debut of the Dynamic Switch One Design Foiling Dinghy
article redirect,https://oldseadogs.com/racing/vibrant-waszp-games-2025-a-day-4-snapshot/,/racing/vibrant-waszp-games-2025-a-day-4-snapshot/,https://www.oldseadogs.com/stories/racing-vibrant-waszp-games-2025-a-day-4-snapshot,/stories/racing-vibrant-waszp-games-2025-a-day-4-snapshot,301,"Racing: Adventurous Day Four at 2025 WASZP Games: Wind, Sunshine, and Racing before Torrential Rain"
article redirect,https://oldseadogs.com/boat-shows/yacht-/-boat-events-and-regattas-diary-2025/,/boat-shows/yacht-/-boat-events-and-regattas-diary-2025/,https://www.oldseadogs.com/stories/boat-shows-boat-events-and-regattas-diary-2025,/stories/boat-shows-boat-events-and-regattas-diary-2025,301,Shows: Yacht / Boat events and Regattas - Diary 2025
article redirect,https://oldseadogs.com/racing/admirals-cup-opens-with-a-brutal-channel-test/,/racing/admirals-cup-opens-with-a-brutal-channel-test/,https://www.oldseadogs.com/stories/racing-admirals-cup-opens-with-a-brutal-channel-test,/stories/racing-admirals-cup-opens-with-a-brutal-channel-test,301,Racing: Baptism by Spray: Admiral’s Cup Opens With a Brutal Channel Test
article redirect,https://oldseadogs.com/racing/fierce-competition-at-the-2025-snipe-womens-world-championship-day-1-3/,/racing/fierce-competition-at-the-2025-snipe-womens-world-championship-day-1-3/,https://www.oldseadogs.com/stories/racing-fierce-competition-at-the-2025-snipe-womens-world-championship-day-1-3,/stories/racing-fierce-competition-at-the-2025-snipe-womens-world-championship-day-1-3,301,"Racing: Wind and Waves Shape the Dramatic Outcomes of the Snipe Women's World Championship Races in Enoshima, Japan."
article redirect,https://oldseadogs.com/boat-reviews/sunseeker-martinique-36-a-classic-sports-cruiser/,/boat-reviews/sunseeker-martinique-36-a-classic-sports-cruiser/,https://www.oldseadogs.com/stories/boat-reviews-sunseeker-martinique-36-a-classic-sports-cruiser,/stories/boat-reviews-sunseeker-martinique-36-a-classic-sports-cruiser,301,Boat Reviews: Sunseeker Martinique 36 - An Owner's Review
article redirect,https://oldseadogs.com/news/the-debut-of-the-santasevera-52-a-fresh-breeze-in-the-cruiser-market/,/news/the-debut-of-the-santasevera-52-a-fresh-breeze-in-the-cruiser-market/,https://www.oldseadogs.com/stories/news-the-debut-of-the-santasevera-52-a-fresh-breeze-in-the-cruiser-market,/stories/news-the-debut-of-the-santasevera-52-a-fresh-breeze-in-the-cruiser-market,301,News: Introducing The Santasevera 52: A Taste of The Mediterranean Breeze in The Modern Cruiser Market
article redirect,https://oldseadogs.com/news/veterans-of-the-last-two-rolex-fastnet-races/,/news/veterans-of-the-last-two-rolex-fastnet-races/,https://www.oldseadogs.com/stories/news-veterans-of-the-last-two-rolex-fastnet-races,/stories/news-veterans-of-the-last-two-rolex-fastnet-races,301,"News: Northwesterly to the Rock — but no headbanger, finally"
article redirect,https://oldseadogs.com/racing/black-foils-swipe-portsmouth-glory-from-home-team-in-high-stakes-sailgp-clash/,/racing/black-foils-swipe-portsmouth-glory-from-home-team-in-high-stakes-sailgp-clash/,https://www.oldseadogs.com/stories/racing-black-foils-swipe-portsmouth-glory-from-home-team-in-high-stakes-sailgp-clash,/stories/racing-black-foils-swipe-portsmouth-glory-from-home-team-in-high-stakes-sailgp-clash,301,Racing: Black Foils Swipe Portsmouth Glory from Home Team in High-Stakes SailGP Clash
article redirect,https://oldseadogs.com/boat-shows/carpe-diem-a-unique-trinity-charter-yacht-on-sale-now/,/boat-shows/carpe-diem-a-unique-trinity-charter-yacht-on-sale-now/,https://www.oldseadogs.com/stories/boat-shows-carpe-diem-a-unique-trinity-charter-yacht-on-sale-now,/stories/boat-shows-carpe-diem-a-unique-trinity-charter-yacht-on-sale-now,301,"Shows: The Exquisite Art Deco Trinity Yacht, CARPE DIEM, Makes Its Market Debut for the First Time"
article redirect,https://oldseadogs.com/news/celebrated-39.8m-baglietto-motor-yacht-club-m-finds-a-new-owner/,/news/celebrated-39.8m-baglietto-motor-yacht-club-m-finds-a-new-owner/,https://www.oldseadogs.com/stories/news-celebrated-39-8m-baglietto-motor-yacht-club-m-finds-a-new-owner,/stories/news-celebrated-39-8m-baglietto-motor-yacht-club-m-finds-a-new-owner,301,"News: Club M, Baglietto's Multi-Award-Winning Motor Yacht, Gets Sold to a New Boating Enthusiast"
article redirect,https://oldseadogs.com/news/maiora-36-exuma-motor-yacht-poised-for-stellar-2025-debut/,/news/maiora-36-exuma-motor-yacht-poised-for-stellar-2025-debut/,https://www.oldseadogs.com/stories/news-maiora-36-exuma-motor-yacht-poised-for-stellar-2025-debut,/stories/news-maiora-36-exuma-motor-yacht-poised-for-stellar-2025-debut,301,News: Exquisite Maiora 36 Exuma Motor Yacht Sold Ahead of Imminent 2025 Delivery
article redirect,https://oldseadogs.com/racing/new-zealand-breeding-ground-for-18-footer-innovators/,/racing/new-zealand-breeding-ground-for-18-footer-innovators/,https://www.oldseadogs.com/stories/racing-new-zealand-breeding-ground-for-18-footer-innovators,/stories/racing-new-zealand-breeding-ground-for-18-footer-innovators,301,Racing: A Strong Rebound in Innovation: The New Zealand 18 Footer Skiff Community Reactivates After a Pandemic Pause
article redirect,https://oldseadogs.com/racing/highlights-of-the-2025-admirals-cup-inshore-races-through-photographs/,/racing/highlights-of-the-2025-admirals-cup-inshore-races-through-photographs/,https://www.oldseadogs.com/stories/racing-highlights-of-the-2025-admirals-cup-inshore-races-through-photographs,/stories/racing-highlights-of-the-2025-admirals-cup-inshore-races-through-photographs,301,Racing: Unveiling the Thrill of the 2025 Admiral's Cup Inshore Races: A Visual Tour
article redirect,https://oldseadogs.com/news/igy-ibiza-marina-unveils-5m-redevelopment-now-accommodates-super-yachts/,/news/igy-ibiza-marina-unveils-5m-redevelopment-now-accommodates-super-yachts/,https://www.oldseadogs.com/stories/news-igy-ibiza-marina-unveils-5m-redevelopment-now-accommodates-super-yachts,/stories/news-igy-ibiza-marina-unveils-5m-redevelopment-now-accommodates-super-yachts,301,"News: Revitalized IGY Ibiza Marina Opens, Superyachts Welcome: A Significant €5M Investment Fully Redeveloped"
article redirect,https://oldseadogs.com/boat-reviews/incredible-power-debut-look-at-williams-evene-superyacht-tenders/,/boat-reviews/incredible-power-debut-look-at-williams-evene-superyacht-tenders/,https://www.oldseadogs.com/stories/boat-reviews-incredible-power-debut-look-at-williams-evene-superyacht-tenders,/stories/boat-reviews-incredible-power-debut-look-at-williams-evene-superyacht-tenders,301,"Boat Reviews: Unleashing Power: Williams Introduces the Evene Superyacht Tenders, Promising More Capacity and Enhanced Design Features"
article redirect,https://oldseadogs.com/boat-shows/italian-yard-tankoa-launches-singolare-the-second-model-in-its-t450-series/,/boat-shows/italian-yard-tankoa-launches-singolare-the-second-model-in-its-t450-series/,https://www.oldseadogs.com/stories/boat-shows-italian-yard-tankoa-launches-singolare-the-second-model-in-its-t450-series,/stories/boat-shows-italian-yard-tankoa-launches-singolare-the-second-model-in-its-t450-series,301,"Shows: Stepping in 'Go's Footprints, Tankoa Celebrates the Launch of Its Second T450 Yacht – Singolare"
article redirect,https://oldseadogs.com/boat-reviews/major-price-reduction-for-superlative-jongert-sailing-yacht-scarena/,/boat-reviews/major-price-reduction-for-superlative-jongert-sailing-yacht-scarena/,https://www.oldseadogs.com/stories/boat-reviews-major-price-reduction-for-superlative-jongert-sailing-yacht-scarena,/stories/boat-reviews-major-price-reduction-for-superlative-jongert-sailing-yacht-scarena,301,Boat Reviews: Jongert Sailing Yacht Scarena Witnessing a Stunning 20% Price Drop: Now Yours for an Astounding €610k Less
article redirect,https://oldseadogs.com/racing/spectacular-inshore-racing-at-the-2025-admirals-cup/,/racing/spectacular-inshore-racing-at-the-2025-admirals-cup/,https://www.oldseadogs.com/stories/racing-spectacular-inshore-racing-at-the-2025-admirals-cup,/stories/racing-spectacular-inshore-racing-at-the-2025-admirals-cup,301,"Racing: Experience the Thrill of the 2025 Admiral's Cup’s Inshore Races, Captured by Top Photographer David Maynard"
article redirect,https://oldseadogs.com/racing/transpac-2025-halfway-to-hawaii-full-moon-and-full-throttle/,/racing/transpac-2025-halfway-to-hawaii-full-moon-and-full-throttle/,https://www.oldseadogs.com/stories/racing-transpac-2025-halfway-to-hawaii-full-moon-and-full-throttle,/stories/racing-transpac-2025-halfway-to-hawaii-full-moon-and-full-throttle,301,Racing: Transpac 2025 - Full Moon and Full Throttle
article redirect,https://oldseadogs.com/racing/dramatic-victory-echoes-in-m32-picasso-cup-regatta/,/racing/dramatic-victory-echoes-in-m32-picasso-cup-regatta/,https://www.oldseadogs.com/stories/racing-dramatic-victory-echoes-in-m32-picasso-cup-regatta,/stories/racing-dramatic-victory-echoes-in-m32-picasso-cup-regatta,301,Racing: Dutch Dark Horse Sails to a Nail-biting Win at the Celebrated Picasso Cup
article redirect,https://oldseadogs.com/boat-reviews/jet-car-boats-the-thrill-of-a-sports-car-the-freedom-of-a-speedboat/,/boat-reviews/jet-car-boats-the-thrill-of-a-sports-car-the-freedom-of-a-speedboat/,https://www.oldseadogs.com/stories/boat-reviews-jet-car-boats-the-thrill-of-a-sports-car-the-freedom-of-a-speedboat,/stories/boat-reviews-jet-car-boats-the-thrill-of-a-sports-car-the-freedom-of-a-speedboat,301,Boat Reviews: Its that a car or a boat - Jet Car / Boat ?
article redirect,https://oldseadogs.com/racing/round-three-of-the-ukopra-offshore-powerboat-championships/,/racing/round-three-of-the-ukopra-offshore-powerboat-championships/,https://www.oldseadogs.com/stories/racing-round-three-of-the-ukopra-offshore-powerboat-championships,/stories/racing-round-three-of-the-ukopra-offshore-powerboat-championships,301,Racing: UKOPRA Offshore Powerboat Championships
article redirect,https://oldseadogs.com/lifestyle/the-journey-from-paddles-to-propellers-a-voyage-of-trust-and-adventure/,/lifestyle/the-journey-from-paddles-to-propellers-a-voyage-of-trust-and-adventure/,https://www.oldseadogs.com/stories/lifestyle-the-journey-from-paddles-to-propellers-a-voyage-of-trust-and-adventure,/stories/lifestyle-the-journey-from-paddles-to-propellers-a-voyage-of-trust-and-adventure,301,Lifestyle: Discover the awe-inspiring adventure of a sailor who journeyed from simplistic canoeing to owning a cutting-edge Dale Classic 37 yacht
article redirect,https://oldseadogs.com/racing/thrilling-dayboat-open-tournament-at-poole-yacht-club/,/racing/thrilling-dayboat-open-tournament-at-poole-yacht-club/,https://www.oldseadogs.com/stories/racing-thrilling-dayboat-open-tournament-at-poole-yacht-club,/stories/racing-thrilling-dayboat-open-tournament-at-poole-yacht-club,301,Racing: Spectacular Scenes as Yachting World Dayboat Open Captivates Poole
article redirect,https://oldseadogs.com/news/jpk-1050-fast-french-and-ready-to-shake-up-irc-two/,/news/jpk-1050-fast-french-and-ready-to-shake-up-irc-two/,https://www.oldseadogs.com/stories/news-jpk-1050-fast-french-and-ready-to-shake-up-irc-two,/stories/news-jpk-1050-fast-french-and-ready-to-shake-up-irc-two,301,News: Could two shiny new JPK 1050s cause trouble in IRC Two?
article redirect,https://oldseadogs.com/news/mangustas-new-build-superyacht-receives-major-price-reduction/,/news/mangustas-new-build-superyacht-receives-major-price-reduction/,https://www.oldseadogs.com/stories/news-mangustas-new-build-superyacht-receives-major-price-reduction,/stories/news-mangustas-new-build-superyacht-receives-major-price-reduction,301,News: Massive €1.5M Price Drop for Mangusta's Newest 50-meter Superyacht Big On Luxurious Perks
article redirect,https://oldseadogs.com/boat-shows/monaco-yacht-show-2025-showcasing-ground-breaking-superyachts/,/boat-shows/monaco-yacht-show-2025-showcasing-ground-breaking-superyachts/,https://www.oldseadogs.com/stories/boat-shows-monaco-yacht-show-2025-showcasing-ground-breaking-superyachts,/stories/boat-shows-monaco-yacht-show-2025-showcasing-ground-breaking-superyachts,301,Shows: Breaking Boundaries: The Most Exciting Superyachts to Attend the Monaco Yacht Show 2025
article redirect,https://oldseadogs.com/racing/opening-day-thrills-at-the-2025-tornado-world-championships/,/racing/opening-day-thrills-at-the-2025-tornado-world-championships/,https://www.oldseadogs.com/stories/racing-opening-day-thrills-at-the-2025-tornado-world-championships,/stories/racing-opening-day-thrills-at-the-2025-tornado-world-championships,301,"Racing: High-Tension Drama as Tornado Open, Mixed and Youth World Championships Kick Off"
article redirect,https://oldseadogs.com/boat-reviews/turkish-shipyard-numarine-unveils-bigger-better-40mxp-model-miouch/,/boat-reviews/turkish-shipyard-numarine-unveils-bigger-better-40mxp-model-miouch/,https://www.oldseadogs.com/stories/boat-reviews-turkish-shipyard-numarine-unveils-bigger-better-40mxp-model-miouch,/stories/boat-reviews-turkish-shipyard-numarine-unveils-bigger-better-40mxp-model-miouch,301,"Boat Reviews: Numarine's Latest Marvel: Miouch, the 40MXP Model Raising the Bar in Luxury Yachting"
article redirect,https://oldseadogs.com/gear/voly-group-software-suite-a-new-step-forward-in-yacht-management/,/gear/voly-group-software-suite-a-new-step-forward-in-yacht-management/,https://www.oldseadogs.com/stories/gear-voly-group-software-suite-a-new-step-forward-in-yacht-management,/stories/gear-voly-group-software-suite-a-new-step-forward-in-yacht-management,301,Gear: Revolutionising Yacht Management: The Voly Group Software Suite's Bold Vision for the Future
article redirect,https://oldseadogs.com/news/78-metre-flagship-superyacht-delivered-by-admiral/,/news/78-metre-flagship-superyacht-delivered-by-admiral/,https://www.oldseadogs.com/stories/news-78-metre-flagship-superyacht-delivered-by-admiral,/stories/news-78-metre-flagship-superyacht-delivered-by-admiral,301,News: Admiral Launches Spectacular 78m Superyacht with Revolutionary Propulsion System
article redirect,https://oldseadogs.com/boat-reviews/riva-unveils-restyled-first-112-dolcevita-super-model/,/boat-reviews/riva-unveils-restyled-first-112-dolcevita-super-model/,https://www.oldseadogs.com/stories/boat-reviews-riva-unveils-restyled-first-112-dolcevita-super-model,/stories/boat-reviews-riva-unveils-restyled-first-112-dolcevita-super-model,301,Boat Reviews: Riva Debuts Sports-Luxury Redesign with Launch of First 112 Dolcevita Super Model
article redirect,https://oldseadogs.com/racing/thrilling-week-of-intense-contest-at-long-beach-2025-olympic-classes-regatta/,/racing/thrilling-week-of-intense-contest-at-long-beach-2025-olympic-classes-regatta/,https://www.oldseadogs.com/stories/racing-thrilling-week-of-intense-contest-at-long-beach-2025-olympic-classes-regatta,/stories/racing-thrilling-week-of-intense-contest-at-long-beach-2025-olympic-classes-regatta,301,"Racing: Intense Competition, High Spirits Mark Long Beach 2025 Olympic Classes Regatta"
article redirect,https://oldseadogs.com/destinations/a-nautical-adventure-from-poole-to-penzance/,/destinations/a-nautical-adventure-from-poole-to-penzance/,https://www.oldseadogs.com/stories/destinations-a-nautical-adventure-from-poole-to-penzance,/stories/destinations-a-nautical-adventure-from-poole-to-penzance,301,"Destinations: Cruise further, cruise safer: tackling the beautiful coastline from Poole to Penzance"
article redirect,https://oldseadogs.com/boat-reviews/enhancing-superyacht-safety-through-improved-design/,/boat-reviews/enhancing-superyacht-safety-through-improved-design/,https://www.oldseadogs.com/stories/boat-reviews-enhancing-superyacht-safety-through-improved-design,/stories/boat-reviews-enhancing-superyacht-safety-through-improved-design,301,Boat Reviews: Shaping the Future of the Superyacht Industry: An Urgent Call for Resolute Measures to Improve Safety Features in Vessel Design
article redirect,https://oldseadogs.com/racing/sailing-extravaganza-sailgp-docks-in-portsmouth/,/racing/sailing-extravaganza-sailgp-docks-in-portsmouth/,https://www.oldseadogs.com/stories/racing-sailing-extravaganza-sailgp-docks-in-portsmouth,/stories/racing-sailing-extravaganza-sailgp-docks-in-portsmouth,301,Racing: A Riveting Weekend of Sailing as SailGP Makes Waves in Portsmouth
article redirect,https://oldseadogs.com/news/the-admirals-cup-2025/,/news/the-admirals-cup-2025/,https://www.oldseadogs.com/stories/news-the-admirals-cup-2025,/stories/news-the-admirals-cup-2025,301,News: The return of one of sailing’s most iconic regattas
article redirect,https://oldseadogs.com/racing/the-j/99-yachts-dominating-the-noakes-sydney-gold-coast-race/,/racing/the-j/99-yachts-dominating-the-noakes-sydney-gold-coast-race/,https://www.oldseadogs.com/stories/racing-99-yachts-dominating-the-noakes-sydney-gold-coast-race,/stories/racing-99-yachts-dominating-the-noakes-sydney-gold-coast-race,301,Racing: Thrilling one-design showdown as J/99s conquer the Noakes Sydney Gold Coast Yacht Race
article redirect,https://oldseadogs.com/boat-reviews/the-return-of-opulence-db9-sports-yacht-undergoes-extensive-refit/,/boat-reviews/the-return-of-opulence-db9-sports-yacht-undergoes-extensive-refit/,https://www.oldseadogs.com/stories/boat-reviews-the-return-of-opulence-db9-sports-yacht-undergoes-extensive-refit,/stories/boat-reviews-the-return-of-opulence-db9-sports-yacht-undergoes-extensive-refit,301,Boat Reviews: Experience the Revitalisation of the 52.4-metre DB9 Palmer Johnson Yacht: Championing Elegance and Power in its New Avatar
article redirect,https://oldseadogs.com/news/admirals-cup-set-to-make-triumphant-return-to-cowes-in-july-2025/,/news/admirals-cup-set-to-make-triumphant-return-to-cowes-in-july-2025/,https://www.oldseadogs.com/stories/news-admirals-cup-set-to-make-triumphant-return-to-cowes-in-july-2025,/stories/news-admirals-cup-set-to-make-triumphant-return-to-cowes-in-july-2025,301,News: Admiral’s Cup Triumphant Return to Cowes in July 2025
article redirect,https://oldseadogs.com/news/hf50-catamarans-sailgp-sir-ben-ainslie-portsmouth-waterfront/,/news/hf50-catamarans-sailgp-sir-ben-ainslie-portsmouth-waterfront/,https://www.oldseadogs.com/stories/news-hf50-catamarans-sailgp-sir-ben-ainslie-portsmouth-waterfront,/stories/news-hf50-catamarans-sailgp-sir-ben-ainslie-portsmouth-waterfront,301,News: This weekend - HF50 Catamarans SailGP & Sir Ben Ainslie - Portsmouth Waterfront
article redirect,https://oldseadogs.com/news/predictwind-becomes-official-weather-data-provider-for-admirals-cup-2025/,/news/predictwind-becomes-official-weather-data-provider-for-admirals-cup-2025/,https://www.oldseadogs.com/stories/news-predictwind-becomes-official-weather-data-provider-for-admirals-cup-2025,/stories/news-predictwind-becomes-official-weather-data-provider-for-admirals-cup-2025,301,"News: Marine Weather Leader, PredictWind, Scores Official Supplier Role in Admiral's Cup 2025, Showcasing Commitment to Nautical Diversity"
article redirect,https://oldseadogs.com/boat-reviews/unveiling-the-new-realm-45-motor-yacht-luxury-versatility-and-electric-power/,/boat-reviews/unveiling-the-new-realm-45-motor-yacht-luxury-versatility-and-electric-power/,https://www.oldseadogs.com/stories/boat-reviews-unveiling-the-new-realm-45-motor-yacht-luxury-versatility-and-electric-power,/stories/boat-reviews-unveiling-the-new-realm-45-motor-yacht-luxury-versatility-and-electric-power,301,Boat Reviews: Experience Elegance and Efficiency: Realm 45 Motor Yacht Offers 360° Views and Electric Power
article redirect,https://oldseadogs.com/news/bilgin-170-superyacht-fourth-unit-sets-sail/,/news/bilgin-170-superyacht-fourth-unit-sets-sail/,https://www.oldseadogs.com/stories/news-bilgin-170-superyacht-fourth-unit-sets-sail,/stories/news-bilgin-170-superyacht-fourth-unit-sets-sail,301,News: Bilgin Yachts Announces the Technical Launch of the Fourth Unit in the Bilgin 170 Superyacht Series
article redirect,https://oldseadogs.com/news/cobalt-blue-superyacht-sui-generis-charts-new-luxurious-horizons/,/news/cobalt-blue-superyacht-sui-generis-charts-new-luxurious-horizons/,https://www.oldseadogs.com/stories/news-cobalt-blue-superyacht-sui-generis-charts-new-luxurious-horizons,/stories/news-cobalt-blue-superyacht-sui-generis-charts-new-luxurious-horizons,301,News: Italian Boatyard Baglietto Scores with Seventh Launch of its DOM 133 Series: Sui Generis
article redirect,https://oldseadogs.com/news/delivery-announcement-feadships-superyacht-moonrise-a-101m-masterpiece/,/news/delivery-announcement-feadships-superyacht-moonrise-a-101m-masterpiece/,https://www.oldseadogs.com/stories/news-delivery-announcement-feadships-superyacht-moonrise-a-101m-masterpiece,/stories/news-delivery-announcement-feadships-superyacht-moonrise-a-101m-masterpiece,301,News: The Sea Shimmers with Moonrise: Feadship’s Majestic 101-meter Superyacht Embarks on its Nautical Journey
article redirect,https://oldseadogs.com/racing/sign-up-for-the-prestigious-2025-melges-24-u.s.-national-championship/,/racing/sign-up-for-the-prestigious-2025-melges-24-u.s.-national-championship/,https://www.oldseadogs.com/stories/racing-sign-up-for-the-prestigious-2025-melges-24-u-s-national-championship,/stories/racing-sign-up-for-the-prestigious-2025-melges-24-u-s-national-championship,301,Racing: Call for Entries: The Majestic 2025 Melges 24 U.S. National Championship at Pensacola Yacht Club Waits for You
article redirect,https://oldseadogs.com/racing/who-nailed-the-breeze-call-in-the-2025-transpac/,/racing/who-nailed-the-breeze-call-in-the-2025-transpac/,https://www.oldseadogs.com/stories/racing-who-nailed-the-breeze-call-in-the-2025-transpac,/stories/racing-who-nailed-the-breeze-call-in-the-2025-transpac,301,Racing: Who Nailed the Breeze Call in the 2025 Transpac?
article redirect,https://oldseadogs.com/news/a-blaze-in-saint-tropez-may-sink-the-famed-sea-lady-ii/,/news/a-blaze-in-saint-tropez-may-sink-the-famed-sea-lady-ii/,https://www.oldseadogs.com/stories/news-a-blaze-in-saint-tropez-may-sink-the-famed-sea-lady-ii,/stories/news-a-blaze-in-saint-tropez-may-sink-the-famed-sea-lady-ii,301,News: High Drama on the Riviera: Famous Yacht Sea Lady II at Risk of Sinking After Fiery Incident in Saint-Tropez
article redirect,https://oldseadogs.com/news/australian-commercial-marine-conference/,/news/australian-commercial-marine-conference/,https://www.oldseadogs.com/stories/news-australian-commercial-marine-conference,/stories/news-australian-commercial-marine-conference,301,News: The Australian Commercial Marine Conference
article redirect,https://oldseadogs.com/boat-reviews/embark-on-an-adventure-with-the-ockelbo-b25-cabin-boat/,/boat-reviews/embark-on-an-adventure-with-the-ockelbo-b25-cabin-boat/,https://www.oldseadogs.com/stories/boat-reviews-embark-on-an-adventure-with-the-ockelbo-b25-cabin-boat,/stories/boat-reviews-embark-on-an-adventure-with-the-ockelbo-b25-cabin-boat,301,Boat Reviews: Discover the Thrills of Boating in Difficult Conditions with the Ockelbo B25 Cabin Boat
article redirect,https://oldseadogs.com/boat-reviews/exciting-glimpse-into-world-class-superyacht-limerence/,/boat-reviews/exciting-glimpse-into-world-class-superyacht-limerence/,https://www.oldseadogs.com/stories/boat-reviews-exciting-glimpse-into-world-class-superyacht-limerence,/stories/boat-reviews-exciting-glimpse-into-world-class-superyacht-limerence,301,"Boat Reviews: Sneak Peek into the Elegance and Innovation of Alia Yacht's Striking Superyacht, Limerence"
article redirect,https://oldseadogs.com/racing/laserfest-2025-a-feast-of-laser/ilca-sailing-at-whitstable-yacht-club/,/racing/laserfest-2025-a-feast-of-laser/ilca-sailing-at-whitstable-yacht-club/,https://www.oldseadogs.com/stories/racing-ilca-sailing-at-whitstable-yacht-club,/stories/racing-ilca-sailing-at-whitstable-yacht-club,301,"Racing: Laserfest 2025 Shines at Whitstable Yacht Club, Attracting a Stellar Fleet of 40 Laser/ILCA Sailboats"
article redirect,https://oldseadogs.com/news/norways-innorvation25-a-confluence-of-maritime-minds/,/news/norways-innorvation25-a-confluence-of-maritime-minds/,https://www.oldseadogs.com/stories/news-norways-innorvation25-a-confluence-of-maritime-minds,/stories/news-norways-innorvation25-a-confluence-of-maritime-minds,301,News: InNORvation’25: Transforming the Maritime Industry in the Heart of Norway's Fjords
article redirect,https://oldseadogs.com/racing/round-4-of-cape-31-mediterranean-hits-italian-shores/,/racing/round-4-of-cape-31-mediterranean-hits-italian-shores/,https://www.oldseadogs.com/stories/racing-round-4-of-cape-31-mediterranean-hits-italian-shores,/stories/racing-round-4-of-cape-31-mediterranean-hits-italian-shores,301,Racing: Exciting One-Design Racing Action as Cape 31 Mediterranean Circuit Reaches Crucial Stage in Imperia
article redirect,https://oldseadogs.com/news/the-ocean-race-will-return-to-itaja%C3%AD/,/news/the-ocean-race-will-return-to-itaja%C3%AD/,https://www.oldseadogs.com/stories/news-the-ocean-race-will-return-to-itajai,/stories/news-the-ocean-race-will-return-to-itajai,301,News: The Ocean Race will return to Itajaí
article redirect,https://oldseadogs.com/news/bilgins-45m-motor-yacht-elada-makes-a-splash-on-the-market/,/news/bilgins-45m-motor-yacht-elada-makes-a-splash-on-the-market/,https://www.oldseadogs.com/stories/news-bilgins-45m-motor-yacht-elada-makes-a-splash-on-the-market,/stories/news-bilgins-45m-motor-yacht-elada-makes-a-splash-on-the-market,301,"News: Bilgin's Luxurious 45-Metre Motor Yacht, Elada, Returns to the Market in Impressive Fashion"
article redirect,https://oldseadogs.com/news/esteemed-skippers-invited-to-new-york-yacht-club-international-womens-championship-2026/,/news/esteemed-skippers-invited-to-new-york-yacht-club-international-womens-championship-2026/,https://www.oldseadogs.com/stories/news-esteemed-skippers-invited-to-new-york-yacht-club-international-womens-championship-2026,/stories/news-esteemed-skippers-invited-to-new-york-yacht-club-international-womens-championship-2026,301,News: Unveiling the Top-notch Skippers for 2026 New York Yacht Club International Women's Championship
article redirect,https://oldseadogs.com/boat-reviews/innovative-31m-maiora-motor-yacht-enters-the-market/,/boat-reviews/innovative-31m-maiora-motor-yacht-enters-the-market/,https://www.oldseadogs.com/stories/boat-reviews-innovative-31m-maiora-motor-yacht-enters-the-market,/stories/boat-reviews-innovative-31m-maiora-motor-yacht-enters-the-market,301,"Boat Reviews: Discover 'Four Joys' - The Latest Innovation in Luxury Yachting Now on Sale for €8,200,000"
article redirect,https://oldseadogs.com/racing/intense-competition-at-dittisham-topper-south-west-travellers/,/racing/intense-competition-at-dittisham-topper-south-west-travellers/,https://www.oldseadogs.com/stories/racing-intense-competition-at-dittisham-topper-south-west-travellers,/stories/racing-intense-competition-at-dittisham-topper-south-west-travellers,301,Racing: Exceptional Sailing Performance and Thrilling Race at the 7th South West Travellers at Dittisham Sailing Club
article redirect,https://oldseadogs.com/racing/international-14s-sparkle-at-the-2025-lord-birkett-trophy/,/racing/international-14s-sparkle-at-the-2025-lord-birkett-trophy/,https://www.oldseadogs.com/stories/racing-international-14s-sparkle-at-the-2025-lord-birkett-trophy,/stories/racing-international-14s-sparkle-at-the-2025-lord-birkett-trophy,301,Racing: An Exciting Review of the 2025 Lord Birkett Trophy from the Deck of a Vivid International 14
article redirect,https://oldseadogs.com/news/monaco-yacht-shows-blue-wake-initiative-unveils-its-first-sustainability-champions/,/news/monaco-yacht-shows-blue-wake-initiative-unveils-its-first-sustainability-champions/,https://www.oldseadogs.com/stories/news-monaco-yacht-shows-blue-wake-initiative-unveils-its-first-sustainability-champions,/stories/news-monaco-yacht-shows-blue-wake-initiative-unveils-its-first-sustainability-champions,301,News: Monaco Yacht Show's First Wave of Blue Wake Sustainability Torchbearers Transforming the Superyacht Industry
article redirect,https://oldseadogs.com/news/why-the-return-of-the-orcv-womens-helm-race-changes-everything/,/news/why-the-return-of-the-orcv-womens-helm-race-changes-everything/,https://www.oldseadogs.com/stories/news-why-the-return-of-the-orcv-womens-helm-race-changes-everything,/stories/news-why-the-return-of-the-orcv-womens-helm-race-changes-everything,301,News: ORCV Women's Helm Race
article redirect,https://oldseadogs.com/news/round-3-of-the-2025-ukopra-offshore-powerboat-championship/,/news/round-3-of-the-2025-ukopra-offshore-powerboat-championship/,https://www.oldseadogs.com/stories/news-round-3-of-the-2025-ukopra-offshore-powerboat-championship,/stories/news-round-3-of-the-2025-ukopra-offshore-powerboat-championship,301,News: This weekend its the UKOPRA Offshore Powerboat Championship
article redirect,https://oldseadogs.com/news/41m-superyacht-sea-lady-ii-in-devastating-fire-in-st-tropez/,/news/41m-superyacht-sea-lady-ii-in-devastating-fire-in-st-tropez/,https://www.oldseadogs.com/stories/news-41m-superyacht-sea-lady-ii-in-devastating-fire-in-st-tropez,/stories/news-41m-superyacht-sea-lady-ii-in-devastating-fire-in-st-tropez,301,News: Luxury Superyacht Sea Lady II Severely Damaged in High-Profile Fire
article redirect,https://oldseadogs.com/boat-shows/antonini-navi-extends-line-with-34m-sport-utility-yacht/,/boat-shows/antonini-navi-extends-line-with-34m-sport-utility-yacht/,https://www.oldseadogs.com/stories/boat-shows-antonini-navi-extends-line-with-34m-sport-utility-yacht,/stories/boat-shows-antonini-navi-extends-line-with-34m-sport-utility-yacht,301,Shows: Nautical Powerhouse Antonini Navi Unveils New 33.5-metre Sport Utility Yacht
article redirect,https://oldseadogs.com/news/comprehensive-refit-of-mmgi-motor-yacht-blade-ii-completed/,/news/comprehensive-refit-of-mmgi-motor-yacht-blade-ii-completed/,https://www.oldseadogs.com/stories/news-comprehensive-refit-of-mmgi-motor-yacht-blade-ii-completed,/stories/news-comprehensive-refit-of-mmgi-motor-yacht-blade-ii-completed,301,"News: Blade II, the 44.7m MMGI Motor Yacht, Emerges as Masterpiece with 18-Month Overhaul"
article redirect,https://oldseadogs.com/news/marine-auctions-exciting-online-auction-slots-for-july-2025/,/news/marine-auctions-exciting-online-auction-slots-for-july-2025/,https://www.oldseadogs.com/stories/news-marine-auctions-exciting-online-auction-slots-for-july-2025,/stories/news-marine-auctions-exciting-online-auction-slots-for-july-2025,301,News: Bidding Wars Get More Exciting with Two Online Auctions Slated for July 2025 by Marine Auctions
article redirect,https://oldseadogs.com/news/transpac-third-and-final-starters-depart-la-for-diamond-head/,/news/transpac-third-and-final-starters-depart-la-for-diamond-head/,https://www.oldseadogs.com/stories/news-transpac-third-and-final-starters-depart-la-for-diamond-head,/stories/news-transpac-third-and-final-starters-depart-la-for-diamond-head,301,News: THIRD AND FINAL STARTERS DEPART LA FOR DIAMOND HEAD
article redirect,https://oldseadogs.com/gear/evac-innovates-with-dehydro-waste-evacuation-system-for-superyachts/,/gear/evac-innovates-with-dehydro-waste-evacuation-system-for-superyachts/,https://www.oldseadogs.com/stories/gear-evac-innovates-with-dehydro-waste-evacuation-system-for-superyachts,/stories/gear-evac-innovates-with-dehydro-waste-evacuation-system-for-superyachts,301,Gear: Tackling the Superyacht Poo Problem: Evac's Dehydro System Revolutionises Waste Management On-board
article redirect,https://oldseadogs.com/news/revitalising-yachting-in-queensland-key-insights-from-2025-survey/,/news/revitalising-yachting-in-queensland-key-insights-from-2025-survey/,https://www.oldseadogs.com/stories/news-revitalising-yachting-in-queensland-key-insights-from-2025-survey,/stories/news-revitalising-yachting-in-queensland-key-insights-from-2025-survey,301,News: 2025 Queensland Yachting Survey Reveals Key Trends and Challenges Impacting the Sport's Future
article redirect,https://oldseadogs.com/racing/rolex-fastnet-race-intense-irc-three-matchup-expected/,/racing/rolex-fastnet-race-intense-irc-three-matchup-expected/,https://www.oldseadogs.com/stories/racing-rolex-fastnet-race-intense-irc-three-matchup-expected,/stories/racing-rolex-fastnet-race-intense-irc-three-matchup-expected,301,Racing: Expectations High for Intense Competition in IRC Three at Rolex Fastnet Race
article redirect,https://oldseadogs.com/news/sale-of-the-27m-sunseeker-motor-yacht-shine-r/,/news/sale-of-the-27m-sunseeker-motor-yacht-shine-r/,https://www.oldseadogs.com/stories/news-sale-of-the-27m-sunseeker-motor-yacht-shine-r,/stories/news-sale-of-the-27m-sunseeker-motor-yacht-shine-r,301,"News: Shine R, the 27m Sunseeker Motor Yacht, Changes Hands and Sails to New Waters"
article redirect,https://oldseadogs.com/boat-reviews/the-innovative-redesign-of-the-azimut-grande-trideck-by-m2atelier/,/boat-reviews/the-innovative-redesign-of-the-azimut-grande-trideck-by-m2atelier/,https://www.oldseadogs.com/stories/boat-reviews-the-innovative-redesign-of-the-azimut-grande-trideck-by-m2atelier,/stories/boat-reviews-the-innovative-redesign-of-the-azimut-grande-trideck-by-m2atelier,301,Boat Reviews: Reimagining the Azimut Grande Trideck: Inside m2Atelier's Luxurious Yet Unassuming Design Approach
article redirect,https://oldseadogs.com/boat-reviews/aquaspirit-introduces-the-7m-rib-with-an-expanded-cockpit/,/boat-reviews/aquaspirit-introduces-the-7m-rib-with-an-expanded-cockpit/,https://www.oldseadogs.com/stories/boat-reviews-aquaspirit-introduces-the-7m-rib-with-an-expanded-cockpit,/stories/boat-reviews-aquaspirit-introduces-the-7m-rib-with-an-expanded-cockpit,301,Boat Reviews: Unveiling the Aquaspirit 7m RIB: Cutting Through Waves with Ample Space for Guests
article redirect,https://oldseadogs.com/boat-reviews/dark-sky-motor-yacht-unveiled-by-ses-yachts/,/boat-reviews/dark-sky-motor-yacht-unveiled-by-ses-yachts/,https://www.oldseadogs.com/stories/boat-reviews-dark-sky-motor-yacht-unveiled-by-ses-yachts,/stories/boat-reviews-dark-sky-motor-yacht-unveiled-by-ses-yachts,301,"Boat Reviews: Meet Dark Sky, the latest shining star in SES Yachts' fleet"
article redirect,https://oldseadogs.com/news/eurilca-europa-cup-ger/,/news/eurilca-europa-cup-ger/,https://www.oldseadogs.com/stories/news-eurilca-europa-cup-ger,/stories/news-eurilca-europa-cup-ger,301,News: EurILCA Europa Cup GER
article redirect,https://oldseadogs.com/racing/goodchild-takes-his-first-win-in-the-imoca-class/,/racing/goodchild-takes-his-first-win-in-the-imoca-class/,https://www.oldseadogs.com/stories/racing-goodchild-takes-his-first-win-in-the-imoca-class,/stories/racing-goodchild-takes-his-first-win-in-the-imoca-class,301,Racing: IMOCA Class - Goodchild takes his first win
article redirect,https://oldseadogs.com/news/grasping-the-potential-of-nuclear-power-in-superyachts/,/news/grasping-the-potential-of-nuclear-power-in-superyachts/,https://www.oldseadogs.com/stories/news-grasping-the-potential-of-nuclear-power-in-superyachts,/stories/news-grasping-the-potential-of-nuclear-power-in-superyachts,301,News: Bent on Revolution: How Nuclear Power Could Shape the Future of Superyacht Sailing
article redirect,https://oldseadogs.com/gear/meet-the-acetal-pivoting-mast-step-the-future-of-performance/,/gear/meet-the-acetal-pivoting-mast-step-the-future-of-performance/,https://www.oldseadogs.com/stories/gear-meet-the-acetal-pivoting-mast-step-the-future-of-performance,/stories/gear-meet-the-acetal-pivoting-mast-step-the-future-of-performance,301,Gear: Introducing the Revolutionary Acetal Pivoting Mast Step: A Leap in Nautical Engineering Innovation
article redirect,https://oldseadogs.com/racing/record-breaking-offshore-classics-set-to-race-in-irc-zero/,/racing/record-breaking-offshore-classics-set-to-race-in-irc-zero/,https://www.oldseadogs.com/stories/racing-record-breaking-offshore-classics-set-to-race-in-irc-zero,/stories/racing-record-breaking-offshore-classics-set-to-race-in-irc-zero,301,Racing: Record-breaking offshore classics set to race in IRC Zero
article redirect,https://oldseadogs.com/racing/sailgp-over-100000-expected-for-thrilling-races-bay-of-cad%C3%ADz/,/racing/sailgp-over-100000-expected-for-thrilling-races-bay-of-cad%C3%ADz/,https://www.oldseadogs.com/stories/racing-sailgp-over-100000-expected-for-thrilling-races-bay-of-cadiz,/stories/racing-sailgp-over-100000-expected-for-thrilling-races-bay-of-cadiz,301,"Racing: Over 100,000 expected for thrilling races - Bay of Cadíz"
article redirect,https://oldseadogs.com/boat-reviews/sundance-silent-yachts-unveils-flagship-solar-electric-catamaran/,/boat-reviews/sundance-silent-yachts-unveils-flagship-solar-electric-catamaran/,https://www.oldseadogs.com/stories/boat-reviews-sundance-silent-yachts-unveils-flagship-solar-electric-catamaran,/stories/boat-reviews-sundance-silent-yachts-unveils-flagship-solar-electric-catamaran,301,Boat Reviews: Discover Sundance: Silent Yachts' Groundbreaking Solar-Electric Catamaran Launches in Style
article redirect,https://oldseadogs.com/racing/the-vineyard-cup-a-noteworthy-event-in-the-classic-yacht-challenge-series/,/racing/the-vineyard-cup-a-noteworthy-event-in-the-classic-yacht-challenge-series/,https://www.oldseadogs.com/stories/racing-the-vineyard-cup-a-noteworthy-event-in-the-classic-yacht-challenge-series,/stories/racing-the-vineyard-cup-a-noteworthy-event-in-the-classic-yacht-challenge-series,301,Racing: The Classic Yacht Challenge Series Sweeps Into the Weekend With the Enthralling Vineyard Cup Regatta
article redirect,https://oldseadogs.com/gear/discover-the-ultimate-anglers-deal-hummingbird-fish-finder-at-unmatchable-discount/,/gear/discover-the-ultimate-anglers-deal-hummingbird-fish-finder-at-unmatchable-discount/,https://www.oldseadogs.com/stories/gear-discover-the-ultimate-anglers-deal-hummingbird-fish-finder-at-unmatchable-discount,/stories/gear-discover-the-ultimate-anglers-deal-hummingbird-fish-finder-at-unmatchable-discount,301,Gear: Score the Deal of a Lifetime and Transform Your Angling Adventures with a Hummingbird Fish Finder!
article redirect,https://oldseadogs.com/news/indonesia-breaks-ground-on-first-international-yacht-marina/,/news/indonesia-breaks-ground-on-first-international-yacht-marina/,https://www.oldseadogs.com/stories/news-indonesia-breaks-ground-on-first-international-yacht-marina,/stories/news-indonesia-breaks-ground-on-first-international-yacht-marina,301,News: Indonesia Embarks on its Sailing Journey with the Commencement of the Bali Benoa Marina Construction
article redirect,https://oldseadogs.com/news/onboard-reporters-in-the-course-des-caps/,/news/onboard-reporters-in-the-course-des-caps/,https://www.oldseadogs.com/stories/news-onboard-reporters-in-the-course-des-caps,/stories/news-onboard-reporters-in-the-course-des-caps,301,News: Up close with the sailors and enjoying the challenge of bringing the race to life
article redirect,https://oldseadogs.com/racing/thrilling-2025-international-moth-worlds-day-two-five-highlights/,/racing/thrilling-2025-international-moth-worlds-day-two-five-highlights/,https://www.oldseadogs.com/stories/racing-thrilling-2025-international-moth-worlds-day-two-five-highlights,/stories/racing-thrilling-2025-international-moth-worlds-day-two-five-highlights,301,"Racing: Insightful Highlights From 2025 International Moth Worlds: Anticipation Builds on Day Two, High Stakes Drama Unfolds on Day Five"
article redirect,https://oldseadogs.com/boat-reviews/a-glance-at-the-van-den-hoven-voyager-50-exceptional-craftsmanship-in-boat-building/,/boat-reviews/a-glance-at-the-van-den-hoven-voyager-50-exceptional-craftsmanship-in-boat-building/,https://www.oldseadogs.com/stories/boat-reviews-a-glance-at-the-van-den-hoven-voyager-50-exceptional-craftsmanship-in-boat-building,/stories/boat-reviews-a-glance-at-the-van-den-hoven-voyager-50-exceptional-craftsmanship-in-boat-building,301,"Boat Reviews: The Dutch Delight: A Detailed Look at the Van den Hoven Voyager 50, A True Testament of Top-Notch Craftsmanship"
article redirect,https://oldseadogs.com/gear/airhead-big-mable-boat-tube-a-prime-day-favourite-worth-every-penny/,/gear/airhead-big-mable-boat-tube-a-prime-day-favourite-worth-every-penny/,https://www.oldseadogs.com/stories/gear-airhead-big-mable-boat-tube-a-prime-day-favourite-worth-every-penny,/stories/gear-airhead-big-mable-boat-tube-a-prime-day-favourite-worth-every-penny,301,Gear: Exclusive Prime Day Boat Tube Deal: Airhead Big Mable Streaks to the Top in Water Fun Ranking
article redirect,https://oldseadogs.com/gear/revolutionising-sailing-with-portable-power-stations/,/gear/revolutionising-sailing-with-portable-power-stations/,https://www.oldseadogs.com/stories/gear-revolutionising-sailing-with-portable-power-stations,/stories/gear-revolutionising-sailing-with-portable-power-stations,301,Gear: Discovering the Uninterrupted Power of Portable Power Stations: A New Essential for Every Boat
article redirect,https://oldseadogs.com/news/transpacs-middle-fleet-sets-off-for-diamond-head/,/news/transpacs-middle-fleet-sets-off-for-diamond-head/,https://www.oldseadogs.com/stories/news-transpacs-middle-fleet-sets-off-for-diamond-head,/stories/news-transpacs-middle-fleet-sets-off-for-diamond-head,301,"News: Seventeen boats begin the 2,225-mile Pacific Crossing"
article redirect,https://oldseadogs.com/racing/excitement-and-challenges-at-2025-taittinger-royal-solent-yacht-club-regatta/,/racing/excitement-and-challenges-at-2025-taittinger-royal-solent-yacht-club-regatta/,https://www.oldseadogs.com/stories/racing-excitement-and-challenges-at-2025-taittinger-royal-solent-yacht-club-regatta,/stories/racing-excitement-and-challenges-at-2025-taittinger-royal-solent-yacht-club-regatta,301,Racing: Choppy Waves and Fierce Winds Mark Unforgettable 2025 Taittinger Royal Solent Yacht Club Regatta
article redirect,https://oldseadogs.com/news/highlights-of-the-2025-taittinger-royal-solent-yacht-club-regatta-and-ok-nationals-at-dabchicks-sailing-club-day-2/,/news/highlights-of-the-2025-taittinger-royal-solent-yacht-club-regatta-and-ok-nationals-at-dabchicks-sailing-club-day-2/,https://www.oldseadogs.com/stories/news-highlights-of-the-2025-taittinger-royal-solent-yacht-club-regatta-and-ok-nationals-at-dabch,/stories/news-highlights-of-the-2025-taittinger-royal-solent-yacht-club-regatta-and-ok-nationals-at-dabch,301,News: 2025 Taittinger Royal Solent Yacht Club Regatta and OK Nationals at Dabchicks Sailing Club on Day 2: A Spectacle of Rivalry and Team Spirit
article redirect,https://oldseadogs.com/boat-reviews/the-exquisite-30m-destiny-motor-yacht-on-sale/,/boat-reviews/the-exquisite-30m-destiny-motor-yacht-on-sale/,https://www.oldseadogs.com/stories/boat-reviews-the-exquisite-30m-destiny-motor-yacht-on-sale,/stories/boat-reviews-the-exquisite-30m-destiny-motor-yacht-on-sale,301,"Boat Reviews: Step into Opulence: The 30m Motor Yacht 'Destiny' Listed for Sale, Offering Luxury and Adventure"
article redirect,https://oldseadogs.com/racing/biotherm-team-gearing-up-for-the-2025-ocean-race-europe/,/racing/biotherm-team-gearing-up-for-the-2025-ocean-race-europe/,https://www.oldseadogs.com/stories/racing-biotherm-team-gearing-up-for-the-2025-ocean-race-europe,/stories/racing-biotherm-team-gearing-up-for-the-2025-ocean-race-europe,301,"Racing: Ahead of the Epic Ocean Race Europe, Biotherm Team Arrives in Kiel Geared for the Journey"
article redirect,https://oldseadogs.com/news/complete-acquisition-ferretti-group-now-owns-wally-yacht/,/news/complete-acquisition-ferretti-group-now-owns-wally-yacht/,https://www.oldseadogs.com/stories/news-complete-acquisition-ferretti-group-now-owns-wally-yacht,/stories/news-complete-acquisition-ferretti-group-now-owns-wally-yacht,301,"News: Ferretti Group Announces 100% Ownership Stake over Famed Yacht Manufacturer, Wally"
article redirect,https://oldseadogs.com/boat-reviews/turkish-yard-ares-yachts-unveils-stunning-new-62m-flagship-simena/,/boat-reviews/turkish-yard-ares-yachts-unveils-stunning-new-62m-flagship-simena/,https://www.oldseadogs.com/stories/boat-reviews-turkish-yard-ares-yachts-unveils-stunning-new-62m-flagship-simena,/stories/boat-reviews-turkish-yard-ares-yachts-unveils-stunning-new-62m-flagship-simena,301,"Boat Reviews: Experience A Touch of Timeless Charm: Ares Yachts Launches 'Simena', its 62m Flagship Yacht with Historic Clipper-Inspired Design"
article redirect,https://oldseadogs.com/racing/explosive-start-to-the-marina-militare-nastro-rosa-tour-2025/,/racing/explosive-start-to-the-marina-militare-nastro-rosa-tour-2025/,https://www.oldseadogs.com/stories/racing-explosive-start-to-the-marina-militare-nastro-rosa-tour-2025,/stories/racing-explosive-start-to-the-marina-militare-nastro-rosa-tour-2025,301,Racing: Brisk Winds and High Spirits Mark the Opening Days of the Marina Militare Nastro Rosa Tour 2025 at La Maddalena
article redirect,https://oldseadogs.com/news/ferrari-sets-sail-the-hypersail/,/news/ferrari-sets-sail-the-hypersail/,https://www.oldseadogs.com/stories/news-ferrari-sets-sail-the-hypersail,/stories/news-ferrari-sets-sail-the-hypersail,301,News: Ferrari's Hypersail
article redirect,https://oldseadogs.com/news/hamilton-island-race-week-to-showcase-olympic-class-sailing/,/news/hamilton-island-race-week-to-showcase-olympic-class-sailing/,https://www.oldseadogs.com/stories/news-hamilton-island-race-week-to-showcase-olympic-class-sailing,/stories/news-hamilton-island-race-week-to-showcase-olympic-class-sailing,301,News: Hamilton Island Race Week to showcase Olympic class sailing
article redirect,https://oldseadogs.com/news/marina-militare-nastro-rosa-tour-2025-day-1-at-la-maddalena/,/news/marina-militare-nastro-rosa-tour-2025-day-1-at-la-maddalena/,https://www.oldseadogs.com/stories/news-marina-militare-nastro-rosa-tour-2025-day-1-at-la-maddalena,/stories/news-marina-militare-nastro-rosa-tour-2025-day-1-at-la-maddalena,301,News: A Riveting Day 1: Marina Militare Nastro Rosa Tour 2025 La Maddalena
article redirect,https://oldseadogs.com/boat-reviews/a-look-at-the-exceptional-superyacht-lady-marina/,/boat-reviews/a-look-at-the-exceptional-superyacht-lady-marina/,https://www.oldseadogs.com/stories/boat-reviews-a-look-at-the-exceptional-superyacht-lady-marina,/stories/boat-reviews-a-look-at-the-exceptional-superyacht-lady-marina,301,Boat Reviews: Step Aboard Lady Marina: The Venerable Transoceanic Champion Once Crowned ‘Best Power Boat’
article redirect,https://oldseadogs.com/boat-shows/celebrating-the-launch-of-the-fourth-mangusta-oceano-39-yacht/,/boat-shows/celebrating-the-launch-of-the-fourth-mangusta-oceano-39-yacht/,https://www.oldseadogs.com/stories/boat-shows-celebrating-the-launch-of-the-fourth-mangusta-oceano-39-yacht,/stories/boat-shows-celebrating-the-launch-of-the-fourth-mangusta-oceano-39-yacht,301,"Shows: Unveiling the Splendour of the Fourth Mangusta Oceano 39 Yacht, Customized for the American Market"
article redirect,https://oldseadogs.com/news/sanlorenzo-superyacht-attila-stranded-off-spanish-coast/,/news/sanlorenzo-superyacht-attila-stranded-off-spanish-coast/,https://www.oldseadogs.com/stories/news-sanlorenzo-superyacht-attila-stranded-off-spanish-coast,/stories/news-sanlorenzo-superyacht-attila-stranded-off-spanish-coast,301,News: Superyacht Attila Grounded in Formentera: Will the Sanlorenzo Flagship Set Sail Again?
article redirect,https://oldseadogs.com/boat-reviews/the-goldfish-38-supersport-the-supersport-thats-making-waves/,/boat-reviews/the-goldfish-38-supersport-the-supersport-thats-making-waves/,https://www.oldseadogs.com/stories/boat-reviews-the-goldfish-38-supersport-the-supersport-thats-making-waves,/stories/boat-reviews-the-goldfish-38-supersport-the-supersport-thats-making-waves,301,Boat Reviews: Discover the Thrills and High-Speed Adventure Aboard a Goldfish 38 Supersport
article redirect,https://oldseadogs.com/racing/transpac-2025-underway-first-boats-depart-la-for-hawaii/,/racing/transpac-2025-underway-first-boats-depart-la-for-hawaii/,https://www.oldseadogs.com/stories/racing-transpac-2025-underway-first-boats-depart-la-for-hawaii,/stories/racing-transpac-2025-underway-first-boats-depart-la-for-hawaii,301,Racing: 16 hit the line for the first start of 3 in the 2025 Transpac.
article redirect,https://oldseadogs.com/news/trimaran-svr-lazartigue-a-return-to-the-seas-embrace/,/news/trimaran-svr-lazartigue-a-return-to-the-seas-embrace/,https://www.oldseadogs.com/stories/news-trimaran-svr-lazartigue-a-return-to-the-seas-embrace,/stories/news-trimaran-svr-lazartigue-a-return-to-the-seas-embrace,301,News: A Thrilling New Chapter Begins: Trimaran SVR-Lazartigue Returns Sea-bound
article redirect,https://oldseadogs.com/news/unmasking-the-crisis-of-drug-consumption-in-superyachts/,/news/unmasking-the-crisis-of-drug-consumption-in-superyachts/,https://www.oldseadogs.com/stories/news-unmasking-the-crisis-of-drug-consumption-in-superyachts,/stories/news-unmasking-the-crisis-of-drug-consumption-in-superyachts,301,"News: Anonymous Maritime Report Reveals Alarming Reality of Drug Use Aboard Superyachts, Compromising Safety"
article redirect,https://oldseadogs.com/lifestyle/ahead-of-the-wave-how-superyacht-owners-can-foster-top-quality-crew-welfare/,/lifestyle/ahead-of-the-wave-how-superyacht-owners-can-foster-top-quality-crew-welfare/,https://www.oldseadogs.com/stories/lifestyle-ahead-of-the-wave-how-superyacht-owners-can-foster-top-quality-crew-welfare,/stories/lifestyle-ahead-of-the-wave-how-superyacht-owners-can-foster-top-quality-crew-welfare,301,Lifestyle: Unveiling the Changes ahead: Perfecting Seamanship Must Now Include Keeping Those Who Keep You Afloat Happy
article redirect,https://oldseadogs.com/racing/could-a-maxi-yacht-achieve-the-rolex-fastnet-race-triple/,/racing/could-a-maxi-yacht-achieve-the-rolex-fastnet-race-triple/,https://www.oldseadogs.com/stories/racing-could-a-maxi-yacht-achieve-the-rolex-fastnet-race-triple,/stories/racing-could-a-maxi-yacht-achieve-the-rolex-fastnet-race-triple,301,Racing: Could a maxi yacht achieve the Rolex Fastnet Race triple?
article redirect,https://oldseadogs.com/racing/inside-the-course-des-caps-journey-with-onboard-reporters/,/racing/inside-the-course-des-caps-journey-with-onboard-reporters/,https://www.oldseadogs.com/stories/racing-inside-the-course-des-caps-journey-with-onboard-reporters,/stories/racing-inside-the-course-des-caps-journey-with-onboard-reporters,301,Racing: Chasing Wind and Sea: Onboard Reporters Bring to Life the Intensity of Sailing in the Course des Caps
article redirect,https://oldseadogs.com/racing/lanzarote-calero-sailing-team/,/racing/lanzarote-calero-sailing-team/,https://www.oldseadogs.com/stories/racing-lanzarote-calero-sailing-team,/stories/racing-lanzarote-calero-sailing-team,301,Racing: Lanzarote Calero Sailing Team
article redirect,https://oldseadogs.com/gear/the-ultimate-gear-and-gadgets-for-your-4th-of-july-boat-party/,/gear/the-ultimate-gear-and-gadgets-for-your-4th-of-july-boat-party/,https://www.oldseadogs.com/stories/gear-the-ultimate-gear-and-gadgets-for-your-4th-of-july-boat-party,/stories/gear-the-ultimate-gear-and-gadgets-for-your-4th-of-july-boat-party,301,Gear: Bring the Fireworks on the Water: Essential Equipment for the Best 4th of July Boat Party
article redirect,https://oldseadogs.com/news/varadero-valencia-backs-awe-inspiring-26th-sm-la-reina-trophy/,/news/varadero-valencia-backs-awe-inspiring-26th-sm-la-reina-trophy/,https://www.oldseadogs.com/stories/news-varadero-valencia-backs-awe-inspiring-26th-sm-la-reina-trophy,/stories/news-varadero-valencia-backs-awe-inspiring-26th-sm-la-reina-trophy,301,News: Varadero Valencia Renews Sponsorship Commitment to Prestigious SM La Reina Trophy
article redirect,https://oldseadogs.com/news/acclaimed-sunseeker-motor-yacht-new-edge-finds-a-new-owner/,/news/acclaimed-sunseeker-motor-yacht-new-edge-finds-a-new-owner/,https://www.oldseadogs.com/stories/news-acclaimed-sunseeker-motor-yacht-new-edge-finds-a-new-owner,/stories/news-acclaimed-sunseeker-motor-yacht-new-edge-finds-a-new-owner,301,News: The Impressive 28.1-Metre Sunseeker 'New Edge' Yacht Changes Hands in a High-Profile Sale
article redirect,https://oldseadogs.com/news/australian-sailors-renew-key-partnership-with-bg/,/news/australian-sailors-renew-key-partnership-with-bg/,https://www.oldseadogs.com/stories/news-australian-sailors-renew-key-partnership-with-bg,/stories/news-australian-sailors-renew-key-partnership-with-bg,301,News: Australian Sailing Team Continues Successful Partnership with B&G Through to Los Angeles 2028 Olympics
article redirect,https://oldseadogs.com/lifestyle/comparing-the-med-with-the-caribbean-two-contrasting-superyacht-seasons/,/lifestyle/comparing-the-med-with-the-caribbean-two-contrasting-superyacht-seasons/,https://www.oldseadogs.com/stories/lifestyle-comparing-the-med-with-the-caribbean-two-contrasting-superyacht-seasons,/stories/lifestyle-comparing-the-med-with-the-caribbean-two-contrasting-superyacht-seasons,301,Lifestyle: Seasonal Shifts in Superyachting: Delving into the Differences Between the Mediterranean and the Caribbean Seasons
article redirect,https://oldseadogs.com/news/day-4-of-helly-hansen-merlin-rocket-week-2025-at-salcombe/,/news/day-4-of-helly-hansen-merlin-rocket-week-2025-at-salcombe/,https://www.oldseadogs.com/stories/news-day-4-of-helly-hansen-merlin-rocket-week-2025-at-salcombe,/stories/news-day-4-of-helly-hansen-merlin-rocket-week-2025-at-salcombe,301,"News: Thrilling Results, Unpredictable Challenges at the Helly Hansen Merlin Rocket Week at Salcombe"
article redirect,https://oldseadogs.com/news/dazzling-fourth-60m-katana-yacht-accents-perini-navis-fleet/,/news/dazzling-fourth-60m-katana-yacht-accents-perini-navis-fleet/,https://www.oldseadogs.com/stories/news-dazzling-fourth-60m-katana-yacht-accents-perini-navis-fleet,/stories/news-dazzling-fourth-60m-katana-yacht-accents-perini-navis-fleet,301,News: Perini Navi Delivers Fourth Hull of its 60m Series: The Elegant Katana Yacht
article redirect,https://oldseadogs.com/lifestyle/german-giant-l%C3%BCrssen-marks-150-years-of-excellence-in-shipbuilding/,/lifestyle/german-giant-l%C3%BCrssen-marks-150-years-of-excellence-in-shipbuilding/,https://www.oldseadogs.com/stories/lifestyle-german-giant-lurssen-marks-150-years-of-excellence-in-shipbuilding,/stories/lifestyle-german-giant-lurssen-marks-150-years-of-excellence-in-shipbuilding,301,"Lifestyle: Braving Seas of Time: Lürssen Celebrates a 150-Year Journey in Marine Excellence, From Modest Beginnings to Yachting Supremacy"
article redirect,https://oldseadogs.com/racing/merlin-rocket-week-2025-thrills-and-high-stakes-sailing/,/racing/merlin-rocket-week-2025-thrills-and-high-stakes-sailing/,https://www.oldseadogs.com/stories/racing-merlin-rocket-week-2025-thrills-and-high-stakes-sailing,/stories/racing-merlin-rocket-week-2025-thrills-and-high-stakes-sailing,301,Racing: Helly Hansen Merlin Rocket Week 2025: An Epic Display of Competitive Sailing at Salcombe Yacht Club
article redirect,https://oldseadogs.com/news/sea-index-emissions-rating-tool-adopted-regionally/,/news/sea-index-emissions-rating-tool-adopted-regionally/,https://www.oldseadogs.com/stories/news-sea-index-emissions-rating-tool-adopted-regionally,/stories/news-sea-index-emissions-rating-tool-adopted-regionally,301,News: Carbon Emission Rating System SEA Index Gets Region-Wide Adoption for Sustainable Boating
article redirect,https://oldseadogs.com/boat-reviews/the-grand-return-of-bellini-yachts-the-bellini-astor-36/,/boat-reviews/the-grand-return-of-bellini-yachts-the-bellini-astor-36/,https://www.oldseadogs.com/stories/boat-reviews-the-grand-return-of-bellini-yachts-the-bellini-astor-36,/stories/boat-reviews-the-grand-return-of-bellini-yachts-the-bellini-astor-36,301,Boat Reviews: Bellini Astor 36: The Dazzling Revival of Bellini Yachts' After 50-Year Intermission
article redirect,https://oldseadogs.com/news/the-launch-of-entrepreneur-steve-rigbys-new-31m-cdm-superyacht/,/news/the-launch-of-entrepreneur-steve-rigbys-new-31m-cdm-superyacht/,https://www.oldseadogs.com/stories/news-the-launch-of-entrepreneur-steve-rigbys-new-31m-cdm-superyacht,/stories/news-the-launch-of-entrepreneur-steve-rigbys-new-31m-cdm-superyacht,301,"News: Adventurous UK Entrepreneur Steve Rigby Debuts 'Haze²', His Latest CDM Superyacht"
article redirect,https://oldseadogs.com/racing/tough-start-for-lanzarote-calero-sailing-team/,/racing/tough-start-for-lanzarote-calero-sailing-team/,https://www.oldseadogs.com/stories/racing-tough-start-for-lanzarote-calero-sailing-team,/stories/racing-tough-start-for-lanzarote-calero-sailing-team,301,Racing: An action packed day 1 at the 44Cup Marstrand.
article redirect,https://oldseadogs.com/boat-reviews/columbus-yachts-embarks-on-pioneering-crossover-48-explorer/,/boat-reviews/columbus-yachts-embarks-on-pioneering-crossover-48-explorer/,https://www.oldseadogs.com/stories/boat-reviews-columbus-yachts-embarks-on-pioneering-crossover-48-explorer,/stories/boat-reviews-columbus-yachts-embarks-on-pioneering-crossover-48-explorer,301,Boat Reviews: Unveiling the Future of Exploratory Boating - Columbus Yachts' Groundbreaking Crossover 48
article redirect,https://oldseadogs.com/racing/exhilarating-2000-class-millenium-series-at-chichester-yacht-club/,/racing/exhilarating-2000-class-millenium-series-at-chichester-yacht-club/,https://www.oldseadogs.com/stories/racing-exhilarating-2000-class-millenium-series-at-chichester-yacht-club,/stories/racing-exhilarating-2000-class-millenium-series-at-chichester-yacht-club,301,Racing: Chichester Yacht Club Hosts Thrilling 2000 Millenium Series with Simon and Katie Horsfield Dominating the Waters
article redirect,https://oldseadogs.com/lifestyle/navigating-success-an-associates-journey-in-west-nautical/,/lifestyle/navigating-success-an-associates-journey-in-west-nautical/,https://www.oldseadogs.com/stories/lifestyle-navigating-success-an-associates-journey-in-west-nautical,/stories/lifestyle-navigating-success-an-associates-journey-in-west-nautical,301,Lifestyle: Diving into Sarah Diggle Whitlock's Extraordinary Career in West Nautical: From Cage Diving to Yacht Crewing
article redirect,https://oldseadogs.com/news/the-30-to-50-metre-yacht-market-two-decades-of-performance-revealed/,/news/the-30-to-50-metre-yacht-market-two-decades-of-performance-revealed/,https://www.oldseadogs.com/stories/news-the-30-to-50-metre-yacht-market-two-decades-of-performance-revealed,/stories/news-the-30-to-50-metre-yacht-market-two-decades-of-performance-revealed,301,News: Meticulous Analysis of the 30 to 50-Metre Yacht Market Unearths Hidden Trends and Unmistakable Leaders
article redirect,https://oldseadogs.com/news/unveiling-the-maritime-career-of-sarah-diggle-whitlock-and-sunseekers-workforce-reduction/,/news/unveiling-the-maritime-career-of-sarah-diggle-whitlock-and-sunseekers-workforce-reduction/,https://www.oldseadogs.com/stories/news-unveiling-the-maritime-career-of-sarah-diggle-whitlock-and-sunseekers-workforce-reduction,/stories/news-unveiling-the-maritime-career-of-sarah-diggle-whitlock-and-sunseekers-workforce-reduction,301,News: Diving Deep with Sarah Diggle Whitlock: A Journey from Sharks to the Superyacht Industry & Sunseeker's Job Cut Insights
article redirect,https://oldseadogs.com/news/lanzarote-calero-sailing-team-aiming-for-the-podium/,/news/lanzarote-calero-sailing-team-aiming-for-the-podium/,https://www.oldseadogs.com/stories/news-lanzarote-calero-sailing-team-aiming-for-the-podium,/stories/news-lanzarote-calero-sailing-team-aiming-for-the-podium,301,News: Lanzarote Calero Sailing Team aiming for the Podium
article redirect,https://oldseadogs.com/boat-shows/revolutionary-finnish-electric-hydrofoil-unveiled-to-enthusiasm/,/boat-shows/revolutionary-finnish-electric-hydrofoil-unveiled-to-enthusiasm/,https://www.oldseadogs.com/stories/boat-shows-revolutionary-finnish-electric-hydrofoil-unveiled-to-enthusiasm,/stories/boat-shows-revolutionary-finnish-electric-hydrofoil-unveiled-to-enthusiasm,301,"Shows: Meet Pegasus, the Electric Hydrofoil Set to Revolutionise Luxury Boating, Combining F1 Styling with Motorbike Handling Skills"
article redirect,https://oldseadogs.com/news/victory-in-dysc-marine-supplies-winter-series-race-1/,/news/victory-in-dysc-marine-supplies-winter-series-race-1/,https://www.oldseadogs.com/stories/news-victory-in-dysc-marine-supplies-winter-series-race-1,/stories/news-victory-in-dysc-marine-supplies-winter-series-race-1,301,News: Victory in DYSC Marine Supplies Winter Series Race 1
article redirect,https://oldseadogs.com/news/class40-top-guns-rolex-fastnet-race/,/news/class40-top-guns-rolex-fastnet-race/,https://www.oldseadogs.com/stories/news-class40-top-guns-rolex-fastnet-race,/stories/news-class40-top-guns-rolex-fastnet-race,301,News: Rolex Fastnet Race Class40 top guns
article redirect,https://oldseadogs.com/boat-reviews/ab-yachts-unveils-the-sporty-ab-110s-model-featuring-cutting-edge-retractable-technology/,/boat-reviews/ab-yachts-unveils-the-sporty-ab-110s-model-featuring-cutting-edge-retractable-technology/,https://www.oldseadogs.com/stories/boat-reviews-ab-yachts-unveils-the-sporty-ab-110s-model-featuring-cutting-edge-retractable-techn,/stories/boat-reviews-ab-yachts-unveils-the-sporty-ab-110s-model-featuring-cutting-edge-retractable-techn,301,Boat Reviews: AB Yachts Brings Automotive Inspiration to High Seas in Their New AB 110S Yacht
article redirect,https://oldseadogs.com/ports/cowes-yacht-heaven/,/ports/cowes-yacht-heaven/,https://www.oldseadogs.com/stories/ports-cowes-yacht-heaven,/stories/ports-cowes-yacht-heaven,301,Ports: Cowes Yacht Heaven
article redirect,https://oldseadogs.com/news/lessons-from-the-tragic-accident-of-yacht-bayesian/,/news/lessons-from-the-tragic-accident-of-yacht-bayesian/,https://www.oldseadogs.com/stories/news-lessons-from-the-tragic-accident-of-yacht-bayesian,/stories/news-lessons-from-the-tragic-accident-of-yacht-bayesian,301,News: The Bayesian Tragedy: Seeking Answers and Ensuring Safety in Yachting
article redirect,https://oldseadogs.com/boat-shows/ximena-yacht-a-showcase-of-design-excellence-and-high-performance/,/boat-shows/ximena-yacht-a-showcase-of-design-excellence-and-high-performance/,https://www.oldseadogs.com/stories/boat-shows-ximena-yacht-a-showcase-of-design-excellence-and-high-performance,/stories/boat-shows-ximena-yacht-a-showcase-of-design-excellence-and-high-performance,301,"Shows: Explore the XIMENA Yacht: A Fusion of Superior Technology, Sleek Design and Elite Comfort"
article redirect,https://oldseadogs.com/boat-reviews/a-sneak-peek-into-the-sophisticated-marex-390/,/boat-reviews/a-sneak-peek-into-the-sophisticated-marex-390/,https://www.oldseadogs.com/stories/boat-reviews-a-sneak-peek-into-the-sophisticated-marex-390,/stories/boat-reviews-a-sneak-peek-into-the-sophisticated-marex-390,301,Boat Reviews: A First Look at the Marex 390: Ample Spaces Encased in Expansive Windows
article redirect,https://oldseadogs.com/racing/dramatic-start-to-squib-nationals-at-torbay-yacht-club/,/racing/dramatic-start-to-squib-nationals-at-torbay-yacht-club/,https://www.oldseadogs.com/stories/racing-dramatic-start-to-squib-nationals-at-torbay-yacht-club,/stories/racing-dramatic-start-to-squib-nationals-at-torbay-yacht-club,301,"Racing: The 2025 Squib Nationals Take Off at Torbay - Brace Yourselves for Ups, Downs, and Wins!"
article redirect,https://oldseadogs.com/news/gulf-crafts-ascent-to-yachting-prominence-a-leaders-insight/,/news/gulf-crafts-ascent-to-yachting-prominence-a-leaders-insight/,https://www.oldseadogs.com/stories/news-gulf-crafts-ascent-to-yachting-prominence-a-leaders-insight,/stories/news-gulf-crafts-ascent-to-yachting-prominence-a-leaders-insight,301,News: An Insightful Dive into Gulf Craft Under the Leadership of Chairman Mohammed Hussein Alshaali
article redirect,https://oldseadogs.com/racing/hamilton-island-race-week-showcasing-olympic-sailing/,/racing/hamilton-island-race-week-showcasing-olympic-sailing/,https://www.oldseadogs.com/stories/racing-hamilton-island-race-week-showcasing-olympic-sailing,/stories/racing-hamilton-island-race-week-showcasing-olympic-sailing,301,Racing: Olympic Class Sailing in the Spotlight at 40th Hamilton Island Race Week
article redirect,https://oldseadogs.com/boat-reviews/nauta-design-unveils-futuristic-superyacht-concept-project-velor/,/boat-reviews/nauta-design-unveils-futuristic-superyacht-concept-project-velor/,https://www.oldseadogs.com/stories/boat-reviews-nauta-design-unveils-futuristic-superyacht-concept-project-velor,/stories/boat-reviews-nauta-design-unveils-futuristic-superyacht-concept-project-velor,301,Boat Reviews: Experience Openness at Sea: Nauta Design's New Wave in Luxury Yachting
article redirect,https://oldseadogs.com/news/port-vauban-revolutionizing-superia-yachting-with-liquid-hydrogen-bunkering/,/news/port-vauban-revolutionizing-superia-yachting-with-liquid-hydrogen-bunkering/,https://www.oldseadogs.com/stories/news-port-vauban-revolutionizing-superia-yachting-with-liquid-hydrogen-bunkering,/stories/news-port-vauban-revolutionizing-superia-yachting-with-liquid-hydrogen-bunkering,301,News: Emerging Eco-Friendly Yachting Trends: Port Vauban Debuts Liquid Hydrogen Bunkering for Superyachts
article redirect,https://oldseadogs.com/news/the-human-element-the-yachting-industrys-tug-of-war/,/news/the-human-element-the-yachting-industrys-tug-of-war/,https://www.oldseadogs.com/stories/news-the-human-element-the-yachting-industrys-tug-of-war,/stories/news-the-human-element-the-yachting-industrys-tug-of-war,301,"News: Assessing Salary and Benefits in the Yachting Industry: A Balanced Discussion on Compensation,Training and Retention"
article redirect,https://oldseadogs.com/news/thrilling-first-day-at-squib-national-championship-2025-at-royal-torbay-yacht-club/,/news/thrilling-first-day-at-squib-national-championship-2025-at-royal-torbay-yacht-club/,https://www.oldseadogs.com/stories/news-thrilling-first-day-at-squib-national-championship-2025-at-royal-torbay-yacht-club,/stories/news-thrilling-first-day-at-squib-national-championship-2025-at-royal-torbay-yacht-club,301,News: Squib Nationals 2025 Kicks Off a Sea-Worthy Spectacle: Thrills and Chills on Day 1
article redirect,https://oldseadogs.com/news/rs600-rooster-national-tour-makes-waves-at-warsash-sailing-club/,/news/rs600-rooster-national-tour-makes-waves-at-warsash-sailing-club/,https://www.oldseadogs.com/stories/news-rs600-rooster-national-tour-makes-waves-at-warsash-sailing-club,/stories/news-rs600-rooster-national-tour-makes-waves-at-warsash-sailing-club,301,News: Thrilling Encounters at the RS600 Rooster National Tour at Warsash; Sailors Deliver Remarkable Performances
article redirect,https://oldseadogs.com/news/seized-superyacht-royal-romance-to-undergo-maintenance-in-trogir-croatia/,/news/seized-superyacht-royal-romance-to-undergo-maintenance-in-trogir-croatia/,https://www.oldseadogs.com/stories/news-seized-superyacht-royal-romance-to-undergo-maintenance-in-trogir-croatia,/stories/news-seized-superyacht-royal-romance-to-undergo-maintenance-in-trogir-croatia,301,News: Under Arrest and Under Management: The Royal Romance Superyacht Shifts to Croatia for Essential Maintenance
article redirect,https://oldseadogs.com/lifestyle/understanding-the-benefits-of-subscription-based-boat-clubs/,/lifestyle/understanding-the-benefits-of-subscription-based-boat-clubs/,https://www.oldseadogs.com/stories/lifestyle-understanding-the-benefits-of-subscription-based-boat-clubs,/stories/lifestyle-understanding-the-benefits-of-subscription-based-boat-clubs,301,"Lifestyle: Diving into the World of Boat Clubs: More Pleasure, Less Hassle for Boating Enthusiasts"
article redirect,https://oldseadogs.com/news/daring-circumnavigation-for-a-cause-a-young-adventurers-journey/,/news/daring-circumnavigation-for-a-cause-a-young-adventurers-journey/,https://www.oldseadogs.com/stories/news-daring-circumnavigation-for-a-cause-a-young-adventurers-journey,/stories/news-daring-circumnavigation-for-a-cause-a-young-adventurers-journey,301,News: Unyielding Spirit Triumphs: A Solo Circumnavigation of the British Isles by a Charismatic Young Sailor
article redirect,https://oldseadogs.com/news/from-luxury-yacht-to-climate-research-vessel-the-transformation-of-malizia-explorer/,/news/from-luxury-yacht-to-climate-research-vessel-the-transformation-of-malizia-explorer/,https://www.oldseadogs.com/stories/news-from-luxury-yacht-to-climate-research-vessel-the-transformation-of-malizia-explorer,/stories/news-from-luxury-yacht-to-climate-research-vessel-the-transformation-of-malizia-explorer,301,News: Malizia Explorer: The Gripping Tale of a Private Yacht's Journey to Becoming a Sea-Loving Scientist
article redirect,https://oldseadogs.com/news/hargrave-superyachts-unveils-hargrave-125-superyacht/,/news/hargrave-superyachts-unveils-hargrave-125-superyacht/,https://www.oldseadogs.com/stories/news-hargrave-superyachts-unveils-hargrave-125-superyacht,/stories/news-hargrave-superyachts-unveils-hargrave-125-superyacht,301,News: New jewel in the sea: Hargrave Superyachts introduces the state-of-the-art Hargrave 125 at Turkish launch
article redirect,https://oldseadogs.com/boat-reviews/marine-masterpiece-new-benetti-oasis-34-motor-yacht-y-listed-for-sale/,/boat-reviews/marine-masterpiece-new-benetti-oasis-34-motor-yacht-y-listed-for-sale/,https://www.oldseadogs.com/stories/boat-reviews-marine-masterpiece-new-benetti-oasis-34-motor-yacht-y-listed-for-sale,/stories/boat-reviews-marine-masterpiece-new-benetti-oasis-34-motor-yacht-y-listed-for-sale,301,Boat Reviews: Newly Built High-end Benetti Oasis 34 Motor Yacht Y on the Market: An Exquisite Vessel with Remarkable Details
article redirect,https://oldseadogs.com/racing/trailing-the-ilca-4-youth-european-championships-2025-puck-poland/,/racing/trailing-the-ilca-4-youth-european-championships-2025-puck-poland/,https://www.oldseadogs.com/stories/racing-trailing-the-ilca-4-youth-european-championships-2025-puck-poland,/stories/racing-trailing-the-ilca-4-youth-european-championships-2025-puck-poland,301,Racing: Young Sailors Battle the Elements at the ILCA 4 Youth European Championships 2025 in Poland
article redirect,https://oldseadogs.com/racing/cannes-malta-race-the-latest-mediterranean-nautical-adventure/,/racing/cannes-malta-race-the-latest-mediterranean-nautical-adventure/,https://www.oldseadogs.com/stories/racing-cannes-malta-race-the-latest-mediterranean-nautical-adventure,/stories/racing-cannes-malta-race-the-latest-mediterranean-nautical-adventure,301,Racing: Experience the Premiere Cannes-Malta Race: Where Cinema Meets Sailing
article redirect,https://oldseadogs.com/boat-reviews/crescent-custom-yachts-maximus-iii-an-incomparable-voyage-awaits/,/boat-reviews/crescent-custom-yachts-maximus-iii-an-incomparable-voyage-awaits/,https://www.oldseadogs.com/stories/boat-reviews-crescent-custom-yachts-maximus-iii-an-incomparable-voyage-awaits,/stories/boat-reviews-crescent-custom-yachts-maximus-iii-an-incomparable-voyage-awaits,301,Boat Reviews: Unveiling the Grandeur of Maximus III: 37 meters of Custom-Fitted Superyacht Luxury Ready for Sea Trials
article redirect,https://oldseadogs.com/racing/curtain-rises-on-the-2025-imoca-globe-series-course-des-caps-sets-sail/,/racing/curtain-rises-on-the-2025-imoca-globe-series-course-des-caps-sets-sail/,https://www.oldseadogs.com/stories/racing-curtain-rises-on-the-2025-imoca-globe-series-course-des-caps-sets-sail,/stories/racing-curtain-rises-on-the-2025-imoca-globe-series-course-des-caps-sets-sail,301,Racing: World-class Fleet Embarks on Thrilling Journey as the 2025 IMOCA Globe Series Championship Commences
article redirect,https://oldseadogs.com/news/royal-yacht-relocation-amid-ukrainian-legal-reforms/,/news/royal-yacht-relocation-amid-ukrainian-legal-reforms/,https://www.oldseadogs.com/stories/news-royal-yacht-relocation-amid-ukrainian-legal-reforms,/stories/news-royal-yacht-relocation-amid-ukrainian-legal-reforms,301,"News: High-End Yacht, Royal Romance, Relocated Amid Pivotal Legal Reforms in Ukraine"
article redirect,https://oldseadogs.com/boat-reviews/splendid-30m-ferretti-motor-yacht-aurora-now-for-sale/,/boat-reviews/splendid-30m-ferretti-motor-yacht-aurora-now-for-sale/,https://www.oldseadogs.com/stories/boat-reviews-splendid-30m-ferretti-motor-yacht-aurora-now-for-sale,/stories/boat-reviews-splendid-30m-ferretti-motor-yacht-aurora-now-for-sale,301,Boat Reviews: Sail into Luxury with the 30.1m Aurora - Ferretti's Prized Motor Yacht Available for Purchase
article redirect,https://oldseadogs.com/boat-reviews/the-grand-arrival-of-heesens-sparta-superyacht/,/boat-reviews/the-grand-arrival-of-heesens-sparta-superyacht/,https://www.oldseadogs.com/stories/boat-reviews-the-grand-arrival-of-heesens-sparta-superyacht,/stories/boat-reviews-the-grand-arrival-of-heesens-sparta-superyacht,301,Boat Reviews: Heesen Celebrates the Grand Delivery of Their Largest Steel Superyacht 'Sparta'
article redirect,https://oldseadogs.com/boat-reviews/bering-unveils-its-largest-multihull-yet-the-bm50-se/,/boat-reviews/bering-unveils-its-largest-multihull-yet-the-bm50-se/,https://www.oldseadogs.com/stories/boat-reviews-bering-unveils-its-largest-multihull-yet-the-bm50-se,/stories/boat-reviews-bering-unveils-its-largest-multihull-yet-the-bm50-se,301,Boat Reviews: Introducing Bering’s Newest and Largest Powercat: A First Look at the BM50 SE
article redirect,https://oldseadogs.com/boat-reviews/exploring-the-best-electric-outboard-motors-crucial-options-for-zero-emission-propulsion/,/boat-reviews/exploring-the-best-electric-outboard-motors-crucial-options-for-zero-emission-propulsion/,https://www.oldseadogs.com/stories/boat-reviews-exploring-the-best-electric-outboard-motors-crucial-options-for-zero-emission-propu,/stories/boat-reviews-exploring-the-best-electric-outboard-motors-crucial-options-for-zero-emission-propu,301,Boat Reviews: Revolutionising Boating: Excellent Electric Outboard Motors Ushering in Zero-Emission Era
article redirect,https://oldseadogs.com/lifestyle/sailing-through-litigations-essential-lessons-from-the-superyacht-community/,/lifestyle/sailing-through-litigations-essential-lessons-from-the-superyacht-community/,https://www.oldseadogs.com/stories/lifestyle-sailing-through-litigations-essential-lessons-from-the-superyacht-community,/stories/lifestyle-sailing-through-litigations-essential-lessons-from-the-superyacht-community,301,Lifestyle: How to Blaze a Legal Trail in the Superyacht Community: Lessons from the Quarterdeck to the Courtroom
article redirect,https://oldseadogs.com/boat-reviews/european-client-acquires-second-unica-45m-steel-hull-from-isa-yachts/,/boat-reviews/european-client-acquires-second-unica-45m-steel-hull-from-isa-yachts/,https://www.oldseadogs.com/stories/boat-reviews-european-client-acquires-second-unica-45m-steel-hull-from-isa-yachts,/stories/boat-reviews-european-client-acquires-second-unica-45m-steel-hull-from-isa-yachts,301,Boat Reviews: ISA Yachts triumphs again with the sale of another Unica 45M Steel to a savvy European owner.
article redirect,https://oldseadogs.com/news/sailgp-heading-to-sassnitz-germany/,/news/sailgp-heading-to-sassnitz-germany/,https://www.oldseadogs.com/stories/news-sailgp-heading-to-sassnitz-germany,/stories/news-sailgp-heading-to-sassnitz-germany,301,News: SailGP on its way to Sassnitz
article redirect,https://oldseadogs.com/boat-reviews/the-cobra-campione-41-fly-delivering-exceptional-value-through-innovative-design/,/boat-reviews/the-cobra-campione-41-fly-delivering-exceptional-value-through-innovative-design/,https://www.oldseadogs.com/stories/boat-reviews-the-cobra-campione-41-fly-delivering-exceptional-value-through-innovative-design,/stories/boat-reviews-the-cobra-campione-41-fly-delivering-exceptional-value-through-innovative-design,301,Boat Reviews: Revel in the Massive Volume of the Cost-effective Cobra Campione 41 Fly: A Polish Marvel Redefining Yacht Value
article redirect,https://oldseadogs.com/gear/thrilling-watersport-experiences-discovering-the-best-boat-tubes-for-2025/,/gear/thrilling-watersport-experiences-discovering-the-best-boat-tubes-for-2025/,https://www.oldseadogs.com/stories/gear-thrilling-watersport-experiences-discovering-the-best-boat-tubes-for-2025,/stories/gear-thrilling-watersport-experiences-discovering-the-best-boat-tubes-for-2025,301,Gear: Unveiling the Best Boat Tubes of 2025: Exhilarating Journeys on the Water Await!
article redirect,https://oldseadogs.com/news/towards-regenerative-yachting-unveiling-the-water-revolution-foundations-roadmap-2050/,/news/towards-regenerative-yachting-unveiling-the-water-revolution-foundations-roadmap-2050/,https://www.oldseadogs.com/stories/news-towards-regenerative-yachting-unveiling-the-water-revolution-foundations-roadmap-2050,/stories/news-towards-regenerative-yachting-unveiling-the-water-revolution-foundations-roadmap-2050,301,News: Charting the Course to Net-Zero: How Roadmap 2050 Paves the Way for a Sustainable Yachting Future
article redirect,https://oldseadogs.com/boat-shows/26th-fiumanka-regatta-illuminates-rijekas-harbour-with-spirited-sail/,/boat-shows/26th-fiumanka-regatta-illuminates-rijekas-harbour-with-spirited-sail/,https://www.oldseadogs.com/stories/boat-shows-26th-fiumanka-regatta-illuminates-rijekas-harbour-with-spirited-sail,/stories/boat-shows-26th-fiumanka-regatta-illuminates-rijekas-harbour-with-spirited-sail,301,Shows: Experience the Uniting Force of the Sea at Rijeka's Vibrant Fiumanka Annual Race
article redirect,https://oldseadogs.com/news/azimut-benetti-groups-lusben-expands-with-new-sales-office-in-french-riviera/,/news/azimut-benetti-groups-lusben-expands-with-new-sales-office-in-french-riviera/,https://www.oldseadogs.com/stories/news-azimut-benetti-groups-lusben-expands-with-new-sales-office-in-french-riviera,/stories/news-azimut-benetti-groups-lusben-expands-with-new-sales-office-in-french-riviera,301,"News: Lusben Embarks on Global Growth Strategy with Newly Opened Sales Office in Antibes, France"
article redirect,https://oldseadogs.com/news/challenging-the-quiet-complicity-in-superyacht-culture/,/news/challenging-the-quiet-complicity-in-superyacht-culture/,https://www.oldseadogs.com/stories/news-challenging-the-quiet-complicity-in-superyacht-culture,/stories/news-challenging-the-quiet-complicity-in-superyacht-culture,301,News: Breaking the Silence: Challenging the Superyacht Industry's Quiet Complicity in Discrimination
article redirect,https://oldseadogs.com/boat-reviews/experience-luxury-at-sea-four-exquisite-motor-yachts-below-500000/,/boat-reviews/experience-luxury-at-sea-four-exquisite-motor-yachts-below-500000/,https://www.oldseadogs.com/stories/boat-reviews-experience-luxury-at-sea-four-exquisite-motor-yachts-below-500000,/stories/boat-reviews-experience-luxury-at-sea-four-exquisite-motor-yachts-below-500000,301,"Boat Reviews: Four Pristine, Affordable Motor Yachts Waiting to Embark on Your Next Adventure"
article redirect,https://oldseadogs.com/racing/mid-june-keelboat-weekend-at-bembridge-sailing-club/,/racing/mid-june-keelboat-weekend-at-bembridge-sailing-club/,https://www.oldseadogs.com/stories/racing-mid-june-keelboat-weekend-at-bembridge-sailing-club,/stories/racing-mid-june-keelboat-weekend-at-bembridge-sailing-club,301,Racing: A Spirited Weekend Race at Bembridge Sailing Club Sees Keen Competition and A Surprise Winner
article redirect,https://oldseadogs.com/news/nasiba-the-eco-friendly-flexplorer-146-yacht-embarks-on-maiden-voyage/,/news/nasiba-the-eco-friendly-flexplorer-146-yacht-embarks-on-maiden-voyage/,https://www.oldseadogs.com/stories/news-nasiba-the-eco-friendly-flexplorer-146-yacht-embarks-on-maiden-voyage,/stories/news-nasiba-the-eco-friendly-flexplorer-146-yacht-embarks-on-maiden-voyage,301,"News: Nasiba, the Third in the Outstanding Flexplorer 146 Series, Takes Sustainability and Adventure to New Heights"
article redirect,https://oldseadogs.com/racing/poole-bay-100-ukopra-offshore-powerboat-championship/,/racing/poole-bay-100-ukopra-offshore-powerboat-championship/,https://www.oldseadogs.com/stories/racing-poole-bay-100-ukopra-offshore-powerboat-championship,/stories/racing-poole-bay-100-ukopra-offshore-powerboat-championship,301,Racing: Poole Bay 100: UKOPRA offshore powerboat championship
article redirect,https://oldseadogs.com/news/revamp-of-polar-safety-code-and-critical-superyacht-living-conditions/,/news/revamp-of-polar-safety-code-and-critical-superyacht-living-conditions/,https://www.oldseadogs.com/stories/news-revamp-of-polar-safety-code-and-critical-superyacht-living-conditions,/stories/news-revamp-of-polar-safety-code-and-critical-superyacht-living-conditions,301,News: Emerging Insights on the Overhaul of the Polar Safety Code and Startling Reality of Superyacht Crew Living Conditions
article redirect,https://oldseadogs.com/news/sailing-high-exciting-winds-at-bembridge-and-medway-yacht-club-races/,/news/sailing-high-exciting-winds-at-bembridge-and-medway-yacht-club-races/,https://www.oldseadogs.com/stories/news-sailing-high-exciting-winds-at-bembridge-and-medway-yacht-club-races,/stories/news-sailing-high-exciting-winds-at-bembridge-and-medway-yacht-club-races,301,News: Thrilling Capers at Mid-June Bembridge and Medway Yacht Club Keelboat Regattas
article redirect,https://oldseadogs.com/news/change-of-date-for-2026-bvi-spring-regatta-sailing-festival/,/news/change-of-date-for-2026-bvi-spring-regatta-sailing-festival/,https://www.oldseadogs.com/stories/news-change-of-date-for-2026-bvi-spring-regatta-sailing-festival,/stories/news-change-of-date-for-2026-bvi-spring-regatta-sailing-festival,301,News: BVI Spring Regatta & Sailing Festival 2026
article redirect,https://oldseadogs.com/boat-reviews/oceanco-unveils-stunning-111m-superyacht-y726/,/boat-reviews/oceanco-unveils-stunning-111m-superyacht-y726/,https://www.oldseadogs.com/stories/boat-reviews-oceanco-unveils-stunning-111m-superyacht-y726,/stories/boat-reviews-oceanco-unveils-stunning-111m-superyacht-y726,301,Boat Reviews: Oceanco’s Masterpiece Y726: Embodying Bold Design Ambition and Robust Engineering
article redirect,https://oldseadogs.com/boat-reviews/seventh-amels-60-superyacht-memories-set-sail-for-charter-season/,/boat-reviews/seventh-amels-60-superyacht-memories-set-sail-for-charter-season/,https://www.oldseadogs.com/stories/boat-reviews-seventh-amels-60-superyacht-memories-set-sail-for-charter-season,/stories/boat-reviews-seventh-amels-60-superyacht-memories-set-sail-for-charter-season,301,Boat Reviews: Unfolding the Voyage of 'Memories': The Seventh Amels 60 Superyacht Ready for Charter Season
article redirect,https://oldseadogs.com/gear/understanding-the-practicality-uses-of-load-pins-for-boat-racing-cruising/,/gear/understanding-the-practicality-uses-of-load-pins-for-boat-racing-cruising/,https://www.oldseadogs.com/stories/gear-understanding-the-practicality-uses-of-load-pins-for-boat-racing-cruising,/stories/gear-understanding-the-practicality-uses-of-load-pins-for-boat-racing-cruising,301,Gear: Decoding the Art of Rigging: the Essentials of Load Pins in the World of Yacht Racing and Cruising
article redirect,https://oldseadogs.com/news/brindisi-anchors-adrenaline-packed-nastro-rosa-tour-2025/,/news/brindisi-anchors-adrenaline-packed-nastro-rosa-tour-2025/,https://www.oldseadogs.com/stories/news-brindisi-anchors-adrenaline-packed-nastro-rosa-tour-2025,/stories/news-brindisi-anchors-adrenaline-packed-nastro-rosa-tour-2025,301,News: Thrills and Solidarity Unfurl at Brindisi's Nastro Rosa Tour 2025 Regatta
article redirect,https://oldseadogs.com/news/italian-yacht-designer-roberto-curt%C3%B2-expands-to-americas-shores/,/news/italian-yacht-designer-roberto-curt%C3%B2-expands-to-americas-shores/,https://www.oldseadogs.com/stories/news-italian-yacht-designer-roberto-curto-expands-to-americas-shores,/stories/news-italian-yacht-designer-roberto-curto-expands-to-americas-shores,301,"News: Renowned Yacht Designer Roberto Curtò Opens New HQ in Fort Lauderdale, Eyeing the Heart of the American Yachting Market"
article redirect,https://oldseadogs.com/racing/ambrogio-beccaria-takes-helm-of-allagrande-mapei-for-imoca-debut/,/racing/ambrogio-beccaria-takes-helm-of-allagrande-mapei-for-imoca-debut/,https://www.oldseadogs.com/stories/racing-ambrogio-beccaria-takes-helm-of-allagrande-mapei-for-imoca-debut,/stories/racing-ambrogio-beccaria-takes-helm-of-allagrande-mapei-for-imoca-debut,301,"Racing: Sailor Ambrogio Beccaria, with Mapei, Takes Collective Strength into Prestigious IMOCA and The Ocean Race Europe"
article redirect,https://oldseadogs.com/news/women-sailors-reflect-on-the-admirals-cup-inclusion-rule/,/news/women-sailors-reflect-on-the-admirals-cup-inclusion-rule/,https://www.oldseadogs.com/stories/news-women-sailors-reflect-on-the-admirals-cup-inclusion-rule,/stories/news-women-sailors-reflect-on-the-admirals-cup-inclusion-rule,301,News: Women sailors reflect on the Admiral’s Cup inclusion rule
article redirect,https://oldseadogs.com/news/34m-horizon-motor-yacht-andrea-vi-experiences-1m-price-cut/,/news/34m-horizon-motor-yacht-andrea-vi-experiences-1m-price-cut/,https://www.oldseadogs.com/stories/news-34m-horizon-motor-yacht-andrea-vi-experiences-1m-price-cut,/stories/news-34m-horizon-motor-yacht-andrea-vi-experiences-1m-price-cut,301,News: A Cool Million Off: The 34m Horizon Yacht Andrea VI Slashes Sale Price!
article redirect,https://oldseadogs.com/racing/day-1-mubadala-new-york-sail-grand-prix/,/racing/day-1-mubadala-new-york-sail-grand-prix/,https://www.oldseadogs.com/stories/racing-day-1-mubadala-new-york-sail-grand-prix,/stories/racing-day-1-mubadala-new-york-sail-grand-prix,301,Racing: Diego Botin’s Spain SailGP Team leads
article redirect,https://oldseadogs.com/racing/irish-sailing-triumph-baltimore-sailing-club-secures-bronze-at-global-championship/,/racing/irish-sailing-triumph-baltimore-sailing-club-secures-bronze-at-global-championship/,https://www.oldseadogs.com/stories/racing-irish-sailing-triumph-baltimore-sailing-club-secures-bronze-at-global-championship,/stories/racing-irish-sailing-triumph-baltimore-sailing-club-secures-bronze-at-global-championship,301,Racing: Baltimore Sailing Club Celebrates Bronze Medal Win at Prestigious 2025 Team Racing World Championship
article redirect,https://oldseadogs.com/news/onyx-the-refined-riva-110-dolcevita-motor-yacht-finds-a-new-owner/,/news/onyx-the-refined-riva-110-dolcevita-motor-yacht-finds-a-new-owner/,https://www.oldseadogs.com/stories/news-onyx-the-refined-riva-110-dolcevita-motor-yacht-finds-a-new-owner,/stories/news-onyx-the-refined-riva-110-dolcevita-motor-yacht-finds-a-new-owner,301,News: The Exquisite 34m Riva Motor Yacht Onyx Entices Buyer Within 70 Days on Market
article redirect,https://oldseadogs.com/masterclass/planning-a-nautical-passage-across-the-english-channel/,/masterclass/planning-a-nautical-passage-across-the-english-channel/,https://www.oldseadogs.com/stories/masterclass-planning-a-nautical-passage-across-the-english-channel,/stories/masterclass-planning-a-nautical-passage-across-the-english-channel,301,Masterclass: A Sea-Voyager's Guide to Successfully Cross the English Channel: A Deep-Dive Into Nautical Planning
article redirect,https://oldseadogs.com/news/sanlorenzo-seals-deal-for-new-500exp-superyacht-variant/,/news/sanlorenzo-seals-deal-for-new-500exp-superyacht-variant/,https://www.oldseadogs.com/stories/news-sanlorenzo-seals-deal-for-new-500exp-superyacht-variant,/stories/news-sanlorenzo-seals-deal-for-new-500exp-superyacht-variant,301,News: Sanlorenzo Commits to Creating an Advanced Iteration of Its 500EXP Superyacht - A Treat for Greece's Keen Mariner
article redirect,https://oldseadogs.com/news/unharmonised-eu-customs-laws-pose-challenges-for-yacht-owners/,/news/unharmonised-eu-customs-laws-pose-challenges-for-yacht-owners/,https://www.oldseadogs.com/stories/news-unharmonised-eu-customs-laws-pose-challenges-for-yacht-owners,/stories/news-unharmonised-eu-customs-laws-pose-challenges-for-yacht-owners,301,News: Diverging Interpretations of EU Customs Rules Leave Superyacht Operators in Troubled Waters
article redirect,https://oldseadogs.com/news/wallys-inti-cube-the-exciting-fast-cruising-sloop-changes-hands/,/news/wallys-inti-cube-the-exciting-fast-cruising-sloop-changes-hands/,https://www.oldseadogs.com/stories/news-wallys-inti-cube-the-exciting-fast-cruising-sloop-changes-hands,/stories/news-wallys-inti-cube-the-exciting-fast-cruising-sloop-changes-hands,301,"News: Iconic, Fast-Cruising Sloop, Inti Cube from Wally Yachts, Wins Admirers Under New Ownership"
article redirect,https://oldseadogs.com/news/whopping-850k-price-reduction-on-the-alia-motor-yacht-ruya/,/news/whopping-850k-price-reduction-on-the-alia-motor-yacht-ruya/,https://www.oldseadogs.com/stories/news-whopping-850k-price-reduction-on-the-alia-motor-yacht-ruya,/stories/news-whopping-850k-price-reduction-on-the-alia-motor-yacht-ruya,301,News: €850k Deducted from the Asking Price of the Alia Motor Yacht Ruya – Snap it up Today!
article redirect,https://oldseadogs.com/news/expansion-at-numarine-as-new-sales-and-marketing-director-appointed/,/news/expansion-at-numarine-as-new-sales-and-marketing-director-appointed/,https://www.oldseadogs.com/stories/news-expansion-at-numarine-as-new-sales-and-marketing-director-appointed,/stories/news-expansion-at-numarine-as-new-sales-and-marketing-director-appointed,301,News: Numarine's Global Growth: Chris Gore Assumes Role as Sales and Marketing Director
article redirect,https://oldseadogs.com/racing/masters-of-the-seas-uk-nationals-2025-and-a-cat-championship-recap/,/racing/masters-of-the-seas-uk-nationals-2025-and-a-cat-championship-recap/,https://www.oldseadogs.com/stories/racing-masters-of-the-seas-uk-nationals-2025-and-a-cat-championship-recap,/stories/racing-masters-of-the-seas-uk-nationals-2025-and-a-cat-championship-recap,301,Racing: Age-Old Prowess Meets Fresh Ambition: Inside the 2025 UK Nationals and A-Cat European Championships
article redirect,https://oldseadogs.com/news/quay-group-expands-services-to-target-the-ultra-rich/,/news/quay-group-expands-services-to-target-the-ultra-rich/,https://www.oldseadogs.com/stories/news-quay-group-expands-services-to-target-the-ultra-rich,/stories/news-quay-group-expands-services-to-target-the-ultra-rich,301,News: Evolving with the Waves: Quay Group Sails Beyond Yachting to Cater to Ultra-High-Net-Worth Clients
article redirect,https://oldseadogs.com/boat-reviews/windy-sr40-the-ultimate-family-sports-boat/,/boat-reviews/windy-sr40-the-ultimate-family-sports-boat/,https://www.oldseadogs.com/stories/boat-reviews-windy-sr40-the-ultimate-family-sports-boat,/stories/boat-reviews-windy-sr40-the-ultimate-family-sports-boat,301,Boat Reviews: Discover the Windy SR40: An Innovative Family Boat with Unique Water Sports Capabilities
article redirect,https://oldseadogs.com/gear/dometic-dg3-a-game-changer-in-boat-gyro-stabilisers/,/gear/dometic-dg3-a-game-changer-in-boat-gyro-stabilisers/,https://www.oldseadogs.com/stories/gear-dometic-dg3-a-game-changer-in-boat-gyro-stabilisers,/stories/gear-dometic-dg3-a-game-changer-in-boat-gyro-stabilisers,301,Gear: Revolutionising Sea Stability with Dometic DG3’s Cutting-Edge Boat Gyro Stabiliser
article redirect,https://oldseadogs.com/news/poole-bay-100-offshore-powerboat/,/news/poole-bay-100-offshore-powerboat/,https://www.oldseadogs.com/stories/news-poole-bay-100-offshore-powerboat,/stories/news-poole-bay-100-offshore-powerboat,301,News: Poole Bay 100 Offshore Powerboat
article redirect,https://oldseadogs.com/boat-reviews/introducing-the-wellcraft-38-t-top-a-fusion-of-functionality-and-fun/,/boat-reviews/introducing-the-wellcraft-38-t-top-a-fusion-of-functionality-and-fun/,https://www.oldseadogs.com/stories/boat-reviews-introducing-the-wellcraft-38-t-top-a-fusion-of-functionality-and-fun,/stories/boat-reviews-introducing-the-wellcraft-38-t-top-a-fusion-of-functionality-and-fun,301,"Boat Reviews: Discover the Wellcraft 38 T Top, A Maritime Marvel Blending High Performance With Sociable Entertaining"
article redirect,https://oldseadogs.com/news/rebirth-of-the-classic-yacht-lady-esther/,/news/rebirth-of-the-classic-yacht-lady-esther/,https://www.oldseadogs.com/stories/news-rebirth-of-the-classic-yacht-lady-esther,/stories/news-rebirth-of-the-classic-yacht-lady-esther,301,News: The Dawn of a New Era for Classic Yacht Lady Esther following a Three-Year Refurbishment
article redirect,https://oldseadogs.com/news/the-bonds-flying-roos/,/news/the-bonds-flying-roos/,https://www.oldseadogs.com/stories/news-the-bonds-flying-roos,/stories/news-the-bonds-flying-roos,301,"News: THE ‘BONDS FLYING ROOS"""
article redirect,https://oldseadogs.com/racing/honours-to-zoulou-skippered-by-84-year-old-peter-cunningham/,/racing/honours-to-zoulou-skippered-by-84-year-old-peter-cunningham/,https://www.oldseadogs.com/stories/racing-honours-to-zoulou-skippered-by-84-year-old-peter-cunningham,/stories/racing-honours-to-zoulou-skippered-by-84-year-old-peter-cunningham,301,"Racing: Honours to Zoulou, skippered by 84-year-old Peter Cunningham"
article redirect,https://oldseadogs.com/racing/championship-triumph-womens-world-match-racing-tour-2025/,/racing/championship-triumph-womens-world-match-racing-tour-2025/,https://www.oldseadogs.com/stories/racing-championship-triumph-womens-world-match-racing-tour-2025,/stories/racing-championship-triumph-womens-world-match-racing-tour-2025,301,Racing: Team Baam Emerges Victorious at Women's World Match Racing Tour 2025 Santa Maria Cup Event
article redirect,https://oldseadogs.com/news/italian-magnificence-benetti-launches-class-44m-superyacht-fortitude1/,/news/italian-magnificence-benetti-launches-class-44m-superyacht-fortitude1/,https://www.oldseadogs.com/stories/news-italian-magnificence-benetti-launches-class-44m-superyacht-fortitude1,/stories/news-italian-magnificence-benetti-launches-class-44m-superyacht-fortitude1,301,News: Iconic Italian Shipyard Benetti Revels in the Launch of the Show-stopping Class 44M Superyacht ‘Fortitude1’
article redirect,https://oldseadogs.com/news/the-2025-river-exe-regatta-preview-a-starcross-yacht-club-event/,/news/the-2025-river-exe-regatta-preview-a-starcross-yacht-club-event/,https://www.oldseadogs.com/stories/news-the-2025-river-exe-regatta-preview-a-starcross-yacht-club-event,/stories/news-the-2025-river-exe-regatta-preview-a-starcross-yacht-club-event,301,News: Experience the Excitement of Open Water Dinghy Racing at the Starcross Yacht Club's 2025 River Exe Regatta
article redirect,https://oldseadogs.com/news/june-marine-auctions-hold-promise-for-sailing-enthusiasts/,/news/june-marine-auctions-hold-promise-for-sailing-enthusiasts/,https://www.oldseadogs.com/stories/news-june-marine-auctions-hold-promise-for-sailing-enthusiasts,/stories/news-june-marine-auctions-hold-promise-for-sailing-enthusiasts,301,"News: Dive into the Exciting World of June Marine Auctions, Unmissable Oppurtunity for Boating Connoisseurs"
article redirect,https://oldseadogs.com/racing/round-the-island-race-2025/,/racing/round-the-island-race-2025/,https://www.oldseadogs.com/stories/racing-round-the-island-race-2025,/stories/racing-round-the-island-race-2025,301,Racing: Round the Island Race 2025
article redirect,https://oldseadogs.com/news/royal-yachting-association-powers-community-impact-for-grand-prix/,/news/royal-yachting-association-powers-community-impact-for-grand-prix/,https://www.oldseadogs.com/stories/news-royal-yachting-association-powers-community-impact-for-grand-prix,/stories/news-royal-yachting-association-powers-community-impact-for-grand-prix,301,News: RYA Steps Up as Community Impact Partner for the Thrilling Emirates Great Britain Sail Grand Prix
article redirect,https://oldseadogs.com/racing/american-magic-quantum-racing-dominates-at-galicia-52-super-series/,/racing/american-magic-quantum-racing-dominates-at-galicia-52-super-series/,https://www.oldseadogs.com/stories/racing-american-magic-quantum-racing-dominates-at-galicia-52-super-series,/stories/racing-american-magic-quantum-racing-dominates-at-galicia-52-super-series,301,"Racing: At the Cusp of Victory, American Magic Quantum Racing Shines on Day 4 of the Galicia 52 Super Series Royal Cup"
article redirect,https://oldseadogs.com/news/learning-lessons-from-superyacht-fire-incident-after-dry-docking/,/news/learning-lessons-from-superyacht-fire-incident-after-dry-docking/,https://www.oldseadogs.com/stories/news-learning-lessons-from-superyacht-fire-incident-after-dry-docking,/stories/news-learning-lessons-from-superyacht-fire-incident-after-dry-docking,301,News: Incident Analysis Sheds Light on Safety Protocols for Superyachts: A Case Study of a Fire on a Large Motoryacht
article redirect,https://oldseadogs.com/lifestyle/venturing-beyond-the-sea-with-west-system-epoxy/,/lifestyle/venturing-beyond-the-sea-with-west-system-epoxy/,https://www.oldseadogs.com/stories/lifestyle-venturing-beyond-the-sea-with-west-system-epoxy,/stories/lifestyle-venturing-beyond-the-sea-with-west-system-epoxy,301,Lifestyle: Discover How a Yacht Miracle Worker Uses His Maritime Skills to Enrich the World of Bespoke Furniture Design
article redirect,https://oldseadogs.com/news/celebrating-female-sailors-at-women-on-water-festival-2025/,/news/celebrating-female-sailors-at-women-on-water-festival-2025/,https://www.oldseadogs.com/stories/news-celebrating-female-sailors-at-women-on-water-festival-2025,/stories/news-celebrating-female-sailors-at-women-on-water-festival-2025,301,News: Northern Ireland's Ballyholme Yacht Club Hosts Enthralling Women on Water Festival 2025
article redirect,https://oldseadogs.com/lifestyle/m/y-omnia-luxury-and-comfort-at-sea/,/lifestyle/m/y-omnia-luxury-and-comfort-at-sea/,https://www.oldseadogs.com/stories/lifestyle-y-omnia-luxury-and-comfort-at-sea,/stories/lifestyle-y-omnia-luxury-and-comfort-at-sea,301,Lifestyle: Experience Unforgettable Mediterranean Getaways Aboard the Exquisite M/Y Omnia
article redirect,https://oldseadogs.com/lifestyle/sea4all-pioneering-inclusive-sea-sports-in-lignano-italy/,/lifestyle/sea4all-pioneering-inclusive-sea-sports-in-lignano-italy/,https://www.oldseadogs.com/stories/lifestyle-sea4all-pioneering-inclusive-sea-sports-in-lignano-italy,/stories/lifestyle-sea4all-pioneering-inclusive-sea-sports-in-lignano-italy,301,"Lifestyle: Sea4All: Uplifting the Spirit of Inclusion with Thrilling Sea Sports Adventures in Lignano, Italy"
article redirect,https://oldseadogs.com/boat-reviews/touring-m/y-orion-a-look-at-the-ultramodern-van-der-valk-creation/,/boat-reviews/touring-m/y-orion-a-look-at-the-ultramodern-van-der-valk-creation/,https://www.oldseadogs.com/stories/boat-reviews-y-orion-a-look-at-the-ultramodern-van-der-valk-creation,/stories/boat-reviews-y-orion-a-look-at-the-ultramodern-van-der-valk-creation,301,Boat Reviews: Aboard M/Y Orion: Discover the Refinement and Elegance of this Unique Van der Valk Masterpiece
article redirect,https://oldseadogs.com/news/7th-moonen-martinique-yacht-sold-to-experienced-american-yachtsman/,/news/7th-moonen-martinique-yacht-sold-to-experienced-american-yachtsman/,https://www.oldseadogs.com/stories/news-7th-moonen-martinique-yacht-sold-to-experienced-american-yachtsman,/stories/news-7th-moonen-martinique-yacht-sold-to-experienced-american-yachtsman,301,News: Celebrating the Sale of the Seventh Moonen 122 Martinique to a Well-Versed American Enthusiast
article redirect,https://oldseadogs.com/boat-reviews/an-insiders-look-at-the-luxurious-pearl-63-yacht/,/boat-reviews/an-insiders-look-at-the-luxurious-pearl-63-yacht/,https://www.oldseadogs.com/stories/boat-reviews-an-insiders-look-at-the-luxurious-pearl-63-yacht,/stories/boat-reviews-an-insiders-look-at-the-luxurious-pearl-63-yacht,301,Boat Reviews: A Dive into Pearl 63 Luxury Yacht's Accommodations and Upgrades - The Epitome of Elegance for Eight
article redirect,https://oldseadogs.com/racing/captivating-championship-series-at-midlands-sailing-clubs/,/racing/captivating-championship-series-at-midlands-sailing-clubs/,https://www.oldseadogs.com/stories/racing-captivating-championship-series-at-midlands-sailing-clubs,/stories/racing-captivating-championship-series-at-midlands-sailing-clubs,301,Racing: Thrilling Weekend Regattas at Staunton Harold and Draycote Water Sailing Clubs
article redirect,https://oldseadogs.com/news/grit-and-glory-at-the-miracle-midlands-championship/,/news/grit-and-glory-at-the-miracle-midlands-championship/,https://www.oldseadogs.com/stories/news-grit-and-glory-at-the-miracle-midlands-championship,/stories/news-grit-and-glory-at-the-miracle-midlands-championship,301,News: Adventure and Resilience Shine at the Miracle Midlands Sailing Championship
article redirect,https://oldseadogs.com/news/lady-azul-superyacht-price-slashed-by-1m/,/news/lady-azul-superyacht-price-slashed-by-1m/,https://www.oldseadogs.com/stories/news-lady-azul-superyacht-price-slashed-by-1m,/stories/news-lady-azul-superyacht-price-slashed-by-1m,301,"News: The Exquisite Luxury Superyacht Lady Azul, Now Available with a €1M Reduction in Asking Price"
article redirect,https://oldseadogs.com/news/overmarines-29m-motor-yacht-sayonara-on-the-market/,/news/overmarines-29m-motor-yacht-sayonara-on-the-market/,https://www.oldseadogs.com/stories/news-overmarines-29m-motor-yacht-sayonara-on-the-market,/stories/news-overmarines-29m-motor-yacht-sayonara-on-the-market,301,"News: The Pristine Overmarine Motor Yacht, Sayonara, Heralds as a Perfect Turnkey Vessel for Discerning Buyers"
article redirect,https://oldseadogs.com/news/sailgp-hits-the-bookies-as-high-speed-catamarans-return-to-new-york/,/news/sailgp-hits-the-bookies-as-high-speed-catamarans-return-to-new-york/,https://www.oldseadogs.com/stories/news-sailgp-hits-the-bookies-as-high-speed-catamarans-return-to-new-york,/stories/news-sailgp-hits-the-bookies-as-high-speed-catamarans-return-to-new-york,301,News: Betting a head of Mubadala New York Sail Grand Prix
article redirect,https://oldseadogs.com/news/studying-market-trends-multihulls-and-yacht-sales/,/news/studying-market-trends-multihulls-and-yacht-sales/,https://www.oldseadogs.com/stories/news-studying-market-trends-multihulls-and-yacht-sales,/stories/news-studying-market-trends-multihulls-and-yacht-sales,301,News: Under the Microscope: The Rise and Dip of the Multihull Market & Surging Yacht Sales Value
article redirect,https://oldseadogs.com/boat-reviews/the-exquisite-t57-luxury-motor-yacht/,/boat-reviews/the-exquisite-t57-luxury-motor-yacht/,https://www.oldseadogs.com/stories/boat-reviews-the-exquisite-t57-luxury-motor-yacht,/stories/boat-reviews-the-exquisite-t57-luxury-motor-yacht,301,Boat Reviews: A Look at the Futuristic Design of the Vibrant T57: An Unrivaled Luxury Motor Yacht Experience
article redirect,https://oldseadogs.com/news/wild-thing-100-eyes-record-in-sydney-to-auckland-ocean-race/,/news/wild-thing-100-eyes-record-in-sydney-to-auckland-ocean-race/,https://www.oldseadogs.com/stories/news-wild-thing-100-eyes-record-in-sydney-to-auckland-ocean-race,/stories/news-wild-thing-100-eyes-record-in-sydney-to-auckland-ocean-race,301,News: Exploring Wild Thing 100's Innovative Updates Set to Challenge Sydney-Auckland Ocean Race Record
article redirect,https://oldseadogs.com/news/azimut-accelerates-expansion-in-asia-pacific-with-new-dealerships/,/news/azimut-accelerates-expansion-in-asia-pacific-with-new-dealerships/,https://www.oldseadogs.com/stories/news-azimut-accelerates-expansion-in-asia-pacific-with-new-dealerships,/stories/news-azimut-accelerates-expansion-in-asia-pacific-with-new-dealerships,301,News: Azimut Yachts Furthers Ventures into Asia-Pacific Region with New Partnerships in Indonesia and Australia
article redirect,https://oldseadogs.com/boat-shows/counting-down-to-the-superyacht-forum-2025-and-remembering-innorvation-25/,/boat-shows/counting-down-to-the-superyacht-forum-2025-and-remembering-innorvation-25/,https://www.oldseadogs.com/stories/boat-shows-counting-down-to-the-superyacht-forum-2025-and-remembering-innorvation-25,/stories/boat-shows-counting-down-to-the-superyacht-forum-2025-and-remembering-innorvation-25,301,"Shows: A Unique Blend of Networking, Innovation and Inspiration at The Superyacht Forum 2025 and InNORvation '25"
article redirect,https://oldseadogs.com/gear/dynamic-range-of-sailing-apparel-t-shirts-and-shorts-by-henri-lloyd/,/gear/dynamic-range-of-sailing-apparel-t-shirts-and-shorts-by-henri-lloyd/,https://www.oldseadogs.com/stories/gear-dynamic-range-of-sailing-apparel-t-shirts-and-shorts-by-henri-lloyd,/stories/gear-dynamic-range-of-sailing-apparel-t-shirts-and-shorts-by-henri-lloyd,301,Gear: Invigorate Your Sea and Shore Adventures with Henri-Lloyd's Dynamic Range of Sailing Apparel
article redirect,https://oldseadogs.com/news/frank-hugelmeyer-new-leader-of-icomia-board/,/news/frank-hugelmeyer-new-leader-of-icomia-board/,https://www.oldseadogs.com/stories/news-frank-hugelmeyer-new-leader-of-icomia-board,/stories/news-frank-hugelmeyer-new-leader-of-icomia-board,301,News: Frank Hugelmeyer Takes Reins as New President of International Council of Marine Industry Associations
article redirect,https://oldseadogs.com/news/italian-shipbuilders-showcase-sure-footed-growth-amid-industry-transformations/,/news/italian-shipbuilders-showcase-sure-footed-growth-amid-industry-transformations/,https://www.oldseadogs.com/stories/news-italian-shipbuilders-showcase-sure-footed-growth-amid-industry-transformations,/stories/news-italian-shipbuilders-showcase-sure-footed-growth-amid-industry-transformations,301,News: Discover How Italy’s Top Yacht Builders are Thriving Amidst Industry Shifts
article redirect,https://oldseadogs.com/news/numarine-unveils-new-explorer-yachts-37xp-and-26xp/,/news/numarine-unveils-new-explorer-yachts-37xp-and-26xp/,https://www.oldseadogs.com/stories/news-numarine-unveils-new-explorer-yachts-37xp-and-26xp,/stories/news-numarine-unveils-new-explorer-yachts-37xp-and-26xp,301,"News: Turkish Maritime Giant, Numarine, Boosts Product Line with Latest 37XP and 26XP Explorer Yachts"
article redirect,https://oldseadogs.com/news/rorc-centenary-rolex-fastnet-race/,/news/rorc-centenary-rolex-fastnet-race/,https://www.oldseadogs.com/stories/news-rorc-centenary-rolex-fastnet-race,/stories/news-rorc-centenary-rolex-fastnet-race,301,News: Record-sized fleet
article redirect,https://oldseadogs.com/news/classic-34m-yacht-maemere-undergoes-extensive-restoration/,/news/classic-34m-yacht-maemere-undergoes-extensive-restoration/,https://www.oldseadogs.com/stories/news-classic-34m-yacht-maemere-undergoes-extensive-restoration,/stories/news-classic-34m-yacht-maemere-undergoes-extensive-restoration,301,News: Historic Yacht Maemere Sees New Life as Restoration Efforts Gather Speed
article redirect,https://oldseadogs.com/boat-reviews/interstellar-a-new-design-frontier-in-superyacht-concepts/,/boat-reviews/interstellar-a-new-design-frontier-in-superyacht-concepts/,https://www.oldseadogs.com/stories/boat-reviews-interstellar-a-new-design-frontier-in-superyacht-concepts,/stories/boat-reviews-interstellar-a-new-design-frontier-in-superyacht-concepts,301,Boat Reviews: InMind Design's Interstellar: A Groundbreaking Superyacht Concept with a Futuristic VIP Cabin
article redirect,https://oldseadogs.com/news/cantieri-di-pisa-begins-construction-of-custom-40m-yacht/,/news/cantieri-di-pisa-begins-construction-of-custom-40m-yacht/,https://www.oldseadogs.com/stories/news-cantieri-di-pisa-begins-construction-of-custom-40m-yacht,/stories/news-cantieri-di-pisa-begins-construction-of-custom-40m-yacht,301,News: Cantieri di Pisa’s Custom Division Launches Construction of the First 40-Meter Yacht since its 2021 Acquisition
article redirect,https://oldseadogs.com/racing/casa-vela-cup-2025-st-francis-yacht-club-day-3-recap/,/racing/casa-vela-cup-2025-st-francis-yacht-club-day-3-recap/,https://www.oldseadogs.com/stories/racing-casa-vela-cup-2025-st-francis-yacht-club-day-3-recap,/stories/racing-casa-vela-cup-2025-st-francis-yacht-club-day-3-recap,301,"Racing: Captivating Day 3 at the Casa Vela Cup 2025: Semifinals Spur Heated Competitions, Setting Stage for the Final"
article redirect,https://oldseadogs.com/news/fd-future-boats-participate-in-the-11th-shenzhen-dapeng-cup-sailing-regatta/,/news/fd-future-boats-participate-in-the-11th-shenzhen-dapeng-cup-sailing-regatta/,https://www.oldseadogs.com/stories/news-fd-future-boats-participate-in-the-11th-shenzhen-dapeng-cup-sailing-regatta,/stories/news-fd-future-boats-participate-in-the-11th-shenzhen-dapeng-cup-sailing-regatta,301,News: Shenzhen Dapeng Cup Sailing Regatta: A New Day for FD Future Boats and Youth Sailing in China
article redirect,https://oldseadogs.com/boat-shows/launch-of-magnificent-tankoa-sportiva-55-second-unit-loewe/,/boat-shows/launch-of-magnificent-tankoa-sportiva-55-second-unit-loewe/,https://www.oldseadogs.com/stories/boat-shows-launch-of-magnificent-tankoa-sportiva-55-second-unit-loewe,/stories/boat-shows-launch-of-magnificent-tankoa-sportiva-55-second-unit-loewe,301,"Shows: The Alluring Impact of Tankoa Yacht's Newest Masterpiece, The Spectacular Loewe"
article redirect,https://oldseadogs.com/boat-shows/sanctuary-cove-international-boat-show/,/boat-shows/sanctuary-cove-international-boat-show/,https://www.oldseadogs.com/stories/boat-shows-sanctuary-cove-international-boat-show,/stories/boat-shows-sanctuary-cove-international-boat-show,301,Shows: SANCTUARY COVE INTERNATIONAL BOAT SHOW
article redirect,https://oldseadogs.com/news/xwave-another-noteworthy-addition-to-benettis-b.now-50m-series/,/news/xwave-another-noteworthy-addition-to-benettis-b.now-50m-series/,https://www.oldseadogs.com/stories/news-xwave-another-noteworthy-addition-to-benettis-b-now-50m-series,/stories/news-xwave-another-noteworthy-addition-to-benettis-b-now-50m-series,301,News: Meet XWave - The Latest Addition to the Impressive Benetti B.Now 50M Series with an Oasis Deck
article redirect,https://oldseadogs.com/news/atalanta-marine-ascends-to-cantieri-di-pisas-exclusive-representative/,/news/atalanta-marine-ascends-to-cantieri-di-pisas-exclusive-representative/,https://www.oldseadogs.com/stories/news-atalanta-marine-ascends-to-cantieri-di-pisas-exclusive-representative,/stories/news-atalanta-marine-ascends-to-cantieri-di-pisas-exclusive-representative,301,News: Atalanta Marine Earns Prestigious Recognition as Cantieri di Pisa's Sole Agent in Greece and Cyprus
article redirect,https://oldseadogs.com/boat-shows/heesen-opts-for-client-centric-strategy-with-yacht-shows/,/boat-shows/heesen-opts-for-client-centric-strategy-with-yacht-shows/,https://www.oldseadogs.com/stories/boat-shows-heesen-opts-for-client-centric-strategy-with-yacht-shows,/stories/boat-shows-heesen-opts-for-client-centric-strategy-with-yacht-shows,301,Shows: Heesen Reimagines Marketing Strategy: Foregoes Traditional Stands at Global Yacht Shows
article redirect,https://oldseadogs.com/news/historic-sydney-noumea-yacht-race-returns-after-pandemic-hiatus/,/news/historic-sydney-noumea-yacht-race-returns-after-pandemic-hiatus/,https://www.oldseadogs.com/stories/news-historic-sydney-noumea-yacht-race-returns-after-pandemic-hiatus,/stories/news-historic-sydney-noumea-yacht-race-returns-after-pandemic-hiatus,301,News: Sydney to Noumea Yacht Race: The Once-Fabled Ocean Passage Reignites After A 25-Year Hiatus And Covid Disruptions
article redirect,https://oldseadogs.com/lifestyle/renowned-sailing-photographer-tom-gruitt-dies-at-37/,/lifestyle/renowned-sailing-photographer-tom-gruitt-dies-at-37/,https://www.oldseadogs.com/stories/lifestyle-renowned-sailing-photographer-tom-gruitt-dies-at-37,/stories/lifestyle-renowned-sailing-photographer-tom-gruitt-dies-at-37,301,"Lifestyle: Remembering Tom Gruitt, the Prominent Sailing Photographer Who Brought Unprecedented Passion to His Craft"
article redirect,https://oldseadogs.com/racing/two-django-yachts-to-enter-the-admirals-cup-django/,/racing/two-django-yachts-to-enter-the-admirals-cup-django/,https://www.oldseadogs.com/stories/racing-two-django-yachts-to-enter-the-admirals-cup-django,/stories/racing-two-django-yachts-to-enter-the-admirals-cup-django,301,Racing: Django launches assault on the Admiral’s Cup
article redirect,https://oldseadogs.com/lifestyle/chasing-the-high-seas-barbecue-a-maritime-culinary-adventure/,/lifestyle/chasing-the-high-seas-barbecue-a-maritime-culinary-adventure/,https://www.oldseadogs.com/stories/lifestyle-chasing-the-high-seas-barbecue-a-maritime-culinary-adventure,/stories/lifestyle-chasing-the-high-seas-barbecue-a-maritime-culinary-adventure,301,Lifestyle: Experience the Perfect Open Sea Barbecue: The Ultimate Event in Maritime Gourmet Cooking
article redirect,https://oldseadogs.com/news/dakar-2026-summer-youth-olympic-games-sailing-equipment-revealed/,/news/dakar-2026-summer-youth-olympic-games-sailing-equipment-revealed/,https://www.oldseadogs.com/stories/news-dakar-2026-summer-youth-olympic-games-sailing-equipment-revealed,/stories/news-dakar-2026-summer-youth-olympic-games-sailing-equipment-revealed,301,News: World Sailing Embraces Techno293 as Chosen Equipment for the Summer Youth Olympic Games Dakar 2026
article redirect,https://oldseadogs.com/masterclass/mastering-motor-boat-trim-systems-a-comprehensive-guide/,/masterclass/mastering-motor-boat-trim-systems-a-comprehensive-guide/,https://www.oldseadogs.com/stories/masterclass-mastering-motor-boat-trim-systems-a-comprehensive-guide,/stories/masterclass-mastering-motor-boat-trim-systems-a-comprehensive-guide,301,Masterclass: An In-Depth Exploration of How Motor Boat Trim Systems Aid in Optimising Boating Performance and Experience
article redirect,https://oldseadogs.com/news/red-bull-italy-sailgp-team/,/news/red-bull-italy-sailgp-team/,https://www.oldseadogs.com/stories/news-red-bull-italy-sailgp-team,/stories/news-red-bull-italy-sailgp-team,301,News: Red Bull Italy SailGP Team
article redirect,https://oldseadogs.com/news/56m-alloy-sailing-yacht-salvaje-changes-hands/,/news/56m-alloy-sailing-yacht-salvaje-changes-hands/,https://www.oldseadogs.com/stories/news-56m-alloy-sailing-yacht-salvaje-changes-hands,/stories/news-56m-alloy-sailing-yacht-salvaje-changes-hands,301,News: The Legacy Continues: 56m Alloy Sailing Yacht Salvaje Marks New Chapter with Recent Sale
article redirect,https://oldseadogs.com/news/hill-robinson-launches-new-24/7-support-helpline-for-crew/,/news/hill-robinson-launches-new-24/7-support-helpline-for-crew/,https://www.oldseadogs.com/stories/news-7-support-helpline-for-crew,/stories/news-7-support-helpline-for-crew,301,News: Hill Robinson Innovates as it Introduces New 24/7 Emotional Support Helpline for Yacht Crew
article redirect,https://oldseadogs.com/boat-reviews/maxim-yachts-43-a-party-cruiser-for-16-guests/,/boat-reviews/maxim-yachts-43-a-party-cruiser-for-16-guests/,https://www.oldseadogs.com/stories/boat-reviews-maxim-yachts-43-a-party-cruiser-for-16-guests,/stories/boat-reviews-maxim-yachts-43-a-party-cruiser-for-16-guests,301,Boat Reviews: Introducing Maxim Yachts 43: A Classy Weekender Boat with Space for a Bigger Party
article redirect,https://oldseadogs.com/destinations/midweek-sailing-adventure-at-shotwick-lake/,/destinations/midweek-sailing-adventure-at-shotwick-lake/,https://www.oldseadogs.com/stories/destinations-midweek-sailing-adventure-at-shotwick-lake,/stories/destinations-midweek-sailing-adventure-at-shotwick-lake,301,Destinations: Explore the Thrilling Border Counties Midweek Sailing Experience at Scenic Shotwick Lake
article redirect,https://oldseadogs.com/boat-reviews/retro-meets-modern-a-transformation-of-ragtime/,/boat-reviews/retro-meets-modern-a-transformation-of-ragtime/,https://www.oldseadogs.com/stories/boat-reviews-retro-meets-modern-a-transformation-of-ragtime,/stories/boat-reviews-retro-meets-modern-a-transformation-of-ragtime,301,Boat Reviews: The Splendid Mix of Old and New: Ragtime Evolves into a Seamless Blend of Retro and Modern
article redirect,https://oldseadogs.com/racing/strategies-secrets-and-surprises-behind-the-americas-cup/,/racing/strategies-secrets-and-surprises-behind-the-americas-cup/,https://www.oldseadogs.com/stories/racing-strategies-secrets-and-surprises-behind-the-americas-cup,/stories/racing-strategies-secrets-and-surprises-behind-the-americas-cup,301,"Racing: Unveiling the Intrigue Behind the America's Cup: Key Updates, Venue Revelations and Tactical Maneuvers"
article redirect,https://oldseadogs.com/news/tall-ship-races-2025/,/news/tall-ship-races-2025/,https://www.oldseadogs.com/stories/news-tall-ship-races-2025,/stories/news-tall-ship-races-2025,301,News: The Tall Ship Races 2025
article redirect,https://oldseadogs.com/racing/the-admirals-cup/,/racing/the-admirals-cup/,https://www.oldseadogs.com/stories/racing-the-admirals-cup,/stories/racing-the-admirals-cup,301,Racing: The Admiral’s Cup
article redirect,https://oldseadogs.com/racing/thrilling-waves-of-the-2025-uk-firefighters-sailing-championship/,/racing/thrilling-waves-of-the-2025-uk-firefighters-sailing-championship/,https://www.oldseadogs.com/stories/racing-thrilling-waves-of-the-2025-uk-firefighters-sailing-championship,/stories/racing-thrilling-waves-of-the-2025-uk-firefighters-sailing-championship,301,Racing: The Unsung Heroes on the High Seas: Exploring the Exciting 2025 UK Firefighters Sailing Championship
article redirect,https://oldseadogs.com/news/global-voices-echo-for-healthier-seas-through-the-oceans-logbook/,/news/global-voices-echo-for-healthier-seas-through-the-oceans-logbook/,https://www.oldseadogs.com/stories/news-global-voices-echo-for-healthier-seas-through-the-oceans-logbook,/stories/news-global-voices-echo-for-healthier-seas-through-the-oceans-logbook,301,News: Discover How the Ocean's Logbook Seeks to Amplify Global Concerns for a Better Ocean
article redirect,https://oldseadogs.com/lifestyle/neglecting-standard-operating-procedures-in-diving/,/lifestyle/neglecting-standard-operating-procedures-in-diving/,https://www.oldseadogs.com/stories/lifestyle-neglecting-standard-operating-procedures-in-diving,/stories/lifestyle-neglecting-standard-operating-procedures-in-diving,301,Lifestyle: An In-depth Look at the Consequences of Neglecting Diving Standard Operating Procedures
article redirect,https://oldseadogs.com/racing/royal-spectacle-at-the-international-14-prince-of-wales-cup/,/racing/royal-spectacle-at-the-international-14-prince-of-wales-cup/,https://www.oldseadogs.com/stories/racing-royal-spectacle-at-the-international-14-prince-of-wales-cup,/stories/racing-royal-spectacle-at-the-international-14-prince-of-wales-cup,301,Racing: Infinity and Beyond: A Majestic Week at the International 14 Prince of Wales Cup
article redirect,https://oldseadogs.com/news/tall-ship-cuauht%C3%A9moc-collides-with-brooklyn-bridge/,/news/tall-ship-cuauht%C3%A9moc-collides-with-brooklyn-bridge/,https://www.oldseadogs.com/stories/news-tall-ship-cuauhtemoc-collides-with-brooklyn-bridge,/stories/news-tall-ship-cuauhtemoc-collides-with-brooklyn-bridge,301,News: Tall Ship Cuauhtémoc Collides with Brooklyn Bridge
article redirect,https://oldseadogs.com/boat-reviews/the-elegant-formosa-awaits-a-new-owner/,/boat-reviews/the-elegant-formosa-awaits-a-new-owner/,https://www.oldseadogs.com/stories/boat-reviews-the-elegant-formosa-awaits-a-new-owner,/stories/boat-reviews-the-elegant-formosa-awaits-a-new-owner,301,Boat Reviews: Seizing the Day in Style: The Formosa Yacht is Now Available for Purchase
article redirect,https://oldseadogs.com/gear/the-importance-of-javascript/,/gear/the-importance-of-javascript/,https://www.oldseadogs.com/stories/gear-the-importance-of-javascript,/stories/gear-the-importance-of-javascript,301,Gear: Unlock the Power of Digital Innovation with the Use of JavaScript
article redirect,https://oldseadogs.com/gear/asia-oceania-middle-east-africa-south-america-boat-manufacturers/,/gear/asia-oceania-middle-east-africa-south-america-boat-manufacturers/,https://www.oldseadogs.com/stories/gear-asia-oceania-middle-east-africa-south-america-boat-manufacturers,/stories/gear-asia-oceania-middle-east-africa-south-america-boat-manufacturers,301,"Gear: Asia & Oceania, Middle East & Africa, South America - Boat Manufacturers"
article redirect,https://oldseadogs.com/news/formula-1-monaco-grand-prix-2025/,/news/formula-1-monaco-grand-prix-2025/,https://www.oldseadogs.com/stories/news-formula-1-monaco-grand-prix-2025,/stories/news-formula-1-monaco-grand-prix-2025,301,News: Monaco Grand Prix 2025
article redirect,https://oldseadogs.com/racing/lanzarote-calero-sailing-team-ended-the-44cup-porto-cervo-showcasing-its-competitive-spirit/,/racing/lanzarote-calero-sailing-team-ended-the-44cup-porto-cervo-showcasing-its-competitive-spirit/,https://www.oldseadogs.com/stories/racing-lanzarote-calero-sailing-team-ended-the-44cup-porto-cervo-showcasing-its-competitive-spir,/stories/racing-lanzarote-calero-sailing-team-ended-the-44cup-porto-cervo-showcasing-its-competitive-spir,301,Racing: Lanzarote Calero Sailing Team ended the 44Cup Porto Cervo showcasing its competitive spirit
article redirect,https://oldseadogs.com/boat-reviews/mengi-yay-unveils-striking-interiors-of-pioneering-nl-50-plus-yacht/,/boat-reviews/mengi-yay-unveils-striking-interiors-of-pioneering-nl-50-plus-yacht/,https://www.oldseadogs.com/stories/boat-reviews-mengi-yay-unveils-striking-interiors-of-pioneering-nl-50-plus-yacht,/stories/boat-reviews-mengi-yay-unveils-striking-interiors-of-pioneering-nl-50-plus-yacht,301,Boat Reviews: Mengi Yay Unwraps First Interior Renderings of the Spectacular NL 50 Plus Yacht Model
article redirect,https://oldseadogs.com/ports/port-hercules/,/ports/port-hercules/,https://www.oldseadogs.com/stories/ports-port-hercules,/stories/ports-port-hercules,301,Ports: Port Hercules
article redirect,https://oldseadogs.com/boat-shows/sanctuary-cove-boat-show-sets-new-records/,/boat-shows/sanctuary-cove-boat-show-sets-new-records/,https://www.oldseadogs.com/stories/boat-shows-sanctuary-cove-boat-show-sets-new-records,/stories/boat-shows-sanctuary-cove-boat-show-sets-new-records,301,Shows: Officially the Largest Ever: Sanctuary Cove International Boat Show Shatters Previous Records
article redirect,https://oldseadogs.com/racing/the-100th-rolex-fastnet-race/,/racing/the-100th-rolex-fastnet-race/,https://www.oldseadogs.com/stories/racing-the-100th-rolex-fastnet-race,/stories/racing-the-100th-rolex-fastnet-race,301,Racing: The 100th Rolex Fastnet Race
article redirect,https://oldseadogs.com/news/the-platinum-anniversary-of-chase-sailing-club-70-years-of-sailing-excellence/,/news/the-platinum-anniversary-of-chase-sailing-club-70-years-of-sailing-excellence/,https://www.oldseadogs.com/stories/news-the-platinum-anniversary-of-chase-sailing-club-70-years-of-sailing-excellence,/stories/news-the-platinum-anniversary-of-chase-sailing-club-70-years-of-sailing-excellence,301,News: Celebrating Seven Decades on the Water: Chase Sailing Club Invites All to its Platinum Jubilee
article redirect,https://oldseadogs.com/boat-shows/38th-falmouth-classics-regatta/,/boat-shows/38th-falmouth-classics-regatta/,https://www.oldseadogs.com/stories/boat-shows-38th-falmouth-classics-regatta,/stories/boat-shows-38th-falmouth-classics-regatta,301,Shows: 38th Falmouth Classics Regatta
article redirect,https://oldseadogs.com/news/embark-on-the-adventure-of-abersoch-dinghy-week-2025/,/news/embark-on-the-adventure-of-abersoch-dinghy-week-2025/,https://www.oldseadogs.com/stories/news-embark-on-the-adventure-of-abersoch-dinghy-week-2025,/stories/news-embark-on-the-adventure-of-abersoch-dinghy-week-2025,301,News: Seize the Day: Thrilling Early Bird Entries Now Open for Abersoch Dinghy Week 2025
article redirect,https://oldseadogs.com/racing/fireball-world-championships-docking-at-the-english-riviera-in-2026/,/racing/fireball-world-championships-docking-at-the-english-riviera-in-2026/,https://www.oldseadogs.com/stories/racing-fireball-world-championships-docking-at-the-english-riviera-in-2026,/stories/racing-fireball-world-championships-docking-at-the-english-riviera-in-2026,301,Racing: English Riviera Set to Host the Thrilling Fireball World Championships in 2026
article redirect,https://oldseadogs.com/masterclass/mastering-tasar-sailing-a-comprehensive-guide/,/masterclass/mastering-tasar-sailing-a-comprehensive-guide/,https://www.oldseadogs.com/stories/masterclass-mastering-tasar-sailing-a-comprehensive-guide,/stories/masterclass-mastering-tasar-sailing-a-comprehensive-guide,301,"Masterclass: Ditch the Ordinary, Sail a Tasar: A Simplified Instructional Odyssey"
article redirect,https://oldseadogs.com/gear/the-game-changing-henri-lloyd-breeze-jacket/,/gear/the-game-changing-henri-lloyd-breeze-jacket/,https://www.oldseadogs.com/stories/gear-the-game-changing-henri-lloyd-breeze-jacket,/stories/gear-the-game-changing-henri-lloyd-breeze-jacket,301,"Gear: Embrace the Elements with the Henri-Lloyd Breeze Jacket: Feather-light, High-performance Wind Barrier"
article redirect,https://oldseadogs.com/news/celebrating-the-golden-jubilee-holt-streaker-tideway-race-at-ranelagh/,/news/celebrating-the-golden-jubilee-holt-streaker-tideway-race-at-ranelagh/,https://www.oldseadogs.com/stories/news-celebrating-the-golden-jubilee-holt-streaker-tideway-race-at-ranelagh,/stories/news-celebrating-the-golden-jubilee-holt-streaker-tideway-race-at-ranelagh,301,News: The Ranelagh Sailing Club Hosts the Spectacular Holt Streaker Golden Jubilee Tideway Race
article redirect,https://oldseadogs.com/news/cowes-week-sunsail-renew-sponsorship/,/news/cowes-week-sunsail-renew-sponsorship/,https://www.oldseadogs.com/stories/news-cowes-week-sunsail-renew-sponsorship,/stories/news-cowes-week-sunsail-renew-sponsorship,301,News: Cowes Week - Sunsail renew sponsorship
article redirect,https://oldseadogs.com/destinations/sailing-around-the-greek-islands-amalfi-coast-or-the-caribbean/,/destinations/sailing-around-the-greek-islands-amalfi-coast-or-the-caribbean/,https://www.oldseadogs.com/stories/destinations-sailing-around-the-greek-islands-amalfi-coast-or-the-caribbean,/stories/destinations-sailing-around-the-greek-islands-amalfi-coast-or-the-caribbean,301,Destinations: Unforgettable Adventures
article redirect,https://oldseadogs.com/boat-reviews/tested-the-rapid-charms-of-5-high-velocity-motor-yachts/,/boat-reviews/tested-the-rapid-charms-of-5-high-velocity-motor-yachts/,https://www.oldseadogs.com/stories/boat-reviews-tested-the-rapid-charms-of-5-high-velocity-motor-yachts,/stories/boat-reviews-tested-the-rapid-charms-of-5-high-velocity-motor-yachts,301,Boat Reviews: Thrilling Heights of Speed on Water: An In-depth Exploration of 5 Topnotch 40+ Knot Motor Yachts
article redirect,https://oldseadogs.com/racing/the-exhilarating-race-at-tynemouth-and-wpnsa-prince-of-wales-cup-week/,/racing/the-exhilarating-race-at-tynemouth-and-wpnsa-prince-of-wales-cup-week/,https://www.oldseadogs.com/stories/racing-the-exhilarating-race-at-tynemouth-and-wpnsa-prince-of-wales-cup-week,/stories/racing-the-exhilarating-race-at-tynemouth-and-wpnsa-prince-of-wales-cup-week,301,Racing: Sailing Enthusiasts Revel in Prince of Wales Cup Week: A Three-Day International 14 Class Regatta
article redirect,https://oldseadogs.com/racing/ukopra-offshore-powerboat-championships/,/racing/ukopra-offshore-powerboat-championships/,https://www.oldseadogs.com/stories/racing-ukopra-offshore-powerboat-championships,/stories/racing-ukopra-offshore-powerboat-championships,301,Racing: UKOPRA Offshore Powerboat Championships
article redirect,https://oldseadogs.com/racing/entering-the-daring-southern-cross-series/,/racing/entering-the-daring-southern-cross-series/,https://www.oldseadogs.com/stories/racing-entering-the-daring-southern-cross-series,/stories/racing-entering-the-daring-southern-cross-series,301,"Racing: Join the Elite, Embrace the Challenge: Entries are Open for the Iconic Southern Cross Series"
article redirect,https://oldseadogs.com/news/hit-the-waves-with-the-latest-entrant-elton-ii/,/news/hit-the-waves-with-the-latest-entrant-elton-ii/,https://www.oldseadogs.com/stories/news-hit-the-waves-with-the-latest-entrant-elton-ii,/stories/news-hit-the-waves-with-the-latest-entrant-elton-ii,301,News: Steer through Sea Serenity with West Nautical's Newest Star: Elton II Joins the Charter Market Circuit
article redirect,https://oldseadogs.com/boat-reviews/unveiling-level-43-st-the-quintessential-mediterranean-weekender/,/boat-reviews/unveiling-level-43-st-the-quintessential-mediterranean-weekender/,https://www.oldseadogs.com/stories/boat-reviews-unveiling-level-43-st-the-quintessential-mediterranean-weekender,/stories/boat-reviews-unveiling-level-43-st-the-quintessential-mediterranean-weekender,301,Boat Reviews: Behold the Level 43 ST: Reimagining Weekend Cruising in the Mediterranean
article redirect,https://oldseadogs.com/news/custom-line-cl-120-motor-yacht-sodan-sales-announcement/,/news/custom-line-cl-120-motor-yacht-sodan-sales-announcement/,https://www.oldseadogs.com/stories/news-custom-line-cl-120-motor-yacht-sodan-sales-announcement,/stories/news-custom-line-cl-120-motor-yacht-sodan-sales-announcement,301,News: Crafting Waves of Luxury: The 38m Custom Line CL 120 Motor Yacht Sodan Finds a New Owner
article redirect,https://oldseadogs.com/lifestyle/docuseries-uncharted-chronicles-the-unfurling-sails-of-jimmy-spithills-journey/,/lifestyle/docuseries-uncharted-chronicles-the-unfurling-sails-of-jimmy-spithills-journey/,https://www.oldseadogs.com/stories/lifestyle-docuseries-uncharted-chronicles-the-unfurling-sails-of-jimmy-spithills-journey,/stories/lifestyle-docuseries-uncharted-chronicles-the-unfurling-sails-of-jimmy-spithills-journey,301,Lifestyle: Explore the Triumphs and Sacrifices of Famed Sailor Jimmy Spithill in Upcoming Docuseries 'Uncharted'
article redirect,https://oldseadogs.com/boat-reviews/gypsy-moth-iv-the-iconic-british-yacht/,/boat-reviews/gypsy-moth-iv-the-iconic-british-yacht/,https://www.oldseadogs.com/stories/boat-reviews-gypsy-moth-iv-the-iconic-british-yacht,/stories/boat-reviews-gypsy-moth-iv-the-iconic-british-yacht,301,Boat Reviews: Sir Francis Chichester's Gypsy Moth IV
article redirect,https://oldseadogs.com/boat-reviews/introducing-the-67m-crn-motor-yacht-amor-%C3%A0-vida/,/boat-reviews/introducing-the-67m-crn-motor-yacht-amor-%C3%A0-vida/,https://www.oldseadogs.com/stories/boat-reviews-introducing-the-67m-crn-motor-yacht-amor-a-vida,/stories/boat-reviews-introducing-the-67m-crn-motor-yacht-amor-a-vida,301,Boat Reviews: Experience the Aquatic Unveiling of the Luxurious Custom-Created 67m CRN Motor Yacht – Amor à Vida
article redirect,https://oldseadogs.com/boat-reviews/journeying-with-the-fabulous-princess-f58/,/boat-reviews/journeying-with-the-fabulous-princess-f58/,https://www.oldseadogs.com/stories/boat-reviews-journeying-with-the-fabulous-princess-f58,/stories/boat-reviews-journeying-with-the-fabulous-princess-f58,301,Boat Reviews: Experience the Ultimate Luxury: The Highly Capable and Comfortable Princess F58 Reviewed
article redirect,https://oldseadogs.com/racing/topper-traveller-series-takes-stage-at-parkstone-yacht-club/,/racing/topper-traveller-series-takes-stage-at-parkstone-yacht-club/,https://www.oldseadogs.com/stories/racing-topper-traveller-series-takes-stage-at-parkstone-yacht-club,/stories/racing-topper-traveller-series-takes-stage-at-parkstone-yacht-club,301,"Racing: Boastful Wind, Topper Boats, and Highly-Skilled Sailors: The Thrill Of The Topper Traveller Series"
article redirect,https://oldseadogs.com/news/day-2-of-tre-golfi-sailing-week-ima-maxi-championship-series/,/news/day-2-of-tre-golfi-sailing-week-ima-maxi-championship-series/,https://www.oldseadogs.com/stories/news-day-2-of-tre-golfi-sailing-week-ima-maxi-championship-series,/stories/news-day-2-of-tre-golfi-sailing-week-ima-maxi-championship-series,301,News: Inshore Embellishments Shine on Day 2 of the Tre Golfi Sailing Week IMA Maxi Championship
article redirect,https://oldseadogs.com/masterclass/ilca-womens-sailing-coaching-weekend-glamour-and-grit/,/masterclass/ilca-womens-sailing-coaching-weekend-glamour-and-grit/,https://www.oldseadogs.com/stories/masterclass-ilca-womens-sailing-coaching-weekend-glamour-and-grit,/stories/masterclass-ilca-womens-sailing-coaching-weekend-glamour-and-grit,301,Masterclass: Dive into the Spectacular ILCA Women's Sailing Coaching Weekend at King George Club
article redirect,https://oldseadogs.com/masterclass/mastering-safe-maritime-passages-the-savvy-seafarers-guide/,/masterclass/mastering-safe-maritime-passages-the-savvy-seafarers-guide/,https://www.oldseadogs.com/stories/masterclass-mastering-safe-maritime-passages-the-savvy-seafarers-guide,/stories/masterclass-mastering-safe-maritime-passages-the-savvy-seafarers-guide,301,Masterclass: Embark on the Art of Navigating Oceans Safely: Unravel the Nautical Secrets with our Expert Guide
article redirect,https://oldseadogs.com/boat-shows/sanctuary-cove-boat-show-2025-show-stopping-highlights/,/boat-shows/sanctuary-cove-boat-show-2025-show-stopping-highlights/,https://www.oldseadogs.com/stories/boat-shows-sanctuary-cove-boat-show-2025-show-stopping-highlights,/stories/boat-shows-sanctuary-cove-boat-show-2025-show-stopping-highlights,301,Shows: Dive into the Sailing Stratosphere: Unravelling the Top 12 Marvels from the Sanctuary Cove Boat Show 2025
article redirect,https://oldseadogs.com/lifestyle/the-odyssey-of-the-52-super-series-fleet/,/lifestyle/the-odyssey-of-the-52-super-series-fleet/,https://www.oldseadogs.com/stories/lifestyle-the-odyssey-of-the-52-super-series-fleet,/stories/lifestyle-the-odyssey-of-the-52-super-series-fleet,301,Lifestyle: The Grand Adventure of the 52 Super Series Fleet in the Atlantic
article redirect,https://oldseadogs.com/racing/the-spectacular-rs-tera-sw-traveller-series-regatta/,/racing/the-spectacular-rs-tera-sw-traveller-series-regatta/,https://www.oldseadogs.com/stories/racing-the-spectacular-rs-tera-sw-traveller-series-regatta,/stories/racing-the-spectacular-rs-tera-sw-traveller-series-regatta,301,Racing: Breathtaking Action Awaits at the RS Tera SW Traveller Series at Whitefriars Sailing Club
article redirect,https://oldseadogs.com/boat-reviews/an-in-depth-review-of-the-temo-1000-electric-outboard/,/boat-reviews/an-in-depth-review-of-the-temo-1000-electric-outboard/,https://www.oldseadogs.com/stories/boat-reviews-an-in-depth-review-of-the-temo-1000-electric-outboard,/stories/boat-reviews-an-in-depth-review-of-the-temo-1000-electric-outboard,301,Boat Reviews: Delving Deep into the Capabilities of the Temo 1000 Electric Outboard: A Hands-On Experience
article redirect,https://oldseadogs.com/boat-reviews/benettis-magnificent-alfa-superyacht-makes-a-grand-comeback/,/boat-reviews/benettis-magnificent-alfa-superyacht-makes-a-grand-comeback/,https://www.oldseadogs.com/stories/boat-reviews-benettis-magnificent-alfa-superyacht-makes-a-grand-comeback,/stories/boat-reviews-benettis-magnificent-alfa-superyacht-makes-a-grand-comeback,301,Boat Reviews: Refurbished Luxury on the Open Seas: Benetti's 70m Alfa Superyacht Returns Post-Incredible Refit
article redirect,https://oldseadogs.com/racing/solo-midland-series-glamorous-racing-in-staffordshire/,/racing/solo-midland-series-glamorous-racing-in-staffordshire/,https://www.oldseadogs.com/stories/racing-solo-midland-series-glamorous-racing-in-staffordshire,/stories/racing-solo-midland-series-glamorous-racing-in-staffordshire,301,Racing: Unmasking the Thrills of the Allen Solo Midland Series at South Staffordshire Sailing Club
article redirect,https://oldseadogs.com/news/u.s.-sailing-market-rides-wave-of-positive-sentiment/,/news/u.s.-sailing-market-rides-wave-of-positive-sentiment/,https://www.oldseadogs.com/stories/news-u-s-sailing-market-rides-wave-of-positive-sentiment,/stories/news-u-s-sailing-market-rides-wave-of-positive-sentiment,301,News: Rising Tide: The U.S. Sailing Sector Surfs Waves of Optimism and Growing Confidence
article redirect,https://oldseadogs.com/racing/intrigue-afloat-at-east-kent-radio-sailing-clubs-spring-series/,/racing/intrigue-afloat-at-east-kent-radio-sailing-clubs-spring-series/,https://www.oldseadogs.com/stories/racing-intrigue-afloat-at-east-kent-radio-sailing-clubs-spring-series,/stories/racing-intrigue-afloat-at-east-kent-radio-sailing-clubs-spring-series,301,Racing: Embracing the thrill and excitement of the East Kent Radio Sailing Club DF95 Spring Series at Barton's Point Coastal Park
article redirect,https://oldseadogs.com/lifestyle/revolutionary-maritime-book-launch-the-shrink-in-the-drink/,/lifestyle/revolutionary-maritime-book-launch-the-shrink-in-the-drink/,https://www.oldseadogs.com/stories/lifestyle-revolutionary-maritime-book-launch-the-shrink-in-the-drink,/stories/lifestyle-revolutionary-maritime-book-launch-the-shrink-in-the-drink,301,Lifestyle: Witness 'The Shrink in the Drink': Possibly the First-of-its-Kind High-Seas Book Launch
article redirect,https://oldseadogs.com/boat-reviews/discover-the-best-modern-classic-motor-yachts-currently-available/,/boat-reviews/discover-the-best-modern-classic-motor-yachts-currently-available/,https://www.oldseadogs.com/stories/boat-reviews-discover-the-best-modern-classic-motor-yachts-currently-available,/stories/boat-reviews-discover-the-best-modern-classic-motor-yachts-currently-available,301,Boat Reviews: Explore the Finest Four Modern Classics: Motor Yachts Breathtakingly Available Now
article redirect,https://oldseadogs.com/racing/epic-kick-off-first-day-of-the-2025-cumberland-cup/,/racing/epic-kick-off-first-day-of-the-2025-cumberland-cup/,https://www.oldseadogs.com/stories/racing-epic-kick-off-first-day-of-the-2025-cumberland-cup,/stories/racing-epic-kick-off-first-day-of-the-2025-cumberland-cup,301,Racing: Excitement Sets Sail on Day 1 of the Cumberland Cup 2025 at Royal Thames Yacht Club
article redirect,https://oldseadogs.com/masterclass/womens-ilca-coaching-programme-sails-internationally/,/masterclass/womens-ilca-coaching-programme-sails-internationally/,https://www.oldseadogs.com/stories/masterclass-womens-ilca-coaching-programme-sails-internationally,/stories/masterclass-womens-ilca-coaching-programme-sails-internationally,301,Masterclass: Riding the Waves of Empowerment: ILCA Women's Coaching Programme Sets Sail Internationally at Wildwind
article redirect,https://oldseadogs.com/racing/74-islands-distillery-airlie-beach-race-week-beyond-the-century-mark/,/racing/74-islands-distillery-airlie-beach-race-week-beyond-the-century-mark/,https://www.oldseadogs.com/stories/racing-74-islands-distillery-airlie-beach-race-week-beyond-the-century-mark,/stories/racing-74-islands-distillery-airlie-beach-race-week-beyond-the-century-mark,301,"Racing: 74 Islands Distillery Airlie Beach Race Week Pulls in Over a Hundred Entries, Setting New Records"
article redirect,https://oldseadogs.com/gear/boat-manufacturers-north-america-usa-canada/,/gear/boat-manufacturers-north-america-usa-canada/,https://www.oldseadogs.com/stories/gear-boat-manufacturers-north-america-usa-canada,/stories/gear-boat-manufacturers-north-america-usa-canada,301,Gear: North America - Boat Manufacturers
article redirect,https://oldseadogs.com/masterclass/gypsy-moth-iv-the-iconic-british-yacht/,/masterclass/gypsy-moth-iv-the-iconic-british-yacht/,https://www.oldseadogs.com/stories/masterclass-gypsy-moth-iv-the-iconic-british-yacht,/stories/masterclass-gypsy-moth-iv-the-iconic-british-yacht,301,Masterclass: Sir Francis Chichester's Gypsy Moth IV
article redirect,https://oldseadogs.com/boat-shows/highlighting-stellar-vessels-at-the-british-motor-yacht-show/,/boat-shows/highlighting-stellar-vessels-at-the-british-motor-yacht-show/,https://www.oldseadogs.com/stories/boat-shows-highlighting-stellar-vessels-at-the-british-motor-yacht-show,/stories/boat-shows-highlighting-stellar-vessels-at-the-british-motor-yacht-show,301,Shows: Witness Breathtaking Luxury on Water - Must-See Yachts at the British Motor Yacht Show
article redirect,https://oldseadogs.com/news/italy-basks-in-spotlight-as-2027-americas-cup-host/,/news/italy-basks-in-spotlight-as-2027-americas-cup-host/,https://www.oldseadogs.com/stories/news-italy-basks-in-spotlight-as-2027-americas-cup-host,/stories/news-italy-basks-in-spotlight-as-2027-americas-cup-host,301,News: Naples Prepares to Welcome Elite Yachting Community for the Louis Vuitton 38th America's Cup in 2027
article redirect,https://oldseadogs.com/boat-reviews/revamped-d29-by-de-antonio-superior-water-entry/,/boat-reviews/revamped-d29-by-de-antonio-superior-water-entry/,https://www.oldseadogs.com/stories/boat-reviews-revamped-d29-by-de-antonio-superior-water-entry,/stories/boat-reviews-revamped-d29-by-de-antonio-superior-water-entry,301,Boat Reviews: Exceptional Upgrade: De Antonio's D29's Redesigned Hull Ensures Smoother Nautical Adventures
article redirect,https://oldseadogs.com/lifestyle/mastering-sun-defense-on-the-high-seas/,/lifestyle/mastering-sun-defense-on-the-high-seas/,https://www.oldseadogs.com/stories/lifestyle-mastering-sun-defense-on-the-high-seas,/stories/lifestyle-mastering-sun-defense-on-the-high-seas,301,Lifestyle: Conquer Sunburn At Sea: Your Comprehensive Guide on Sun Protection While Sailing
article redirect,https://oldseadogs.com/boat-reviews/origin-series-a-new-voyage-by-evene-tenders/,/boat-reviews/origin-series-a-new-voyage-by-evene-tenders/,https://www.oldseadogs.com/stories/boat-reviews-origin-series-a-new-voyage-by-evene-tenders,/stories/boat-reviews-origin-series-a-new-voyage-by-evene-tenders,301,"Boat Reviews: Set Sail with the Origin Series, a Terrific New Addition from Renowned Boat Makers, Evene Tenders."
article redirect,https://oldseadogs.com/boat-reviews/redefining-maritime-elegance-an-in-depth-look-at-the-fjord-39-xl/,/boat-reviews/redefining-maritime-elegance-an-in-depth-look-at-the-fjord-39-xl/,https://www.oldseadogs.com/stories/boat-reviews-redefining-maritime-elegance-an-in-depth-look-at-the-fjord-39-xl,/stories/boat-reviews-redefining-maritime-elegance-an-in-depth-look-at-the-fjord-39-xl,301,Boat Reviews: Discover True Nautical Innovation With the Fjord 39 XL: Boat Design Reimagined
article redirect,https://oldseadogs.com/racing/rousing-race-day-at-dragon-world-championship-in-portugal/,/racing/rousing-race-day-at-dragon-world-championship-in-portugal/,https://www.oldseadogs.com/stories/racing-rousing-race-day-at-dragon-world-championship-in-portugal,/stories/racing-rousing-race-day-at-dragon-world-championship-in-portugal,301,"Racing: Unraveling the Thrills of Day 3 at the Dragon World Championship Held At Vilamoura, Portugal"
article redirect,https://oldseadogs.com/news/royal-huisman-unveils-new-super-sized-sailing-yacht/,/news/royal-huisman-unveils-new-super-sized-sailing-yacht/,https://www.oldseadogs.com/stories/news-royal-huisman-unveils-new-super-sized-sailing-yacht,/stories/news-royal-huisman-unveils-new-super-sized-sailing-yacht,301,News: Explore the Majestic Seas with Royal Huisman's Newly Unveiled Super-Sized Sailing Yacht
article redirect,https://oldseadogs.com/gear/seafarers-essential-exposure-marine-fastnet-race-kit/,/gear/seafarers-essential-exposure-marine-fastnet-race-kit/,https://www.oldseadogs.com/stories/gear-seafarers-essential-exposure-marine-fastnet-race-kit,/stories/gear-seafarers-essential-exposure-marine-fastnet-race-kit,301,Gear: Gear Up with the Exposure Marine Fastnet Race Kit: Unveiling the Unmatched Edge
article redirect,https://oldseadogs.com/lifestyle/affluence-in-affection-for-the-beneteaus/,/lifestyle/affluence-in-affection-for-the-beneteaus/,https://www.oldseadogs.com/stories/lifestyle-affluence-in-affection-for-the-beneteaus,/stories/lifestyle-affluence-in-affection-for-the-beneteaus,301,Lifestyle: Experience the Luxurious Affection for the Majestic Beneteaus: A Glance into the World's Elite Yachts
article redirect,https://oldseadogs.com/news/australian-sailing-unveils-status-report-for-2025-strategy/,/news/australian-sailing-unveils-status-report-for-2025-strategy/,https://www.oldseadogs.com/stories/news-australian-sailing-unveils-status-report-for-2025-strategy,/stories/news-australian-sailing-unveils-status-report-for-2025-strategy,301,News: Sailing Towards the Future: Analyzing the 2025 Strategy Status Report Released by Australian Sailing
article redirect,https://oldseadogs.com/boat-reviews/steeler-b62-beach-club-a-yacht-built-for-luxury-and-comfort/,/boat-reviews/steeler-b62-beach-club-a-yacht-built-for-luxury-and-comfort/,https://www.oldseadogs.com/stories/boat-reviews-steeler-b62-beach-club-a-yacht-built-for-luxury-and-comfort,/stories/boat-reviews-steeler-b62-beach-club-a-yacht-built-for-luxury-and-comfort,301,"Boat Reviews: Experience the Luxurious Comfort of Driving the Steeler B62 Beach Club Yacht, All While Lounging on a Leather Sofa"
article redirect,https://oldseadogs.com/racing/the-thrilling-contender-open-at-yorkshire-dales/,/racing/the-thrilling-contender-open-at-yorkshire-dales/,https://www.oldseadogs.com/stories/racing-the-thrilling-contender-open-at-yorkshire-dales,/stories/racing-the-thrilling-contender-open-at-yorkshire-dales,301,Racing: Experience the Excitement of the Contender Open at Yorkshire Dales Sailing Club
article redirect,https://oldseadogs.com/news/garmin-the-official-weather-forecast-sponsor-for-cowes-week-2025./,/news/garmin-the-official-weather-forecast-sponsor-for-cowes-week-2025./,https://www.oldseadogs.com/stories/news-garmin-the-official-weather-forecast-sponsor-for-cowes-week-2025,/stories/news-garmin-the-official-weather-forecast-sponsor-for-cowes-week-2025,301,News: Garmin Renews Sponsorship as Official Weather Forecast Partner for Cowes Week 2025
article redirect,https://oldseadogs.com/boat-reviews/clash-of-titans-pyewacket-70-vs.-kialoa-iii./,/boat-reviews/clash-of-titans-pyewacket-70-vs.-kialoa-iii./,https://www.oldseadogs.com/stories/boat-reviews-clash-of-titans-pyewacket-70-vs-kialoa-iii,/stories/boat-reviews-clash-of-titans-pyewacket-70-vs-kialoa-iii,301,Boat Reviews: Discover the Thrilling Dichotomy Between Two Titans of the Sea: Pyewacket 70 and Kialoa III.
article redirect,https://oldseadogs.com/lifestyle/feadships-hybrid-80m-superyacht-faiths-inaugural-voyage/,/lifestyle/feadships-hybrid-80m-superyacht-faiths-inaugural-voyage/,https://www.oldseadogs.com/stories/lifestyle-feadships-hybrid-80m-superyacht-faiths-inaugural-voyage,/stories/lifestyle-feadships-hybrid-80m-superyacht-faiths-inaugural-voyage,301,"Lifestyle: Journey with Feadship's Hybrid 80m Superyacht, Faith, on its Spectacular Maiden Voyage"
article redirect,https://oldseadogs.com/boat-shows/tanase-unveils-striking-80m-simply-custom-yacht-ardour/,/boat-shows/tanase-unveils-striking-80m-simply-custom-yacht-ardour/,https://www.oldseadogs.com/stories/boat-shows-tanase-unveils-striking-80m-simply-custom-yacht-ardour,/stories/boat-shows-tanase-unveils-striking-80m-simply-custom-yacht-ardour,301,"Shows: Demetrius Tanase Reveals 'Ardour', an Emotive 80m Conceptual Yacht Beast From the Sea"
article redirect,https://oldseadogs.com/boat-shows/tony-castros-48m-motor-sailer-unveiled-with-dual-arrangement/,/boat-shows/tony-castros-48m-motor-sailer-unveiled-with-dual-arrangement/,https://www.oldseadogs.com/stories/boat-shows-tony-castros-48m-motor-sailer-unveiled-with-dual-arrangement,/stories/boat-shows-tony-castros-48m-motor-sailer-unveiled-with-dual-arrangement,301,Shows: Tony Castro Presents New 48m Motor-Sailer Concept Featuring Unique Dual Layout
article redirect,https://oldseadogs.com/racing/wave-slicing-action-begins-at-coych-hy%C3%A8res/,/racing/wave-slicing-action-begins-at-coych-hy%C3%A8res/,https://www.oldseadogs.com/stories/racing-wave-slicing-action-begins-at-coych-hyeres,/stories/racing-wave-slicing-action-begins-at-coych-hyeres,301,Racing: Action-Packed Opening Day at COYCH Hyères Cape 31 Med Circuit
article redirect,https://oldseadogs.com/boat-shows/2025-womens-sailing-extravaganza-a-preview/,/boat-shows/2025-womens-sailing-extravaganza-a-preview/,https://www.oldseadogs.com/stories/boat-shows-2025-womens-sailing-extravaganza-a-preview,/stories/boat-shows-2025-womens-sailing-extravaganza-a-preview,301,Shows: Charting the Course: A Look Ahead to the Leo Wealth 2025 Women's Sailing Festival
article redirect,https://oldseadogs.com/news/loft-57s-latest-podcast-episode-is-now-streaming/,/news/loft-57s-latest-podcast-episode-is-now-streaming/,https://www.oldseadogs.com/stories/news-loft-57s-latest-podcast-episode-is-now-streaming,/stories/news-loft-57s-latest-podcast-episode-is-now-streaming,301,News: Dive Into Adventure with Loft 57's Freshly Released Podcast Episode
article redirect,https://oldseadogs.com/gear/revolutionizing-sailing-the-radio-controlled-wave/,/gear/revolutionizing-sailing-the-radio-controlled-wave/,https://www.oldseadogs.com/stories/gear-revolutionizing-sailing-the-radio-controlled-wave,/stories/gear-revolutionizing-sailing-the-radio-controlled-wave,301,Gear: The New Era in Sailing: Discover the Unseen Journey of Radio-Controlled Adventures in Dovestone
article redirect,https://oldseadogs.com/racing/ultim-class-unveils-race-programme-until-2028/,/racing/ultim-class-unveils-race-programme-until-2028/,https://www.oldseadogs.com/stories/racing-ultim-class-unveils-race-programme-until-2028,/stories/racing-ultim-class-unveils-race-programme-until-2028,301,Racing: Sailing the Seas till 2028: An Exclusive Glimpse into ULTIM® Class's Upcoming Races
article redirect,https://oldseadogs.com/gear/experience-the-revolution-henri-lloyds-dynamic-lite-jacket/,/gear/experience-the-revolution-henri-lloyds-dynamic-lite-jacket/,https://www.oldseadogs.com/stories/gear-experience-the-revolution-henri-lloyds-dynamic-lite-jacket,/stories/gear-experience-the-revolution-henri-lloyds-dynamic-lite-jacket,301,Gear: The All-New Henri-Lloyd Dynamic Lite Jacket: Unleash a New Wave of Style and Comfort at Sea
article redirect,https://oldseadogs.com/boat-reviews/kiboko-4-the-sailing-superyacht-of-the-year/,/boat-reviews/kiboko-4-the-sailing-superyacht-of-the-year/,https://www.oldseadogs.com/stories/boat-reviews-kiboko-4-the-sailing-superyacht-of-the-year,/stories/boat-reviews-kiboko-4-the-sailing-superyacht-of-the-year,301,"Boat Reviews: Sail the High Seas with Kiboko 4, Crowned the Sailing Superyacht of the Year"
article redirect,https://oldseadogs.com/lifestyle/making-a-statement-the-carbon-craftsmanship/,/lifestyle/making-a-statement-the-carbon-craftsmanship/,https://www.oldseadogs.com/stories/lifestyle-making-a-statement-the-carbon-craftsmanship,/stories/lifestyle-making-a-statement-the-carbon-craftsmanship,301,Lifestyle: Assert Your Sea-bound Sophistication with the Exquisite Carbon Constructs
article redirect,https://oldseadogs.com/boat-shows/metstrade-2025-welcoming-the-superyacht-startup-venture/,/boat-shows/metstrade-2025-welcoming-the-superyacht-startup-venture/,https://www.oldseadogs.com/stories/boat-shows-metstrade-2025-welcoming-the-superyacht-startup-venture,/stories/boat-shows-metstrade-2025-welcoming-the-superyacht-startup-venture,301,Shows: Metstrade 2025 Set to Debut a New Landscape with Superyacht Startup Space
article redirect,https://oldseadogs.com/boat-reviews/previewing-the-pardo-endurance-72-a-sleek-cruising-phenomenon/,/boat-reviews/previewing-the-pardo-endurance-72-a-sleek-cruising-phenomenon/,https://www.oldseadogs.com/stories/boat-reviews-previewing-the-pardo-endurance-72-a-sleek-cruising-phenomenon,/stories/boat-reviews-previewing-the-pardo-endurance-72-a-sleek-cruising-phenomenon,301,Boat Reviews: Unveiling the Beauty and Power of the Pardo Endurance 72: A New Jewel on the Seas.
article redirect,https://oldseadogs.com/news/sustainability-in-sailing-olympic-champion-hannah-mills-leads-the-way/,/news/sustainability-in-sailing-olympic-champion-hannah-mills-leads-the-way/,https://www.oldseadogs.com/stories/news-sustainability-in-sailing-olympic-champion-hannah-mills-leads-the-way,/stories/news-sustainability-in-sailing-olympic-champion-hannah-mills-leads-the-way,301,News: Olympic Gold Medallist Hannah Mills Speaks on Carbon Footprint Reduction in World Sailing Sustainability Session
article redirect,https://oldseadogs.com/boat-reviews/the-years-top-day-boats-rounding-up-our-favorites/,/boat-reviews/the-years-top-day-boats-rounding-up-our-favorites/,https://www.oldseadogs.com/stories/boat-reviews-the-years-top-day-boats-rounding-up-our-favorites,/stories/boat-reviews-the-years-top-day-boats-rounding-up-our-favorites,301,Boat Reviews: Triumph of Naval Craftsmanship: A Compilation of the Finest Day Boats of the Year
article redirect,https://oldseadogs.com/racing/transat-paprecs-final-hours-nearing-the-glory/,/racing/transat-paprecs-final-hours-nearing-the-glory/,https://www.oldseadogs.com/stories/racing-transat-paprecs-final-hours-nearing-the-glory,/stories/racing-transat-paprecs-final-hours-nearing-the-glory,301,Racing: Transat Paprec's Penultimate Day: Dancing on the Edge of Glory in the Final Hours
article redirect,https://oldseadogs.com/news/44m-true-north-feadship-motor-yacht-sees-a-1m-price-slash/,/news/44m-true-north-feadship-motor-yacht-sees-a-1m-price-slash/,https://www.oldseadogs.com/stories/news-44m-true-north-feadship-motor-yacht-sees-a-1m-price-slash,/stories/news-44m-true-north-feadship-motor-yacht-sees-a-1m-price-slash,301,News: A Classic Beauty at a Steal: The 44m Feadship Motor Yacht True North Gets $1M Off Its Price
article redirect,https://oldseadogs.com/boat-reviews/an-in-depth-look-at-the-compact-wallywhy100-yacht/,/boat-reviews/an-in-depth-look-at-the-compact-wallywhy100-yacht/,https://www.oldseadogs.com/stories/boat-reviews-an-in-depth-look-at-the-compact-wallywhy100-yacht,/stories/boat-reviews-an-in-depth-look-at-the-compact-wallywhy100-yacht,301,Boat Reviews: Dive into the Luxurious World of the Wallywhy100: The Petite Powerhouse of Wally's Motor Yacht Fleet
article redirect,https://oldseadogs.com/racing/d-zero-northern-championship-showdown-at-yorkshire-dales/,/racing/d-zero-northern-championship-showdown-at-yorkshire-dales/,https://www.oldseadogs.com/stories/racing-d-zero-northern-championship-showdown-at-yorkshire-dales,/stories/racing-d-zero-northern-championship-showdown-at-yorkshire-dales,301,Racing: The Thrilling D-Zero Northern Championship: A Spectacular Show at Yorkshire Dales Sailing Club
article redirect,https://oldseadogs.com/news/the-exciting-arrival-of-the-renamed-bering-88-explorer-the-andromeda/,/news/the-exciting-arrival-of-the-renamed-bering-88-explorer-the-andromeda/,https://www.oldseadogs.com/stories/news-the-exciting-arrival-of-the-renamed-bering-88-explorer-the-andromeda,/stories/news-the-exciting-arrival-of-the-renamed-bering-88-explorer-the-andromeda,301,News: Meet the Andromeda: The Rebranded Bering 88 Explorer Yacht Setting Sail
article redirect,https://oldseadogs.com/boat-reviews/the-outer-reef-540-modern-minimalism-meets-maritime-elegance/,/boat-reviews/the-outer-reef-540-modern-minimalism-meets-maritime-elegance/,https://www.oldseadogs.com/stories/boat-reviews-the-outer-reef-540-modern-minimalism-meets-maritime-elegance,/stories/boat-reviews-the-outer-reef-540-modern-minimalism-meets-maritime-elegance,301,Boat Reviews: The Outer Reef 540: A Vision of Modern Maritime Elegance With an Abundance of Windows
article redirect,https://oldseadogs.com/news/emerging-amidst-swells-sails-waszp-welsh-championship/,/news/emerging-amidst-swells-sails-waszp-welsh-championship/,https://www.oldseadogs.com/stories/news-emerging-amidst-swells-sails-waszp-welsh-championship,/stories/news-emerging-amidst-swells-sails-waszp-welsh-championship,301,News: The Skies hummed with Excitement as WASZP Welsh Championship Took Centre Stage at Bala Sailing Club
article redirect,https://oldseadogs.com/racing/riding-the-waves-of-the-interrupted-sailgp-season/,/racing/riding-the-waves-of-the-interrupted-sailgp-season/,https://www.oldseadogs.com/stories/racing-riding-the-waves-of-the-interrupted-sailgp-season,/stories/racing-riding-the-waves-of-the-interrupted-sailgp-season,301,Racing: Navigating Through The Sudden Breaks and Unexpected Resumes: The Unpredictable SailGP Season
article redirect,https://oldseadogs.com/lifestyle/the-inaugural-nz-quest-beach-barbeque-at-cheltenam-shores/,/lifestyle/the-inaugural-nz-quest-beach-barbeque-at-cheltenam-shores/,https://www.oldseadogs.com/stories/lifestyle-the-inaugural-nz-quest-beach-barbeque-at-cheltenam-shores,/stories/lifestyle-the-inaugural-nz-quest-beach-barbeque-at-cheltenam-shores,301,Lifestyle: RS-Quest Launches its Maiden New Zealand Beach Barbeque at the Picturesque Cheltenam Shores
article redirect,https://oldseadogs.com/boat-shows/where-to-buy-your-dream-yacht-ancasta-boat-shows/,/boat-shows/where-to-buy-your-dream-yacht-ancasta-boat-shows/,https://www.oldseadogs.com/stories/boat-shows-where-to-buy-your-dream-yacht-ancasta-boat-shows,/stories/boat-shows-where-to-buy-your-dream-yacht-ancasta-boat-shows,301,Shows: Set Sail Toward Your Next Adventure: Purchasing Yachts at the Upcoming Ancasta Boat Shows
article redirect,https://oldseadogs.com/racing/diego-botin-rising-from-a-slow-start/,/racing/diego-botin-rising-from-a-slow-start/,https://www.oldseadogs.com/stories/racing-diego-botin-rising-from-a-slow-start,/stories/racing-diego-botin-rising-from-a-slow-start,301,Racing: Spanish Yachtsman Diego Botin on His Resurgence After a Slow Start to the Season
article redirect,https://oldseadogs.com/boat-reviews/embracing-the-thrill-the-incredible-cape-31/,/boat-reviews/embracing-the-thrill-the-incredible-cape-31/,https://www.oldseadogs.com/stories/boat-reviews-embracing-the-thrill-the-incredible-cape-31,/stories/boat-reviews-embracing-the-thrill-the-incredible-cape-31,301,Boat Reviews: Unveiling the Cape 31: A Marvel of Maritime Speed and Unique Design
article redirect,https://oldseadogs.com/news/mark-your-calendars-for-the-2026-antigua-classic-yacht-regatta/,/news/mark-your-calendars-for-the-2026-antigua-classic-yacht-regatta/,https://www.oldseadogs.com/stories/news-mark-your-calendars-for-the-2026-antigua-classic-yacht-regatta,/stories/news-mark-your-calendars-for-the-2026-antigua-classic-yacht-regatta,301,News: Anticipation Builds as the 2026 Antigua Classic Yacht Regatta Approaches: A Nautical Festival Not to Be Missed
article redirect,https://oldseadogs.com/boat-shows/blackwater-sailing-club-gears-up-for-2025-open-day/,/boat-shows/blackwater-sailing-club-gears-up-for-2025-open-day/,https://www.oldseadogs.com/stories/boat-shows-blackwater-sailing-club-gears-up-for-2025-open-day,/stories/boat-shows-blackwater-sailing-club-gears-up-for-2025-open-day,301,Shows: Step Aboard Blackwater Sailing Club's Open Day Preparations for a Glimpse into 2025's Maritime Exploration
article redirect,https://oldseadogs.com/news/russell-coutts-progress-report-on-sailgp-a-deep-dive/,/news/russell-coutts-progress-report-on-sailgp-a-deep-dive/,https://www.oldseadogs.com/stories/news-russell-coutts-progress-report-on-sailgp-a-deep-dive,/stories/news-russell-coutts-progress-report-on-sailgp-a-deep-dive,301,News: Pioneering the Waves: Catching Up on SailGP with Russell Coutts
article redirect,https://oldseadogs.com/racing/semi-finalists-decided-on-thrilling-congressional-races-day-3/,/racing/semi-finalists-decided-on-thrilling-congressional-races-day-3/,https://www.oldseadogs.com/stories/racing-semi-finalists-decided-on-thrilling-congressional-races-day-3,/stories/racing-semi-finalists-decided-on-thrilling-congressional-races-day-3,301,Racing: Intense Competition at Congressional Day Races Decides Semi-Finalists in Riveting Turn
article redirect,https://oldseadogs.com/lifestyle/the-weekend-escape-pb-team-seizes-coastal-adventure/,/lifestyle/the-weekend-escape-pb-team-seizes-coastal-adventure/,https://www.oldseadogs.com/stories/lifestyle-the-weekend-escape-pb-team-seizes-coastal-adventure,/stories/lifestyle-the-weekend-escape-pb-team-seizes-coastal-adventure,301,Lifestyle: Ocean Thrills Await the P&B Team: Weekend Adventure Steered By Favorable Winds
article redirect,https://oldseadogs.com/racing/jean-genie-leads-the-pack-at-fraglia-vela-riva-alpen-cup-day-2/,/racing/jean-genie-leads-the-pack-at-fraglia-vela-riva-alpen-cup-day-2/,https://www.oldseadogs.com/stories/racing-jean-genie-leads-the-pack-at-fraglia-vela-riva-alpen-cup-day-2,/stories/racing-jean-genie-leads-the-pack-at-fraglia-vela-riva-alpen-cup-day-2,301,"Racing: On the Second Day of the Exhilarating Fraglia Vela Riva Alpen Cup, 'The Jean Genie' Elegantly Extends its Lead"
article redirect,https://oldseadogs.com/destinations/port-stephens-emerging-global-sailing-hotspot/,/destinations/port-stephens-emerging-global-sailing-hotspot/,https://www.oldseadogs.com/stories/destinations-port-stephens-emerging-global-sailing-hotspot,/stories/destinations-port-stephens-emerging-global-sailing-hotspot,301,Destinations: Discover Port Stephens: The New Global Epicentre of Sailing Glory
article redirect,https://oldseadogs.com/news/reliable-tradewinds-mark-the-antigua-sailing-week/,/news/reliable-tradewinds-mark-the-antigua-sailing-week/,https://www.oldseadogs.com/stories/news-reliable-tradewinds-mark-the-antigua-sailing-week,/stories/news-reliable-tradewinds-mark-the-antigua-sailing-week,301,"News: The Essential Tradewinds Re-emerge, Underscoring the Thrills of the Renowned Antigua Sailing Week"
article redirect,https://oldseadogs.com/boat-reviews/unveiling-of-intricate-interiors-the-ninth-amels-60-superyacht/,/boat-reviews/unveiling-of-intricate-interiors-the-ninth-amels-60-superyacht/,https://www.oldseadogs.com/stories/boat-reviews-unveiling-of-intricate-interiors-the-ninth-amels-60-superyacht,/stories/boat-reviews-unveiling-of-intricate-interiors-the-ninth-amels-60-superyacht,301,Boat Reviews: Grand Reveal of Majestic Splendour: An In-Depth Look at the Ninth Amels 60 Superyacht's Interior Design
article redirect,https://oldseadogs.com/lifestyle/blackwater-sailing-cadets-unforgettable-weekend/,/lifestyle/blackwater-sailing-cadets-unforgettable-weekend/,https://www.oldseadogs.com/stories/lifestyle-blackwater-sailing-cadets-unforgettable-weekend,/stories/lifestyle-blackwater-sailing-cadets-unforgettable-weekend,301,Lifestyle: Blackwater's Young Sailors Bask in Unmatched Seafaring Splendour
article redirect,https://oldseadogs.com/lifestyle/innovative-revamp-of-hong-kong-waterfront/,/lifestyle/innovative-revamp-of-hong-kong-waterfront/,https://www.oldseadogs.com/stories/lifestyle-innovative-revamp-of-hong-kong-waterfront,/stories/lifestyle-innovative-revamp-of-hong-kong-waterfront,301,Lifestyle: Hong Kong's Coastal Facelift: A Vision of a Futuristic Seaside Metropolis
article redirect,https://oldseadogs.com/news/refreshing-take-salcombe-gin-spring-regatta-at-parkstone/,/news/refreshing-take-salcombe-gin-spring-regatta-at-parkstone/,https://www.oldseadogs.com/stories/news-refreshing-take-salcombe-gin-spring-regatta-at-parkstone,/stories/news-refreshing-take-salcombe-gin-spring-regatta-at-parkstone,301,News: Crafting Exquisite Experiences: The Inspiring Deck of Salcombe Gin Spring Regatta at Parkstone Yacht Club
article redirect,https://oldseadogs.com/racing/the-epic-noble-marine-championship-lighting-the-waters-in-2025/,/racing/the-epic-noble-marine-championship-lighting-the-waters-in-2025/,https://www.oldseadogs.com/stories/racing-the-epic-noble-marine-championship-lighting-the-waters-in-2025,/stories/racing-the-epic-noble-marine-championship-lighting-the-waters-in-2025,301,Racing: Experience the Thrill of the 2025 Noble Marine Travellers' Trophy Lightning 368 Southern Championship at Up River Yacht Club
article redirect,https://oldseadogs.com/boat-shows/veya-powercat-range-a-luxurious-launch-by-fountaine-pajot-and-couach/,/boat-shows/veya-powercat-range-a-luxurious-launch-by-fountaine-pajot-and-couach/,https://www.oldseadogs.com/stories/boat-shows-veya-powercat-range-a-luxurious-launch-by-fountaine-pajot-and-couach,/stories/boat-shows-veya-powercat-range-a-luxurious-launch-by-fountaine-pajot-and-couach,301,"Shows: Swim into Splendour: Fountaine Pajot and Couach Launch the Veya, a New Class of Premium Powercat"
article redirect,https://oldseadogs.com/racing/historic-4300-mile-endurance-test-mcintyre-mini-globe-race-fleet/,/racing/historic-4300-mile-endurance-test-mcintyre-mini-globe-race-fleet/,https://www.oldseadogs.com/stories/racing-historic-4300-mile-endurance-test-mcintyre-mini-globe-race-fleet,/stories/racing-historic-4300-mile-endurance-test-mcintyre-mini-globe-race-fleet,301,Racing: In the Heart of the Pacific: An Epic Voyage with the McIntyre Mini Globe Race Fleet
article redirect,https://oldseadogs.com/boat-reviews/latest-spectacle-from-ensign-yachts-nautitech-44-open-and-bavaria-c46/,/boat-reviews/latest-spectacle-from-ensign-yachts-nautitech-44-open-and-bavaria-c46/,https://www.oldseadogs.com/stories/boat-reviews-latest-spectacle-from-ensign-yachts-nautitech-44-open-and-bavaria-c46,/stories/boat-reviews-latest-spectacle-from-ensign-yachts-nautitech-44-open-and-bavaria-c46,301,Boat Reviews: Ensign Yachts Unleashes New Videos of their Stunning Nautitech 44 Open and Bavaria C46 Models
article redirect,https://oldseadogs.com/news/the-rising-costs-impact-on-new-superyacht-market/,/news/the-rising-costs-impact-on-new-superyacht-market/,https://www.oldseadogs.com/stories/news-the-rising-costs-impact-on-new-superyacht-market,/stories/news-the-rising-costs-impact-on-new-superyacht-market,301,News: Experts Chew on Rising Costs and Its Impacts on New Build Superyacht Market
article redirect,https://oldseadogs.com/racing/2025-university-level-yachting-nationals-in-great-britain/,/racing/2025-university-level-yachting-nationals-in-great-britain/,https://www.oldseadogs.com/stories/racing-2025-university-level-yachting-nationals-in-great-britain,/stories/racing-2025-university-level-yachting-nationals-in-great-britain,301,Racing: The Upsurge of Seafaring Excellence at the 2025 British University Yachting Nationals
article redirect,https://oldseadogs.com/masterclass/mastering-pre-season-motor-yacht-maintenance/,/masterclass/mastering-pre-season-motor-yacht-maintenance/,https://www.oldseadogs.com/stories/masterclass-mastering-pre-season-motor-yacht-maintenance,/stories/masterclass-mastering-pre-season-motor-yacht-maintenance,301,Masterclass: Unlocking the Secrets of Pre-season Motor Yacht Checks: An Essential Guide for Connoisseurs
article redirect,https://oldseadogs.com/news/rooster-enhances-partnerships-with-marine-clubs-for-2025/,/news/rooster-enhances-partnerships-with-marine-clubs-for-2025/,https://www.oldseadogs.com/stories/news-rooster-enhances-partnerships-with-marine-clubs-for-2025,/stories/news-rooster-enhances-partnerships-with-marine-clubs-for-2025,301,News: Rooster Sails Forward: Bolstering Collaborations with Clubs and Organizations for Thrilling 2025 Season
article redirect,https://oldseadogs.com/lifestyle/sailing-enthusiasm-set-ablaze-by-dylan-fletcher-at-northampton-club/,/lifestyle/sailing-enthusiasm-set-ablaze-by-dylan-fletcher-at-northampton-club/,https://www.oldseadogs.com/stories/lifestyle-sailing-enthusiasm-set-ablaze-by-dylan-fletcher-at-northampton-club,/stories/lifestyle-sailing-enthusiasm-set-ablaze-by-dylan-fletcher-at-northampton-club,301,Lifestyle: Dylan Fletcher Ignites Passion for Sailing at Prestigious Northampton Sailing Club
article redirect,https://oldseadogs.com/lifestyle/the-nautical-achievements-of-alistair-storky-mclaughlin/,/lifestyle/the-nautical-achievements-of-alistair-storky-mclaughlin/,https://www.oldseadogs.com/stories/lifestyle-the-nautical-achievements-of-alistair-storky-mclaughlin,/stories/lifestyle-the-nautical-achievements-of-alistair-storky-mclaughlin,301,Lifestyle: Venturing the Seas: Exploring the Exceptional Voyages of Alistair 'Storky' McLaughlin
article redirect,https://oldseadogs.com/news/boosting-nautical-safety-lloyds-registers-novel-initiative/,/news/boosting-nautical-safety-lloyds-registers-novel-initiative/,https://www.oldseadogs.com/stories/news-boosting-nautical-safety-lloyds-registers-novel-initiative,/stories/news-boosting-nautical-safety-lloyds-registers-novel-initiative,301,News: Lloyd's Register Steps Up Maritime Safety with Launch of Revolutionary Safety Survey
article redirect,https://oldseadogs.com/racing/preparing-for-the-big-stage-american-magic-quantum-racings-2025-season-debut/,/racing/preparing-for-the-big-stage-american-magic-quantum-racings-2025-season-debut/,https://www.oldseadogs.com/stories/racing-preparing-for-the-big-stage-american-magic-quantum-racings-2025-season-debut,/stories/racing-preparing-for-the-big-stage-american-magic-quantum-racings-2025-season-debut,301,Racing: American Magic Quantum Racing geared and primed for the 2025 52 Super Series Season Curtain-Raiser
article redirect,https://oldseadogs.com/boat-reviews/unveiling-the-uniqueness-of-spirit-yachts-creations/,/boat-reviews/unveiling-the-uniqueness-of-spirit-yachts-creations/,https://www.oldseadogs.com/stories/boat-reviews-unveiling-the-uniqueness-of-spirit-yachts-creations,/stories/boat-reviews-unveiling-the-uniqueness-of-spirit-yachts-creations,301,Boat Reviews: Decoding the Magic of Spirit Yachts: Diving Deeper into Their Unique Artistry
article redirect,https://oldseadogs.com/lifestyle/adventures-of-solo-sailing-at-burghfield/,/lifestyle/adventures-of-solo-sailing-at-burghfield/,https://www.oldseadogs.com/stories/lifestyle-adventures-of-solo-sailing-at-burghfield,/stories/lifestyle-adventures-of-solo-sailing-at-burghfield,301,Lifestyle: Explore the Thrills and Spills of Solo Sailing at the Renowned Burghfield Club
article redirect,https://oldseadogs.com/racing/melbourne-osaka-cup-showdown-intense-finale-between-family-crews/,/racing/melbourne-osaka-cup-showdown-intense-finale-between-family-crews/,https://www.oldseadogs.com/stories/racing-melbourne-osaka-cup-showdown-intense-finale-between-family-crews,/stories/racing-melbourne-osaka-cup-showdown-intense-finale-between-family-crews,301,Racing: Uncovering the Thrill and Camaraderie of the Melbourne Osaka Cup: A Nail-Biting Finish for Family Crews
article redirect,https://oldseadogs.com/boat-reviews/pursuing-the-ultimate-in-boat-velocity/,/boat-reviews/pursuing-the-ultimate-in-boat-velocity/,https://www.oldseadogs.com/stories/boat-reviews-pursuing-the-ultimate-in-boat-velocity,/stories/boat-reviews-pursuing-the-ultimate-in-boat-velocity,301,Boat Reviews: In the Wake of Adventure: A Thrilling Chase for the Apex of Boat Velocity
article redirect,https://oldseadogs.com/news/the-successful-inaugural-cic-med-channel-race/,/news/the-successful-inaugural-cic-med-channel-race/,https://www.oldseadogs.com/stories/news-the-successful-inaugural-cic-med-channel-race,/stories/news-the-successful-inaugural-cic-med-channel-race,301,News: A Momentous Start to the Maiden CIC Med Channel Race
article redirect,https://oldseadogs.com/racing/a-riveting-recap-of-the-56th-semaine-olympique-fran%C3%A7aise-de-hy%C3%A8res/,/racing/a-riveting-recap-of-the-56th-semaine-olympique-fran%C3%A7aise-de-hy%C3%A8res/,https://www.oldseadogs.com/stories/racing-a-riveting-recap-of-the-56th-semaine-olympique-francaise-de-hyeres,/stories/racing-a-riveting-recap-of-the-56th-semaine-olympique-francaise-de-hyeres,301,Racing: Immersive Debriefing of the Exhilarating 56th Semaine Olympique Française de Hyères
article redirect,https://oldseadogs.com/news/revelling-in-the-lake-boga-easter-regatta/,/news/revelling-in-the-lake-boga-easter-regatta/,https://www.oldseadogs.com/stories/news-revelling-in-the-lake-boga-easter-regatta,/stories/news-revelling-in-the-lake-boga-easter-regatta,301,News: Dive Headfirst into the Thrill of the Lake Boga Easter Regatta
article redirect,https://oldseadogs.com/boat-reviews/highlighting-four-stellar-compact-hardtop-motor-boats/,/boat-reviews/highlighting-four-stellar-compact-hardtop-motor-boats/,https://www.oldseadogs.com/stories/boat-reviews-highlighting-four-stellar-compact-hardtop-motor-boats,/stories/boat-reviews-highlighting-four-stellar-compact-hardtop-motor-boats,301,"Boat Reviews: Swift, Sleek and Sturdy: Unveiling the Elite Class of Compact Hardtop Motor Boats"
article redirect,https://oldseadogs.com/racing/thrilling-highlights-from-the-4th-df95-spring-series-at-east-kent/,/racing/thrilling-highlights-from-the-4th-df95-spring-series-at-east-kent/,https://www.oldseadogs.com/stories/racing-thrilling-highlights-from-the-4th-df95-spring-series-at-east-kent,/stories/racing-thrilling-highlights-from-the-4th-df95-spring-series-at-east-kent,301,Racing: Catch the Exhilarating Action of the East Kent Radio Sailing Club DF95 Spring Series' Fourth Event
article redirect,https://oldseadogs.com/news/transat-paprecs-intense-sixth-day-on-waters/,/news/transat-paprecs-intense-sixth-day-on-waters/,https://www.oldseadogs.com/stories/news-transat-paprecs-intense-sixth-day-on-waters,/stories/news-transat-paprecs-intense-sixth-day-on-waters,301,News: Regatta Showdown Hits Peak During Transat Paprec's High-Tension Sixth Day at Sea
article redirect,https://oldseadogs.com/lifestyle/anticipating-brilliant-conditions-for-antigua-sailing-week-2025/,/lifestyle/anticipating-brilliant-conditions-for-antigua-sailing-week-2025/,https://www.oldseadogs.com/stories/lifestyle-anticipating-brilliant-conditions-for-antigua-sailing-week-2025,/stories/lifestyle-anticipating-brilliant-conditions-for-antigua-sailing-week-2025,301,Lifestyle: Antigua Sailing Week 2025: A Paradise Awaits Amid Ideal Conditions
article redirect,https://oldseadogs.com/news/attenboroughs-maritime-saga-a-collaboration-with-arksen-and-10-for-the-ocean/,/news/attenboroughs-maritime-saga-a-collaboration-with-arksen-and-10-for-the-ocean/,https://www.oldseadogs.com/stories/news-attenboroughs-maritime-saga-a-collaboration-with-arksen-and-10-for-the-ocean,/stories/news-attenboroughs-maritime-saga-a-collaboration-with-arksen-and-10-for-the-ocean,301,News: David Attenborough Dives Deep into the Ocean with Arksen and 10% for the Ocean for His Latest Film
article redirect,https://oldseadogs.com/news/delectable-deluge-of-nautical-podcasts/,/news/delectable-deluge-of-nautical-podcasts/,https://www.oldseadogs.com/stories/news-delectable-deluge-of-nautical-podcasts,/stories/news-delectable-deluge-of-nautical-podcasts,301,News: Indulge in the Ultimate Collection of Nautical Podcasts - Your Guide to Endless Maritime Knowledge
article redirect,https://oldseadogs.com/racing/the-ocean-race-europe-finalizes-route-with-matosinhos-porto-fly-by/,/racing/the-ocean-race-europe-finalizes-route-with-matosinhos-porto-fly-by/,https://www.oldseadogs.com/stories/racing-the-ocean-race-europe-finalizes-route-with-matosinhos-porto-fly-by,/stories/racing-the-ocean-race-europe-finalizes-route-with-matosinhos-porto-fly-by,301,Racing: The Thrilling Completion of The Ocean Race Europe's Route Through Matosinhos-Porto Fly-By
article redirect,https://oldseadogs.com/racing/circolo-vela-arco-gears-up-for-2025-rs-aero-european-championships/,/racing/circolo-vela-arco-gears-up-for-2025-rs-aero-european-championships/,https://www.oldseadogs.com/stories/racing-circolo-vela-arco-gears-up-for-2025-rs-aero-european-championships,/stories/racing-circolo-vela-arco-gears-up-for-2025-rs-aero-european-championships,301,Racing: Take a Sneak Peak at What's on the Horizon: Circolo Vela Arco Prepares for the 2025 RS Aero European Championships
article redirect,https://oldseadogs.com/boat-reviews/discovering-the-remarkable-rs-zest-the-future-of-sailing-education/,/boat-reviews/discovering-the-remarkable-rs-zest-the-future-of-sailing-education/,https://www.oldseadogs.com/stories/boat-reviews-discovering-the-remarkable-rs-zest-the-future-of-sailing-education,/stories/boat-reviews-discovering-the-remarkable-rs-zest-the-future-of-sailing-education,301,Boat Reviews: Unravel the Secrets of the RS Zest: The Unsurpassed Choice for Nautical Training.
article redirect,https://oldseadogs.com/boat-reviews/exceptional-flybridge-motor-yachts-of-2025-in-depth-review/,/boat-reviews/exceptional-flybridge-motor-yachts-of-2025-in-depth-review/,https://www.oldseadogs.com/stories/boat-reviews-exceptional-flybridge-motor-yachts-of-2025-in-depth-review,/stories/boat-reviews-exceptional-flybridge-motor-yachts-of-2025-in-depth-review,301,Boat Reviews: Delving into the Epitome of Luxury: A Comprehensive Review of 2025's Best Flybridge Motor Yachts
article redirect,https://oldseadogs.com/racing/highlights-from-the-56th-semaine-olympique-fran%C3%A7aise/,/racing/highlights-from-the-56th-semaine-olympique-fran%C3%A7aise/,https://www.oldseadogs.com/stories/racing-highlights-from-the-56th-semaine-olympique-francaise,/stories/racing-highlights-from-the-56th-semaine-olympique-francaise,301,Racing: Nautical Majesty: A Thrilling Update from Days 3 and 5 of the 56th Semaine Olympique Française de Hyères
article redirect,https://oldseadogs.com/boat-reviews/reviewing-the-silent-62-open-compact-electric-power-cat-superyacht/,/boat-reviews/reviewing-the-silent-62-open-compact-electric-power-cat-superyacht/,https://www.oldseadogs.com/stories/boat-reviews-reviewing-the-silent-62-open-compact-electric-power-cat-superyacht,/stories/boat-reviews-reviewing-the-silent-62-open-compact-electric-power-cat-superyacht,301,"Boat Reviews: Discover the Silent 62 Open, the Compact Electric Power Cat Marvel and Unveil its Superyacht Superiority"
article redirect,https://oldseadogs.com/lifestyle/revitalising-history-marskeels-custom-keel-for-sy-doris/,/lifestyle/revitalising-history-marskeels-custom-keel-for-sy-doris/,https://www.oldseadogs.com/stories/lifestyle-revitalising-history-marskeels-custom-keel-for-sy-doris,/stories/lifestyle-revitalising-history-marskeels-custom-keel-for-sy-doris,301,Lifestyle: MarsKeel Breathes New Life into Century-Old SY Doris with a Customised Keel
article redirect,https://oldseadogs.com/boat-reviews/west-nautical-unveils-newest-central-agent-m/y-omnia/,/boat-reviews/west-nautical-unveils-newest-central-agent-m/y-omnia/,https://www.oldseadogs.com/stories/boat-reviews-y-omnia,/stories/boat-reviews-y-omnia,301,Boat Reviews: All Aboard the M/Y Omnia: West Nautical’s Latest Addition Making Waves in the Yachting Scene
article redirect,https://oldseadogs.com/racing/exciting-start-to-the-salcombe-yc-sailing-club-series/,/racing/exciting-start-to-the-salcombe-yc-sailing-club-series/,https://www.oldseadogs.com/stories/racing-exciting-start-to-the-salcombe-yc-sailing-club-series,/stories/racing-exciting-start-to-the-salcombe-yc-sailing-club-series,301,Racing: Dive into the Thrill and Splash of the Salcombe YC Sailing Club Series’ Inaugural Races
article redirect,https://oldseadogs.com/news/registration-now-open-for-the-2025-noakes-sydney-gold-coast-yacht-race/,/news/registration-now-open-for-the-2025-noakes-sydney-gold-coast-yacht-race/,https://www.oldseadogs.com/stories/news-registration-now-open-for-the-2025-noakes-sydney-gold-coast-yacht-race,/stories/news-registration-now-open-for-the-2025-noakes-sydney-gold-coast-yacht-race,301,News: Oceanic Excitement Awaits as Entries Open for the 2025 Noakes Sydney Gold Coast Yacht Race
article redirect,https://oldseadogs.com/boat-reviews/the-bayliner-315-cruiser-a-small-boat-with-big-potential/,/boat-reviews/the-bayliner-315-cruiser-a-small-boat-with-big-potential/,https://www.oldseadogs.com/stories/boat-reviews-the-bayliner-315-cruiser-a-small-boat-with-big-potential,/stories/boat-reviews-the-bayliner-315-cruiser-a-small-boat-with-big-potential,301,Boat Reviews: Unveiling the Bayliner 315 Cruiser: A Compact Powerhouse on Waters
article redirect,https://oldseadogs.com/gear/the-evolution-of-night-sailing-exposure-marines-unique-raw-range/,/gear/the-evolution-of-night-sailing-exposure-marines-unique-raw-range/,https://www.oldseadogs.com/stories/gear-the-evolution-of-night-sailing-exposure-marines-unique-raw-range,/stories/gear-the-evolution-of-night-sailing-exposure-marines-unique-raw-range,301,Gear: Stepping Up Night Sailing Game: Exposure Marine Introduces Three Unique RAW Range Products
article redirect,https://oldseadogs.com/news/australian-sailors-gearing-up-for-french-olympic-week/,/news/australian-sailors-gearing-up-for-french-olympic-week/,https://www.oldseadogs.com/stories/news-australian-sailors-gearing-up-for-french-olympic-week,/stories/news-australian-sailors-gearing-up-for-french-olympic-week,301,News: Australian Athletes Ready to Take the Sails: Breaking New Ground at French Olympic Week
article redirect,https://oldseadogs.com/racing/the-blaze-eastern-championship-2025-a-showdown-at-royal-corinthian/,/racing/the-blaze-eastern-championship-2025-a-showdown-at-royal-corinthian/,https://www.oldseadogs.com/stories/racing-the-blaze-eastern-championship-2025-a-showdown-at-royal-corinthian,/stories/racing-the-blaze-eastern-championship-2025-a-showdown-at-royal-corinthian,301,"Racing: Monumental Sailing Battles Expected at Blaze Eastern Championship 2025, Hosted by Royal Corinthian Yacht Club"
article redirect,https://oldseadogs.com/news/daltons-review-on-swiss-teams-americas-cup-performance/,/news/daltons-review-on-swiss-teams-americas-cup-performance/,https://www.oldseadogs.com/stories/news-daltons-review-on-swiss-teams-americas-cup-performance,/stories/news-daltons-review-on-swiss-teams-americas-cup-performance,301,News: Unveiling Dalton's Candid Thoughts on Swiss Yachting Team's Uninspired Showing in Barcelona
article redirect,https://oldseadogs.com/gear/ic-m25-evo-marine-vhf-radio-a-game-changer-in-performance/,/gear/ic-m25-evo-marine-vhf-radio-a-game-changer-in-performance/,https://www.oldseadogs.com/stories/gear-ic-m25-evo-marine-vhf-radio-a-game-changer-in-performance,/stories/gear-ic-m25-evo-marine-vhf-radio-a-game-changer-in-performance,301,Gear: Experience the Unmatched Superiority of the New IC-M25 EVO Marine VHF Radio
article redirect,https://oldseadogs.com/racing/the-exhilarating-opener-of-the-transat-paprec-race/,/racing/the-exhilarating-opener-of-the-transat-paprec-race/,https://www.oldseadogs.com/stories/racing-the-exhilarating-opener-of-the-transat-paprec-race,/stories/racing-the-exhilarating-opener-of-the-transat-paprec-race,301,Racing: Sailing Enthusiasts Rejoice Over the Spectacular Kick-off of the Notable Transat Paprec Race
article redirect,https://oldseadogs.com/news/an-exclusive-rya-membership-offer-reduced-rates-await/,/news/an-exclusive-rya-membership-offer-reduced-rates-await/,https://www.oldseadogs.com/stories/news-an-exclusive-rya-membership-offer-reduced-rates-await,/stories/news-an-exclusive-rya-membership-offer-reduced-rates-await,301,News: Experience the Pleasure of Sailing with RYA: Discounted Membership Now Available
article redirect,https://oldseadogs.com/racing/an-exhilarating-event-phantom-open-at-bowmoor/,/racing/an-exhilarating-event-phantom-open-at-bowmoor/,https://www.oldseadogs.com/stories/racing-an-exhilarating-event-phantom-open-at-bowmoor,/stories/racing-an-exhilarating-event-phantom-open-at-bowmoor,301,Racing: Experience the Thrill as Phantom Boats Cut Through the Waters
article redirect,https://oldseadogs.com/racing/iconic-edinburgh-cup-at-the-port-edgar-yacht-club/,/racing/iconic-edinburgh-cup-at-the-port-edgar-yacht-club/,https://www.oldseadogs.com/stories/racing-iconic-edinburgh-cup-at-the-port-edgar-yacht-club,/stories/racing-iconic-edinburgh-cup-at-the-port-edgar-yacht-club,301,Racing: The Thrills of the Prestigious 707 NCS Edinburgh Cup Held at Port Edgar Yacht Club
article redirect,https://oldseadogs.com/gear/polarwaves-new-lightweight-ratchet-block-revolutionizes-high-performing-dinghies-and-skiffs/,/gear/polarwaves-new-lightweight-ratchet-block-revolutionizes-high-performing-dinghies-and-skiffs/,https://www.oldseadogs.com/stories/gear-polarwaves-new-lightweight-ratchet-block-revolutionizes-high-performing-dinghies-and-skiffs,/stories/gear-polarwaves-new-lightweight-ratchet-block-revolutionizes-high-performing-dinghies-and-skiffs,301,Gear: Unveiling PolarWave's Latest Innovation: A Cutting-Edge Lightweight Ratchet Block for High-Performance Small Sailboats
article redirect,https://oldseadogs.com/news/wind-on-the-waves-spring-regatta-at-east-kents-seaside/,/news/wind-on-the-waves-spring-regatta-at-east-kents-seaside/,https://www.oldseadogs.com/stories/news-wind-on-the-waves-spring-regatta-at-east-kents-seaside,/stories/news-wind-on-the-waves-spring-regatta-at-east-kents-seaside,301,News: Unfurling Sails in Spring: East Kent Radio Sailing Club’s DF95 Series Event Makes a Splash at Coastal Park
article redirect,https://oldseadogs.com/news/2025-finn-spring-series-stellar-close-at-bough-beech/,/news/2025-finn-spring-series-stellar-close-at-bough-beech/,https://www.oldseadogs.com/stories/news-2025-finn-spring-series-stellar-close-at-bough-beech,/stories/news-2025-finn-spring-series-stellar-close-at-bough-beech,301,News: A Rousing Close to the 2025 Finn Spring Series at the Renowned Bough Beech Sailing Club
article redirect,https://oldseadogs.com/racing/dart-15-regatta-at-marconi-a-summer-to-remember/,/racing/dart-15-regatta-at-marconi-a-summer-to-remember/,https://www.oldseadogs.com/stories/racing-dart-15-regatta-at-marconi-a-summer-to-remember,/stories/racing-dart-15-regatta-at-marconi-a-summer-to-remember,301,Racing: Reliving the Thrills of the Dart 15 Summer Time Trial at Famed Marconi Sailing Club
article redirect,https://oldseadogs.com/racing/experience-the-thrill-the-2025-antigua-classic-yacht-regatta/,/racing/experience-the-thrill-the-2025-antigua-classic-yacht-regatta/,https://www.oldseadogs.com/stories/racing-experience-the-thrill-the-2025-antigua-classic-yacht-regatta,/stories/racing-experience-the-thrill-the-2025-antigua-classic-yacht-regatta,301,Racing: A Voyage Into Perfection: The 2025 Antigua Classic Yacht Regatta Uncovers the Splendour of Caribbean Sailing
article redirect,https://oldseadogs.com/news/auckland-responds-to-sailgp-event-hosting-snub/,/news/auckland-responds-to-sailgp-event-hosting-snub/,https://www.oldseadogs.com/stories/news-auckland-responds-to-sailgp-event-hosting-snub,/stories/news-auckland-responds-to-sailgp-event-hosting-snub,301,News: Auckland Defends Its Waters as SailGP Discrepancy Emerges
article redirect,https://oldseadogs.com/racing/spectacular-international-canoe-open-makes-waves-at-poole-yacht-club/,/racing/spectacular-international-canoe-open-makes-waves-at-poole-yacht-club/,https://www.oldseadogs.com/stories/racing-spectacular-international-canoe-open-makes-waves-at-poole-yacht-club,/stories/racing-spectacular-international-canoe-open-makes-waves-at-poole-yacht-club,301,Racing: An Inspirational Showcase: The International Canoe Open Debuts at Prestigious Poole Yacht Club
article redirect,https://oldseadogs.com/lifestyle/the-duel-of-titans-an-unexpected-struggle/,/lifestyle/the-duel-of-titans-an-unexpected-struggle/,https://www.oldseadogs.com/stories/lifestyle-the-duel-of-titans-an-unexpected-struggle,/stories/lifestyle-the-duel-of-titans-an-unexpected-struggle,301,Lifestyle: Witness the Clash of Giants: Narrating the Undocumented Combat Between Elephants
article redirect,https://oldseadogs.com/boat-reviews/the-ultimate-guide-to-switch-boat-tour-and-fittings/,/boat-reviews/the-ultimate-guide-to-switch-boat-tour-and-fittings/,https://www.oldseadogs.com/stories/boat-reviews-the-ultimate-guide-to-switch-boat-tour-and-fittings,/stories/boat-reviews-the-ultimate-guide-to-switch-boat-tour-and-fittings,301,Boat Reviews: Venture on a Voyage of Discovery: Your Ultimate Guide to the SWITCH Boat Tour & Fittings
article redirect,https://oldseadogs.com/lifestyle/diving-deep-into-the-pockets-of-sailors/,/lifestyle/diving-deep-into-the-pockets-of-sailors/,https://www.oldseadogs.com/stories/lifestyle-diving-deep-into-the-pockets-of-sailors,/stories/lifestyle-diving-deep-into-the-pockets-of-sailors,301,Lifestyle: Explore the Unexpected: Snapshots from Sailors' Hidden Pockets
article redirect,https://oldseadogs.com/news/elite-sailing-showdown-rs200-masters-championship-2025-venue-decided/,/news/elite-sailing-showdown-rs200-masters-championship-2025-venue-decided/,https://www.oldseadogs.com/stories/news-elite-sailing-showdown-rs200-masters-championship-2025-venue-decided,/stories/news-elite-sailing-showdown-rs200-masters-championship-2025-venue-decided,301,News: Anticipation Peaks as RS200 Masters Championship 2025 Announces Exclusive Competition Venue
article redirect,https://oldseadogs.com/boat-reviews/innovative-solar-driven-monomaran-the-new-wave-in-island-cruising/,/boat-reviews/innovative-solar-driven-monomaran-the-new-wave-in-island-cruising/,https://www.oldseadogs.com/stories/boat-reviews-innovative-solar-driven-monomaran-the-new-wave-in-island-cruising,/stories/boat-reviews-innovative-solar-driven-monomaran-the-new-wave-in-island-cruising,301,Boat Reviews: Discover the Revolutionary Solar-assisted Monomaran: Changing the Face of Island Cruising
article redirect,https://oldseadogs.com/racing/northern-series-triumph-at-scammonden-water-club/,/racing/northern-series-triumph-at-scammonden-water-club/,https://www.oldseadogs.com/stories/racing-northern-series-triumph-at-scammonden-water-club,/stories/racing-northern-series-triumph-at-scammonden-water-club,301,Racing: Unveiling the Success of the Enterprise Northern Series at the Scammonden Water Sailing Club
article redirect,https://oldseadogs.com/masterclass/mastering-the-505-a-session-with-coach-adam-bowers/,/masterclass/mastering-the-505-a-session-with-coach-adam-bowers/,https://www.oldseadogs.com/stories/masterclass-mastering-the-505-a-session-with-coach-adam-bowers,/stories/masterclass-mastering-the-505-a-session-with-coach-adam-bowers,301,Masterclass: Upping Your Sailing Game: An Exclusive Training with Renowned Coach Adam Bowers
article redirect,https://oldseadogs.com/boat-reviews/pardo-gt75-an-unforgettable-voyage-awaits/,/boat-reviews/pardo-gt75-an-unforgettable-voyage-awaits/,https://www.oldseadogs.com/stories/boat-reviews-pardo-gt75-an-unforgettable-voyage-awaits,/stories/boat-reviews-pardo-gt75-an-unforgettable-voyage-awaits,301,Boat Reviews: Dive into the Pardo GT75 Experience: Your All-Season Voyaging Companion
article redirect,https://oldseadogs.com/racing/spring-sprint-regatta-galore-the-scorpion-staunton/,/racing/spring-sprint-regatta-galore-the-scorpion-staunton/,https://www.oldseadogs.com/stories/racing-spring-sprint-regatta-galore-the-scorpion-staunton,/stories/racing-spring-sprint-regatta-galore-the-scorpion-staunton,301,Racing: Debunking Excitement on the Waves: An Experience at the Scorpion Staunton Spring Sprint Regatta
article redirect,https://oldseadogs.com/news/the-illusion-designer-trophy-2025-showcasing-spectacular-bembridge-sailing/,/news/the-illusion-designer-trophy-2025-showcasing-spectacular-bembridge-sailing/,https://www.oldseadogs.com/stories/news-the-illusion-designer-trophy-2025-showcasing-spectacular-bembridge-sailing,/stories/news-the-illusion-designer-trophy-2025-showcasing-spectacular-bembridge-sailing,301,News: Sailing Excellence Underscored: The Bembridge Illusion Designer Trophy Kicks off in 2025
article redirect,https://oldseadogs.com/news/discovering-the-roots-historic-video-footage-of-solo-dinghy-class/,/news/discovering-the-roots-historic-video-footage-of-solo-dinghy-class/,https://www.oldseadogs.com/stories/news-discovering-the-roots-historic-video-footage-of-solo-dinghy-class,/stories/news-discovering-the-roots-historic-video-footage-of-solo-dinghy-class,301,News: Experience History Through Motion: Unveiling the Oldest Video Footage Capturing the Solo Dinghy Class at Sea
article redirect,https://oldseadogs.com/racing/midweek-sailing-event-at-the-renowned-nantwich-and-border-counties-club/,/racing/midweek-sailing-event-at-the-renowned-nantwich-and-border-counties-club/,https://www.oldseadogs.com/stories/racing-midweek-sailing-event-at-the-renowned-nantwich-and-border-counties-club,/stories/racing-midweek-sailing-event-at-the-renowned-nantwich-and-border-counties-club,301,Racing: Embrace the Thrill of Sailing: Unwrap the Midweek Nantwich & Border Counties Sailing Series
article redirect,https://oldseadogs.com/boat-reviews/revolution-in-yachting-silent-methanol-powered-generators/,/boat-reviews/revolution-in-yachting-silent-methanol-powered-generators/,https://www.oldseadogs.com/stories/boat-reviews-revolution-in-yachting-silent-methanol-powered-generators,/stories/boat-reviews-revolution-in-yachting-silent-methanol-powered-generators,301,Boat Reviews: Discover the Next-Gen Revolution: Silent and Methanol-Powered Generators for Superyachts
article redirect,https://oldseadogs.com/boat-shows/unveiling-the-top-tier-luxury-yachts-on-the-market/,/boat-shows/unveiling-the-top-tier-luxury-yachts-on-the-market/,https://www.oldseadogs.com/stories/boat-shows-unveiling-the-top-tier-luxury-yachts-on-the-market,/stories/boat-shows-unveiling-the-top-tier-luxury-yachts-on-the-market,301,Shows: Navigating the High Seas of Luxury: The 50 Most Exclusive Yachts Currently For Sale
article redirect,https://oldseadogs.com/gear/cayago-americas-launches-revolutionary-seabob-f9-series/,/gear/cayago-americas-launches-revolutionary-seabob-f9-series/,https://www.oldseadogs.com/stories/gear-cayago-americas-launches-revolutionary-seabob-f9-series,/stories/gear-cayago-americas-launches-revolutionary-seabob-f9-series,301,Gear: Experience Maritime Luxury Like Never Before with CAYAGO Americas' Newest SEABOB F9 Series
article redirect,https://oldseadogs.com/racing/lussier-seizes-victory-at-the-2025-blokart-north-american-land-sailing-championship/,/racing/lussier-seizes-victory-at-the-2025-blokart-north-american-land-sailing-championship/,https://www.oldseadogs.com/stories/racing-lussier-seizes-victory-at-the-2025-blokart-north-american-land-sailing-championship,/stories/racing-lussier-seizes-victory-at-the-2025-blokart-north-american-land-sailing-championship,301,Racing: Dominance on Land: Lussier Clinches Title in the Prestigious 2025 Blokart North American Land Sailing Championship
article redirect,https://oldseadogs.com/news/wave-of-fresh-competitors-at-superyacht-cup-palma-2025/,/news/wave-of-fresh-competitors-at-superyacht-cup-palma-2025/,https://www.oldseadogs.com/stories/news-wave-of-fresh-competitors-at-superyacht-cup-palma-2025,/stories/news-wave-of-fresh-competitors-at-superyacht-cup-palma-2025,301,News: A New Wave of Competitors Set Sail: Unmasking the Fresh Faces of the Superyacht Cup Palma 2025
article redirect,https://oldseadogs.com/boat-reviews/glider-ss18-redefining-powercats-with-whimsical-elevation/,/boat-reviews/glider-ss18-redefining-powercats-with-whimsical-elevation/,https://www.oldseadogs.com/stories/boat-reviews-glider-ss18-redefining-powercats-with-whimsical-elevation,/stories/boat-reviews-glider-ss18-redefining-powercats-with-whimsical-elevation,301,Boat Reviews: The Glider SS18: A Marvel Powercat That Conjures Up the Magic of Sea Life
article redirect,https://oldseadogs.com/racing/pittwater-to-coffs-harbour-yacht-race-sets-sail/,/racing/pittwater-to-coffs-harbour-yacht-race-sets-sail/,https://www.oldseadogs.com/stories/racing-pittwater-to-coffs-harbour-yacht-race-sets-sail,/stories/racing-pittwater-to-coffs-harbour-yacht-race-sets-sail,301,Racing: Thrills and Chills: The Coffs Harbour Yacht Race Begins with a Gentle Nor'Easter
article redirect,https://oldseadogs.com/boat-reviews/the-remarkable-transformation-of-the-rs-catamaran/,/boat-reviews/the-remarkable-transformation-of-the-rs-catamaran/,https://www.oldseadogs.com/stories/boat-reviews-the-remarkable-transformation-of-the-rs-catamaran,/stories/boat-reviews-the-remarkable-transformation-of-the-rs-catamaran,301,Boat Reviews: Exploring the Evolutionary Leap: The Journey of the RS Catamaran from Design Concept to Ocean Phenomenon
article redirect,https://oldseadogs.com/news/unveiling-the-2025-cadet-alf-simmonds-trophy-at-weymouth-portland-national-sailing-academy/,/news/unveiling-the-2025-cadet-alf-simmonds-trophy-at-weymouth-portland-national-sailing-academy/,https://www.oldseadogs.com/stories/news-unveiling-the-2025-cadet-alf-simmonds-trophy-at-weymouth-portland-national-sailing-academy,/stories/news-unveiling-the-2025-cadet-alf-simmonds-trophy-at-weymouth-portland-national-sailing-academy,301,News: Discover the Thrill and Adventure of the 2025 Cadet Alf Simmonds Trophy at WPN Sailing Academy
article redirect,https://oldseadogs.com/boat-reviews/elegant-rebirth-former-navy-vessel-omnia-transforms-out-of-14m-redesign/,/boat-reviews/elegant-rebirth-former-navy-vessel-omnia-transforms-out-of-14m-redesign/,https://www.oldseadogs.com/stories/boat-reviews-elegant-rebirth-former-navy-vessel-omnia-transforms-out-of-14m-redesign,/stories/boat-reviews-elegant-rebirth-former-navy-vessel-omnia-transforms-out-of-14m-redesign,301,"Boat Reviews: 61-meter Vessel Omnia Sees an Elegant Rebirth After a $14 Million Refit, Showcasing an Unrivalled Sea Charm"
article redirect,https://oldseadogs.com/lifestyle/embracing-the-sea-a-journey-of-change/,/lifestyle/embracing-the-sea-a-journey-of-change/,https://www.oldseadogs.com/stories/lifestyle-embracing-the-sea-a-journey-of-change,/stories/lifestyle-embracing-the-sea-a-journey-of-change,301,Lifestyle: Submerging Yourself in Sea Splendour: The Time for Tranquil Transitions
article redirect,https://oldseadogs.com/news/global-exclusive-fairline-acquired-by-fresh-investors/,/news/global-exclusive-fairline-acquired-by-fresh-investors/,https://www.oldseadogs.com/stories/news-global-exclusive-fairline-acquired-by-fresh-investors,/stories/news-global-exclusive-fairline-acquired-by-fresh-investors,301,"News: Global Exclusive: Luxury Yacht Manufacturer Fairline Swapped Hands, Gained New Investors"
article redirect,https://oldseadogs.com/boat-reviews/outshining-with-the-invincible-33-catamaran-no-childs-play-on-the-offshore/,/boat-reviews/outshining-with-the-invincible-33-catamaran-no-childs-play-on-the-offshore/,https://www.oldseadogs.com/stories/boat-reviews-outshining-with-the-invincible-33-catamaran-no-childs-play-on-the-offshore,/stories/boat-reviews-outshining-with-the-invincible-33-catamaran-no-childs-play-on-the-offshore,301,Boat Reviews: The Invincible 33 Catamaran: An Undefeated Offshore Sports Fisher With an All-American Heritage
article redirect,https://oldseadogs.com/boat-reviews/zenisen-an-exemplary-vessel-on-the-market/,/boat-reviews/zenisen-an-exemplary-vessel-on-the-market/,https://www.oldseadogs.com/stories/boat-reviews-zenisen-an-exemplary-vessel-on-the-market,/stories/boat-reviews-zenisen-an-exemplary-vessel-on-the-market,301,Boat Reviews: Experience the Epitome of Luxury Boating - ZENISEN for Sale!
article redirect,https://oldseadogs.com/boat-reviews/evolution-of-jet-tenders-introducing-4-novel-williams-tenders-for-2025/,/boat-reviews/evolution-of-jet-tenders-introducing-4-novel-williams-tenders-for-2025/,https://www.oldseadogs.com/stories/boat-reviews-evolution-of-jet-tenders-introducing-4-novel-williams-tenders-for-2025,/stories/boat-reviews-evolution-of-jet-tenders-introducing-4-novel-williams-tenders-for-2025,301,Boat Reviews: Witness the future of marine efficiency: 4 groundbreaking Williams Jet Tenders set to redefine 2025
article redirect,https://oldseadogs.com/news/shift-in-regulations-impacts-luxury-artefact-exports-to-eu/,/news/shift-in-regulations-impacts-luxury-artefact-exports-to-eu/,https://www.oldseadogs.com/stories/news-shift-in-regulations-impacts-luxury-artefact-exports-to-eu,/stories/news-shift-in-regulations-impacts-luxury-artefact-exports-to-eu,301,News: Enforced Regulatory Changes Leave Luxury Artefact Exporting to the EU in New Waters
article redirect,https://oldseadogs.com/racing/insights-from-the-fireball-ulster-championship-at-lough-ree/,/racing/insights-from-the-fireball-ulster-championship-at-lough-ree/,https://www.oldseadogs.com/stories/racing-insights-from-the-fireball-ulster-championship-at-lough-ree,/stories/racing-insights-from-the-fireball-ulster-championship-at-lough-ree,301,Racing: Behind the Scenes of the Rousing Fireball Ulster Championship at the Lough Ree Yacht Club
article redirect,https://oldseadogs.com/news/pantaenius-takes-centre-stage-as-lead-partner-of-yacht-racing-image-award/,/news/pantaenius-takes-centre-stage-as-lead-partner-of-yacht-racing-image-award/,https://www.oldseadogs.com/stories/news-pantaenius-takes-centre-stage-as-lead-partner-of-yacht-racing-image-award,/stories/news-pantaenius-takes-centre-stage-as-lead-partner-of-yacht-racing-image-award,301,"News: Luxury Insurance Titan Pantaenius Steps Up, Moving Front and Centre as Lead Partner of Prestigious Yacht Racing Image Award"
article redirect,https://oldseadogs.com/lifestyle/the-chase-of-osaka-a-sea-story-from-the-secretary/,/lifestyle/the-chase-of-osaka-a-sea-story-from-the-secretary/,https://www.oldseadogs.com/stories/lifestyle-the-chase-of-osaka-a-sea-story-from-the-secretary,/stories/lifestyle-the-chase-of-osaka-a-sea-story-from-the-secretary,301,Lifestyle: Unfolding the High-Seas Adventure of Dave Kenny Aboard The Secretary Bound for Osaka
article redirect,https://oldseadogs.com/news/barton-marine-backs-global-womens-walk-2025/,/news/barton-marine-backs-global-womens-walk-2025/,https://www.oldseadogs.com/stories/news-barton-marine-backs-global-womens-walk-2025,/stories/news-barton-marine-backs-global-womens-walk-2025,301,News: Maritime Marvel Barton Marine Throws Weight Behind the Epic Global Women's Walk 2025
article redirect,https://oldseadogs.com/lifestyle/embrace-the-call-of-the-waves-welcome-longer-days-on-water/,/lifestyle/embrace-the-call-of-the-waves-welcome-longer-days-on-water/,https://www.oldseadogs.com/stories/lifestyle-embrace-the-call-of-the-waves-welcome-longer-days-on-water,/stories/lifestyle-embrace-the-call-of-the-waves-welcome-longer-days-on-water,301,Lifestyle: Get Ready for More Sunlit Hours on Water: Celebrating the Arrival of Longer Days
article redirect,https://oldseadogs.com/lifestyle/the-crucial-role-of-yacht-chefs-in-galley-design/,/lifestyle/the-crucial-role-of-yacht-chefs-in-galley-design/,https://www.oldseadogs.com/stories/lifestyle-the-crucial-role-of-yacht-chefs-in-galley-design,/stories/lifestyle-the-crucial-role-of-yacht-chefs-in-galley-design,301,Lifestyle: Why Yacht Chefs are the Unsung Heroes of Galley Design
article redirect,https://oldseadogs.com/boat-reviews/the-riva-tritone-special-cadillac-nautical-elegance-on-par-with-the-ferrari-250gt0/,/boat-reviews/the-riva-tritone-special-cadillac-nautical-elegance-on-par-with-the-ferrari-250gt0/,https://www.oldseadogs.com/stories/boat-reviews-the-riva-tritone-special-cadillac-nautical-elegance-on-par-with-the-ferrari-250gt0,/stories/boat-reviews-the-riva-tritone-special-cadillac-nautical-elegance-on-par-with-the-ferrari-250gt0,301,Boat Reviews: Step Aboard the Riva Tritone Special Cadillac: The Waterborne Equivalent of a Ferrari 250GTO
article redirect,https://oldseadogs.com/racing/the-thrilling-iom-east-district-series-at-huntingdon-radio-yacht-club/,/racing/the-thrilling-iom-east-district-series-at-huntingdon-radio-yacht-club/,https://www.oldseadogs.com/stories/racing-the-thrilling-iom-east-district-series-at-huntingdon-radio-yacht-club,/stories/racing-the-thrilling-iom-east-district-series-at-huntingdon-radio-yacht-club,301,Racing: Experience the Riveting East District Series at the Illustrious Huntingdon Radio Yacht Club
article redirect,https://oldseadogs.com/lifestyle/the-unseen-side-of-explorer-yachts/,/lifestyle/the-unseen-side-of-explorer-yachts/,https://www.oldseadogs.com/stories/lifestyle-the-unseen-side-of-explorer-yachts,/stories/lifestyle-the-unseen-side-of-explorer-yachts,301,Lifestyle: Diving Deeper: A Fresh View of the Vigorous World of Explorer Yachts
article redirect,https://oldseadogs.com/racing/getting-a-head-start-nzl-womens-iqfoil-team-wins-bronze/,/racing/getting-a-head-start-nzl-womens-iqfoil-team-wins-bronze/,https://www.oldseadogs.com/stories/racing-getting-a-head-start-nzl-womens-iqfoil-team-wins-bronze,/stories/racing-getting-a-head-start-nzl-womens-iqfoil-team-wins-bronze,301,Racing: NZL Women's iQFoil Sailing Team Kicks off LA28 Campaign with Striking Bronze Medal
article redirect,https://oldseadogs.com/news/30m-nautor-swan-onyx-ii-yacht-gets-significant-price-cut/,/news/30m-nautor-swan-onyx-ii-yacht-gets-significant-price-cut/,https://www.oldseadogs.com/stories/news-30m-nautor-swan-onyx-ii-yacht-gets-significant-price-cut,/stories/news-30m-nautor-swan-onyx-ii-yacht-gets-significant-price-cut,301,News: The Majestic 30m Nautor Swan Onyx II Yacht Now Lighter by €550k
article redirect,https://oldseadogs.com/boat-shows/anticipating-the-elegance-at-the-2025-cowes-classics-day/,/boat-shows/anticipating-the-elegance-at-the-2025-cowes-classics-day/,https://www.oldseadogs.com/stories/boat-shows-anticipating-the-elegance-at-the-2025-cowes-classics-day,/stories/boat-shows-anticipating-the-elegance-at-the-2025-cowes-classics-day,301,Shows: Discover Timeless Luxury: Cowes Classics Day 2025 Unveils Free Classic Car and Boat Showcase
article redirect,https://oldseadogs.com/racing/australia-seizes-double-gold-at-spanish-sailing-slam/,/racing/australia-seizes-double-gold-at-spanish-sailing-slam/,https://www.oldseadogs.com/stories/racing-australia-seizes-double-gold-at-spanish-sailing-slam,/stories/racing-australia-seizes-double-gold-at-spanish-sailing-slam,301,Racing: Australia Revels in a Golden Glitter: Sailing Grand Slam Victory in Spain
article redirect,https://oldseadogs.com/racing/irish-sailor-tom-dolan-braces-for-troph%C3%A9e-laura-vergne/,/racing/irish-sailor-tom-dolan-braces-for-troph%C3%A9e-laura-vergne/,https://www.oldseadogs.com/stories/racing-irish-sailor-tom-dolan-braces-for-trophee-laura-vergne,/stories/racing-irish-sailor-tom-dolan-braces-for-trophee-laura-vergne,301,"Racing: Sailing Sensation, Tom Dolan, Gears up for the Thrilling Trophée Laura Vergne Competition"
article redirect,https://oldseadogs.com/news/seattle-gears-up-for-10th-anniversary-of-hosting-clipper-race/,/news/seattle-gears-up-for-10th-anniversary-of-hosting-clipper-race/,https://www.oldseadogs.com/stories/news-seattle-gears-up-for-10th-anniversary-of-hosting-clipper-race,/stories/news-seattle-gears-up-for-10th-anniversary-of-hosting-clipper-race,301,News: Celebrating a decade at sea: Seattle sails into another Clipper Race with team entry
article redirect,https://oldseadogs.com/gear/seld%C3%A9n-mast-debuts-online-store-in-u.s.-expands-access-to-quality-spare-parts/,/gear/seld%C3%A9n-mast-debuts-online-store-in-u.s.-expands-access-to-quality-spare-parts/,https://www.oldseadogs.com/stories/gear-selden-mast-debuts-online-store-in-u-s-expands-access-to-quality-spare-parts,/stories/gear-selden-mast-debuts-online-store-in-u-s-expands-access-to-quality-spare-parts,301,"Gear: Sweden’s Seldén Mast Shakes Things Up, Establishes a Foothold in the U.S. with Online Store Featuring Genuine Spare Parts"
article redirect,https://oldseadogs.com/boat-reviews/sunseeker-reveals-trio-of-new-superyachts/,/boat-reviews/sunseeker-reveals-trio-of-new-superyachts/,https://www.oldseadogs.com/stories/boat-reviews-sunseeker-reveals-trio-of-new-superyachts,/stories/boat-reviews-sunseeker-reveals-trio-of-new-superyachts,301,Boat Reviews: British Luxury Yacht Manufacturer Sunseeker Steps Up Their Game with Announcement of Three New Superyachts
article redirect,https://oldseadogs.com/racing/european-j/70-corinthian-championship-portugals-thrilling-opening-days/,/racing/european-j/70-corinthian-championship-portugals-thrilling-opening-days/,https://www.oldseadogs.com/stories/racing-70-corinthian-championship-portugals-thrilling-opening-days,/stories/racing-70-corinthian-championship-portugals-thrilling-opening-days,301,Racing: Drama Off Portugal's Coast: Inside the Opening Days of the European J/70 Corinthian Championship
article redirect,https://oldseadogs.com/lifestyle/experience-the-high-seas-with-dovestone-sailing-club/,/lifestyle/experience-the-high-seas-with-dovestone-sailing-club/,https://www.oldseadogs.com/stories/lifestyle-experience-the-high-seas-with-dovestone-sailing-club,/stories/lifestyle-experience-the-high-seas-with-dovestone-sailing-club,301,Lifestyle: Set Sail with Dovestone Sailing Club: A Nautical Adventure Awaits
article redirect,https://oldseadogs.com/boat-reviews/exquisite-gulf-craft-motor-yacht-sehamia-experiences-a-1.4m-dip-in-price/,/boat-reviews/exquisite-gulf-craft-motor-yacht-sehamia-experiences-a-1.4m-dip-in-price/,https://www.oldseadogs.com/stories/boat-reviews-exquisite-gulf-craft-motor-yacht-sehamia-experiences-a-1-4m-dip-in-price,/stories/boat-reviews-exquisite-gulf-craft-motor-yacht-sehamia-experiences-a-1-4m-dip-in-price,301,"Boat Reviews: Gulf Craft's Sehamia, the Epitome of Luxury, Now Showcases a Stunning $1.4M Price Reduction"
article redirect,https://oldseadogs.com/masterclass/investigating-the-transat-paprec-skippers/,/masterclass/investigating-the-transat-paprec-skippers/,https://www.oldseadogs.com/stories/masterclass-investigating-the-transat-paprec-skippers,/stories/masterclass-investigating-the-transat-paprec-skippers,301,Masterclass: Delving into the Intricate World of Transat Paprec's Masterful Skippers
article redirect,https://oldseadogs.com/gear/new-board-short-collection-unveiled-by-vaikobi/,/gear/new-board-short-collection-unveiled-by-vaikobi/,https://www.oldseadogs.com/stories/gear-new-board-short-collection-unveiled-by-vaikobi,/stories/gear-new-board-short-collection-unveiled-by-vaikobi,301,Gear: Breaking Waves: Vaikobi Debuts Stylish Board Short Collection with Stellar Deal
article redirect,https://oldseadogs.com/boat-reviews/the-aquador-400ht-merging-day-boating-versatility-and-cruising-potential/,/boat-reviews/the-aquador-400ht-merging-day-boating-versatility-and-cruising-potential/,https://www.oldseadogs.com/stories/boat-reviews-the-aquador-400ht-merging-day-boating-versatility-and-cruising-potential,/stories/boat-reviews-the-aquador-400ht-merging-day-boating-versatility-and-cruising-potential,301,Boat Reviews: A Boat Like No Other: Dive into the Exceptional Fusion of Daytime Boating Versatility and Cruising Capability of Aquador 400HT
article redirect,https://oldseadogs.com/lifestyle/the-brilliance-behind-sailing-yacht-ownership/,/lifestyle/the-brilliance-behind-sailing-yacht-ownership/,https://www.oldseadogs.com/stories/lifestyle-the-brilliance-behind-sailing-yacht-ownership,/stories/lifestyle-the-brilliance-behind-sailing-yacht-ownership,301,Lifestyle: Decoding the Genius: Are Sailing-Yacht Owners Truly the Most Astute?
article redirect,https://oldseadogs.com/news/2025-gjw-direct-phantom-super-series-launches-at-stone-sailing-club/,/news/2025-gjw-direct-phantom-super-series-launches-at-stone-sailing-club/,https://www.oldseadogs.com/stories/news-2025-gjw-direct-phantom-super-series-launches-at-stone-sailing-club,/stories/news-2025-gjw-direct-phantom-super-series-launches-at-stone-sailing-club,301,News: Stone Sailing Club Gears up to Host the Thrilling Kick-off of the 2025 GJW Direct Phantom Super Series
article redirect,https://oldseadogs.com/boat-reviews/prestige-unveils-new-addition-to-m-series-powercat-family/,/boat-reviews/prestige-unveils-new-addition-to-m-series-powercat-family/,https://www.oldseadogs.com/stories/boat-reviews-prestige-unveils-new-addition-to-m-series-powercat-family,/stories/boat-reviews-prestige-unveils-new-addition-to-m-series-powercat-family,301,Boat Reviews: Prestige Breaks New Ground by Introducing a Third Powercat Option in the Esteemed M-Series Family
article redirect,https://oldseadogs.com/masterclass/sailing-through-contractual-tides/,/masterclass/sailing-through-contractual-tides/,https://www.oldseadogs.com/stories/masterclass-sailing-through-contractual-tides,/stories/masterclass-sailing-through-contractual-tides,301,Masterclass: Navigating the Sea of Legalities: A comprehensive guide to understanding marine contracts.
article redirect,https://oldseadogs.com/racing/showdown-at-rutland-2025-international-moth-northern-championship/,/racing/showdown-at-rutland-2025-international-moth-northern-championship/,https://www.oldseadogs.com/stories/racing-showdown-at-rutland-2025-international-moth-northern-championship,/stories/racing-showdown-at-rutland-2025-international-moth-northern-championship,301,Racing: Dive into the Thrilling Sea Escapades at the 2025 International Moth Northern Championship at Rutland Sailing Club
article redirect,https://oldseadogs.com/boat-shows/southampton-to-host-ancasta-spring-boat-show/,/boat-shows/southampton-to-host-ancasta-spring-boat-show/,https://www.oldseadogs.com/stories/boat-shows-southampton-to-host-ancasta-spring-boat-show,/stories/boat-shows-southampton-to-host-ancasta-spring-boat-show,301,Shows: Southampton Gears Up for the Celebrated Ancasta Spring Boat Show – A Nautical Extravaganza
article redirect,https://oldseadogs.com/lifestyle/the-power-of-trust-in-navigating-the-waters/,/lifestyle/the-power-of-trust-in-navigating-the-waters/,https://www.oldseadogs.com/stories/lifestyle-the-power-of-trust-in-navigating-the-waters,/stories/lifestyle-the-power-of-trust-in-navigating-the-waters,301,Lifestyle: Discover the Immense Role Trust Plays in Navigating through Life's Maritime Journeys
article redirect,https://oldseadogs.com/racing/illuminating-the-hearts-of-sailors-the-2025-sail-port-stephens-passage-series/,/racing/illuminating-the-hearts-of-sailors-the-2025-sail-port-stephens-passage-series/,https://www.oldseadogs.com/stories/racing-illuminating-the-hearts-of-sailors-the-2025-sail-port-stephens-passage-series,/stories/racing-illuminating-the-hearts-of-sailors-the-2025-sail-port-stephens-passage-series,301,Racing: Experiencing the Thrill and Beauty of the Sail Port Stephens 2025 Passage Series
article redirect,https://oldseadogs.com/news/scorpion-youth-series-scores-a-major-sponsor-triggernaut/,/news/scorpion-youth-series-scores-a-major-sponsor-triggernaut/,https://www.oldseadogs.com/stories/news-scorpion-youth-series-scores-a-major-sponsor-triggernaut,/stories/news-scorpion-youth-series-scores-a-major-sponsor-triggernaut,301,News: Sail Away with Style: Triggernaut Steps Up as Scorpion Youth Series Sponsor
article redirect,https://oldseadogs.com/lifestyle/eternal-affinity-for-benetti-yachts/,/lifestyle/eternal-affinity-for-benetti-yachts/,https://www.oldseadogs.com/stories/lifestyle-eternal-affinity-for-benetti-yachts,/stories/lifestyle-eternal-affinity-for-benetti-yachts,301,Lifestyle: Unveiling A Timeless Love Story: The Indefinite Romance with Benetti Yachts
article redirect,https://oldseadogs.com/boat-reviews/rivas-spectacular-launch-of-new-compact-model/,/boat-reviews/rivas-spectacular-launch-of-new-compact-model/,https://www.oldseadogs.com/stories/boat-reviews-rivas-spectacular-launch-of-new-compact-model,/stories/boat-reviews-rivas-spectacular-launch-of-new-compact-model,301,Boat Reviews: Riva Stuns Boating Community with Unveiling of Beautifully Crafted Compact Model
article redirect,https://oldseadogs.com/racing/the-story-of-west-country-boat-repairs-ultramarine-sail-challenge/,/racing/the-story-of-west-country-boat-repairs-ultramarine-sail-challenge/,https://www.oldseadogs.com/stories/racing-the-story-of-west-country-boat-repairs-ultramarine-sail-challenge,/stories/racing-the-story-of-west-country-boat-repairs-ultramarine-sail-challenge,301,Racing: Unfolding the West Country Boat Repairs RS200 SW Ugly Tour at Bristol Corinthian Yacht Club
article redirect,https://oldseadogs.com/news/unfolding-the-mysteries-of-hvo/,/news/unfolding-the-mysteries-of-hvo/,https://www.oldseadogs.com/stories/news-unfolding-the-mysteries-of-hvo,/stories/news-unfolding-the-mysteries-of-hvo,301,News: Unlocking Secrets: A Deep Dive into the Intricacies of HVO
article redirect,https://oldseadogs.com/racing/fierce-nautical-showdowns-expected-at-54th-trofeo-princesa-sofia-mallorca/,/racing/fierce-nautical-showdowns-expected-at-54th-trofeo-princesa-sofia-mallorca/,https://www.oldseadogs.com/stories/racing-fierce-nautical-showdowns-expected-at-54th-trofeo-princesa-sofia-mallorca,/stories/racing-fierce-nautical-showdowns-expected-at-54th-trofeo-princesa-sofia-mallorca,301,Racing: Awe-Inspiring High-Seas Drama Poised to Unfold at 54th Trofeo Princesa Sofia Mallorca
article redirect,https://oldseadogs.com/news/groundbreaking-young-sailor-inspires-new-wave/,/news/groundbreaking-young-sailor-inspires-new-wave/,https://www.oldseadogs.com/stories/news-groundbreaking-young-sailor-inspires-new-wave,/stories/news-groundbreaking-young-sailor-inspires-new-wave,301,News: Trailblazing Young Mariner Sets Course for the Next Generation of Sailing Enthusiasts
article redirect,https://oldseadogs.com/boat-shows/worlds-top-classic-yacht-forum-hss-symposium/,/boat-shows/worlds-top-classic-yacht-forum-hss-symposium/,https://www.oldseadogs.com/stories/boat-shows-worlds-top-classic-yacht-forum-hss-symposium,/stories/boat-shows-worlds-top-classic-yacht-forum-hss-symposium,301,Shows: HSS Symposium Reinforces Its Superiority: World's Premier Venue for Classic Yacht Enthusiasts
article redirect,https://oldseadogs.com/lifestyle/jasmine-harrisons-ongoing-global-voyage/,/lifestyle/jasmine-harrisons-ongoing-global-voyage/,https://www.oldseadogs.com/stories/lifestyle-jasmine-harrisons-ongoing-global-voyage,/stories/lifestyle-jasmine-harrisons-ongoing-global-voyage,301,Lifestyle: Jasmine Harrison Persistently Pursues the Globe: An Endless Journey Across the Week
article redirect,https://oldseadogs.com/news/luxurious-30m-azimut-yacht-consumed-by-fire-in-montenegro/,/news/luxurious-30m-azimut-yacht-consumed-by-fire-in-montenegro/,https://www.oldseadogs.com/stories/news-luxurious-30m-azimut-yacht-consumed-by-fire-in-montenegro,/stories/news-luxurious-30m-azimut-yacht-consumed-by-fire-in-montenegro,301,"News: 30m Azimut, Ramonda, Ravaged by Flames - A Tragic Affair in Montenegro's Yachting Scene"
article redirect,https://oldseadogs.com/racing/the-stunning-return-of-ragtime-to-transpac/,/racing/the-stunning-return-of-ragtime-to-transpac/,https://www.oldseadogs.com/stories/racing-the-stunning-return-of-ragtime-to-transpac,/stories/racing-the-stunning-return-of-ragtime-to-transpac,301,Racing: Nostalgia on the Sea: The Inspiring Comeback of Ragtime to the Colossal Transpac Race
article redirect,https://oldseadogs.com/news/exmoor-beastie-an-epic-voyage-set-for-2025/,/news/exmoor-beastie-an-epic-voyage-set-for-2025/,https://www.oldseadogs.com/stories/news-exmoor-beastie-an-epic-voyage-set-for-2025,/stories/news-exmoor-beastie-an-epic-voyage-set-for-2025,301,News: Unveiling of Exmoor Beastie 2025: The Ultimate Sailing Venture Sponsored by Exmoor Ales
article redirect,https://oldseadogs.com/racing/national-12-class-craftinsure-championship-at-burghfield/,/racing/national-12-class-craftinsure-championship-at-burghfield/,https://www.oldseadogs.com/stories/racing-national-12-class-craftinsure-championship-at-burghfield,/stories/racing-national-12-class-craftinsure-championship-at-burghfield,301,Racing: Breath-taking Action on the Water: The National 12 Class Craftinsure Series at Burghfield Sailing Club
article redirect,https://oldseadogs.com/boat-shows/sanlorenzo-yachts-unveils-impressive-lineup-for-uks-grandest-boat-show/,/boat-shows/sanlorenzo-yachts-unveils-impressive-lineup-for-uks-grandest-boat-show/,https://www.oldseadogs.com/stories/boat-shows-sanlorenzo-yachts-unveils-impressive-lineup-for-uks-grandest-boat-show,/stories/boat-shows-sanlorenzo-yachts-unveils-impressive-lineup-for-uks-grandest-boat-show,301,Shows: Sanlorenzo Yachts Drops Anchor with Highly Anticipated Display at the Largest Ever British Motor Yacht Show
article redirect,https://oldseadogs.com/boat-reviews/unravelling-mysteries-of-the-elusive-xr-41/,/boat-reviews/unravelling-mysteries-of-the-elusive-xr-41/,https://www.oldseadogs.com/stories/boat-reviews-unravelling-mysteries-of-the-elusive-xr-41,/stories/boat-reviews-unravelling-mysteries-of-the-elusive-xr-41,301,Boat Reviews: Dive into the Secrets and Marvels of the 'Unattainable' XR 41: A Yachting Phenomenon
article redirect,https://oldseadogs.com/boat-reviews/unveiling-the-recreation-enhanced-skilso-35-panorama/,/boat-reviews/unveiling-the-recreation-enhanced-skilso-35-panorama/,https://www.oldseadogs.com/stories/boat-reviews-unveiling-the-recreation-enhanced-skilso-35-panorama,/stories/boat-reviews-unveiling-the-recreation-enhanced-skilso-35-panorama,301,Boat Reviews: Skilso 35 Panorama: A Game Changer of Sea Adventures Redefining Recreational Sailing
article redirect,https://oldseadogs.com/gear/dynamic-range-henri-lloyds-game-changer-in-marine-apparel/,/gear/dynamic-range-henri-lloyds-game-changer-in-marine-apparel/,https://www.oldseadogs.com/stories/gear-dynamic-range-henri-lloyds-game-changer-in-marine-apparel,/stories/gear-dynamic-range-henri-lloyds-game-changer-in-marine-apparel,301,Gear: Experience Henri-Lloyd's Dynamic Range: A Revolutionary Leap in Nautical Fashion
article redirect,https://oldseadogs.com/racing/melbourne-osaka-cup-alive-gears-up-for-impending-challenge/,/racing/melbourne-osaka-cup-alive-gears-up-for-impending-challenge/,https://www.oldseadogs.com/stories/racing-melbourne-osaka-cup-alive-gears-up-for-impending-challenge,/stories/racing-melbourne-osaka-cup-alive-gears-up-for-impending-challenge,301,Racing: Alive Prepped and Primed for High Stakes in the Imminent Melbourne Osaka Cup Clash
article redirect,https://oldseadogs.com/news/projecting-the-nautical-industrys-horizon/,/news/projecting-the-nautical-industrys-horizon/,https://www.oldseadogs.com/stories/news-projecting-the-nautical-industrys-horizon,/stories/news-projecting-the-nautical-industrys-horizon,301,News: Navigating the Future: Unlocking the Mysteries of the Boating Industry
article redirect,https://oldseadogs.com/boat-reviews/the-marex-440-scandinavia-the-epitome-of-evolution/,/boat-reviews/the-marex-440-scandinavia-the-epitome-of-evolution/,https://www.oldseadogs.com/stories/boat-reviews-the-marex-440-scandinavia-the-epitome-of-evolution,/stories/boat-reviews-the-marex-440-scandinavia-the-epitome-of-evolution,301,"Boat Reviews: Step Aboard the Marex 440 Scandinavia: A Testament to Evolution, Not Revolution"
article redirect,https://oldseadogs.com/news/sailing-legend-matt-mitchell-a-tribute-to-the-triple-americas-cup-victor/,/news/sailing-legend-matt-mitchell-a-tribute-to-the-triple-americas-cup-victor/,https://www.oldseadogs.com/stories/news-sailing-legend-matt-mitchell-a-tribute-to-the-triple-americas-cup-victor,/stories/news-sailing-legend-matt-mitchell-a-tribute-to-the-triple-americas-cup-victor,301,"News: Celebrating the Life and Triumphs of Late Sailing Icon, Matt Mitchell, Winner of America's Cup Thrice"
article redirect,https://oldseadogs.com/racing/splendid-showdown-craftinsure-silver-tiller-and-allspars-sw-series/,/racing/splendid-showdown-craftinsure-silver-tiller-and-allspars-sw-series/,https://www.oldseadogs.com/stories/racing-splendid-showdown-craftinsure-silver-tiller-and-allspars-sw-series,/stories/racing-splendid-showdown-craftinsure-silver-tiller-and-allspars-sw-series,301,Racing: Intense Rivalry on the Waves: Craftinsure Silver Tiller Battles Allspars SW Series at the Prestigious Salcombe Yacht Club
article redirect,https://oldseadogs.com/boat-reviews/unveiling-the-windy-29-hurac%C3%A1n-sleek-speedy-and-sophisticated/,/boat-reviews/unveiling-the-windy-29-hurac%C3%A1n-sleek-speedy-and-sophisticated/,https://www.oldseadogs.com/stories/boat-reviews-unveiling-the-windy-29-huracan-sleek-speedy-and-sophisticated,/stories/boat-reviews-unveiling-the-windy-29-huracan-sleek-speedy-and-sophisticated,301,Boat Reviews: Experience the Epitome of Luxury and Speed with the Windy 29 Huracán
article redirect,https://oldseadogs.com/racing/epic-showdown-anticipated-for-2025-chile-world-cup/,/racing/epic-showdown-anticipated-for-2025-chile-world-cup/,https://www.oldseadogs.com/stories/racing-epic-showdown-anticipated-for-2025-chile-world-cup,/stories/racing-epic-showdown-anticipated-for-2025-chile-world-cup,301,Racing: A Riotous Clash on the Regatta Horizon: Anticipating the 2025 Chile World Cup
article redirect,https://oldseadogs.com/lifestyle/grant-dalton-obe-fosters-sons-nautical-passion-with-rs-quest/,/lifestyle/grant-dalton-obe-fosters-sons-nautical-passion-with-rs-quest/,https://www.oldseadogs.com/stories/lifestyle-grant-dalton-obe-fosters-sons-nautical-passion-with-rs-quest,/stories/lifestyle-grant-dalton-obe-fosters-sons-nautical-passion-with-rs-quest,301,Lifestyle: How Grant Dalton OBE Finds the Perfect Vessel for His Son's Sailing Intro
article redirect,https://oldseadogs.com/boat-shows/preparing-for-the-magic-ginger-boats-bass-week-approaches/,/boat-shows/preparing-for-the-magic-ginger-boats-bass-week-approaches/,https://www.oldseadogs.com/stories/boat-shows-preparing-for-the-magic-ginger-boats-bass-week-approaches,/stories/boat-shows-preparing-for-the-magic-ginger-boats-bass-week-approaches,301,Shows: Ginger Boats Bass Week: Unfurl the Sails for the Nautical Fiesta of the Year
article redirect,https://oldseadogs.com/boat-reviews/reflecting-on-sunseeker-manhattan-68s-grand-interior-makeover/,/boat-reviews/reflecting-on-sunseeker-manhattan-68s-grand-interior-makeover/,https://www.oldseadogs.com/stories/boat-reviews-reflecting-on-sunseeker-manhattan-68s-grand-interior-makeover,/stories/boat-reviews-reflecting-on-sunseeker-manhattan-68s-grand-interior-makeover,301,Boat Reviews: Behold the Sunseeker Manhattan 68's Stellar Transformation: A New Era of Nautical Opulence
article redirect,https://oldseadogs.com/news/vilamoura-amps-up-for-riveting-dragon-sailing-events/,/news/vilamoura-amps-up-for-riveting-dragon-sailing-events/,https://www.oldseadogs.com/stories/news-vilamoura-amps-up-for-riveting-dragon-sailing-events,/stories/news-vilamoura-amps-up-for-riveting-dragon-sailing-events,301,"News: After much anticipation, Vilamoura is set to become the epicentre of the Dragon Sailing circuit."
article redirect,https://oldseadogs.com/racing/dramatic-turn-of-events-at-sailgp-as-australians-lose-wingsail/,/racing/dramatic-turn-of-events-at-sailgp-as-australians-lose-wingsail/,https://www.oldseadogs.com/stories/racing-dramatic-turn-of-events-at-sailgp-as-australians-lose-wingsail,/stories/racing-dramatic-turn-of-events-at-sailgp-as-australians-lose-wingsail,301,Racing: An Unexpected Loss for Australians at SailGP as Wingsail Drops Seconds Before Final Race Begins
article redirect,https://oldseadogs.com/boat-reviews/introducing-tankoas-new-luxurious-52m-s520-superyacht/,/boat-reviews/introducing-tankoas-new-luxurious-52m-s520-superyacht/,https://www.oldseadogs.com/stories/boat-reviews-introducing-tankoas-new-luxurious-52m-s520-superyacht,/stories/boat-reviews-introducing-tankoas-new-luxurious-52m-s520-superyacht,301,Boat Reviews: Discover the Elegance of the Ocean with Tankoa's 52m S520 Split-Level Beach Club Superyacht
article redirect,https://oldseadogs.com/news/is-a-digital-crew-concierge-service-your-clubs-missing-piece/,/news/is-a-digital-crew-concierge-service-your-clubs-missing-piece/,https://www.oldseadogs.com/stories/news-is-a-digital-crew-concierge-service-your-clubs-missing-piece,/stories/news-is-a-digital-crew-concierge-service-your-clubs-missing-piece,301,News: Revolutionize Your Club Experience with the Adoption of a Digital Crew Concierge Service
article redirect,https://oldseadogs.com/lifestyle/navigating-the-seas-of-mothers-day-gift-from-musto/,/lifestyle/navigating-the-seas-of-mothers-day-gift-from-musto/,https://www.oldseadogs.com/stories/lifestyle-navigating-the-seas-of-mothers-day-gift-from-musto,/stories/lifestyle-navigating-the-seas-of-mothers-day-gift-from-musto,301,Lifestyle: Musto Sets Sail for a Mother's Day to Remember with Premium Yachting Gifts
article redirect,https://oldseadogs.com/racing/rising-tides-iom-rankings-1-2-at-scarborough-model-yacht-club/,/racing/rising-tides-iom-rankings-1-2-at-scarborough-model-yacht-club/,https://www.oldseadogs.com/stories/racing-rising-tides-iom-rankings-1-2-at-scarborough-model-yacht-club,/stories/racing-rising-tides-iom-rankings-1-2-at-scarborough-model-yacht-club,301,Racing: Wind in the Sails: Breaking Down the IOM Rankings at the Luxury Scarborough Model Yacht Club
article redirect,https://oldseadogs.com/news/thrilling-start-to-the-sailfest-newcastle-regatta-2025/,/news/thrilling-start-to-the-sailfest-newcastle-regatta-2025/,https://www.oldseadogs.com/stories/news-thrilling-start-to-the-sailfest-newcastle-regatta-2025,/stories/news-thrilling-start-to-the-sailfest-newcastle-regatta-2025,301,News: SailFest Newcastle Regatta 2025 Kicks Off with a Spectacular In-Harbour Start
article redirect,https://oldseadogs.com/racing/daring-endeavors-bravery-in-san-franciscos-sailgp-races/,/racing/daring-endeavors-bravery-in-san-franciscos-sailgp-races/,https://www.oldseadogs.com/stories/racing-daring-endeavors-bravery-in-san-franciscos-sailgp-races,/stories/racing-daring-endeavors-bravery-in-san-franciscos-sailgp-races,301,Racing: Endurance and Daring: The Secret Formula to Navigating the Extreme Conditions of San Francisco's SailGP Races
article redirect,https://oldseadogs.com/news/isa-yachts-second-65m-classic-model-sold/,/news/isa-yachts-second-65m-classic-model-sold/,https://www.oldseadogs.com/stories/news-isa-yachts-second-65m-classic-model-sold,/stories/news-isa-yachts-second-65m-classic-model-sold,301,News: ISA Yachts Finds New Owner for Its Second Prodigious 65-Meter Classic Model
article redirect,https://oldseadogs.com/gear/the-launch-of-wescom-groups-dazzling-digital-sarfinder-mob-tracker/,/gear/the-launch-of-wescom-groups-dazzling-digital-sarfinder-mob-tracker/,https://www.oldseadogs.com/stories/gear-the-launch-of-wescom-groups-dazzling-digital-sarfinder-mob-tracker,/stories/gear-the-launch-of-wescom-groups-dazzling-digital-sarfinder-mob-tracker,301,Gear: Take Boating Safety to the Next Level: Wescom Group Unleashes Ground-breaking Digital SARfinder MOB Tracker
article redirect,https://oldseadogs.com/boat-reviews/unveiling-the-princess-f58-the-latest-british-marine-marvel/,/boat-reviews/unveiling-the-princess-f58-the-latest-british-marine-marvel/,https://www.oldseadogs.com/stories/boat-reviews-unveiling-the-princess-f58-the-latest-british-marine-marvel,/stories/boat-reviews-unveiling-the-princess-f58-the-latest-british-marine-marvel,301,"Boat Reviews: Discover the Feast for the Senses That is the Princess F58, Britain's Latest Nautical beauty"
article redirect,https://oldseadogs.com/boat-shows/unveiling-the-triumph-project-821/,/boat-shows/unveiling-the-triumph-project-821/,https://www.oldseadogs.com/stories/boat-shows-unveiling-the-triumph-project-821,/stories/boat-shows-unveiling-the-triumph-project-821,301,Shows: Project 821: Charting Uncharted Waters and Conquering the Seas
article redirect,https://oldseadogs.com/news/2025-noble-marine-rs100-rs500-and-rs600-nationals-officially-announced/,/news/2025-noble-marine-rs100-rs500-and-rs600-nationals-officially-announced/,https://www.oldseadogs.com/stories/news-2025-noble-marine-rs100-rs500-and-rs600-nationals-officially-announced,/stories/news-2025-noble-marine-rs100-rs500-and-rs600-nationals-officially-announced,301,"News: RS Class Association Throws Open the Gates for 2025 Noble Marine RS100, RS500 and RS600 Nationals"
article redirect,https://oldseadogs.com/racing/national-inland-championship-thrills-at-windermere/,/racing/national-inland-championship-thrills-at-windermere/,https://www.oldseadogs.com/stories/racing-national-inland-championship-thrills-at-windermere,/stories/racing-national-inland-championship-thrills-at-windermere,301,Racing: Epic Sailing Battles Unfold at the IRC Inland National Championship in Windermere
article redirect,https://oldseadogs.com/boat-shows/unveiling-aiatas-wayfinder-38-an-extraordinary-design-statement/,/boat-shows/unveiling-aiatas-wayfinder-38-an-extraordinary-design-statement/,https://www.oldseadogs.com/stories/boat-shows-unveiling-aiatas-wayfinder-38-an-extraordinary-design-statement,/stories/boat-shows-unveiling-aiatas-wayfinder-38-an-extraordinary-design-statement,301,Shows: Debuting the Aiata Wayfinder 38: An Exceptional Flared Design Evoking the Glamour of ABBA
article redirect,https://oldseadogs.com/racing/championship-derbies-at-the-lavish-grafham-water-sailing-club/,/racing/championship-derbies-at-the-lavish-grafham-water-sailing-club/,https://www.oldseadogs.com/stories/racing-championship-derbies-at-the-lavish-grafham-water-sailing-club,/stories/racing-championship-derbies-at-the-lavish-grafham-water-sailing-club,301,Racing: Storm in a Teacup: The Thrilling Encounter at the Ovington & OK Dinghy Inland Championships
article redirect,https://oldseadogs.com/boat-reviews/majestic-sailing-trial-run-of-the-cure-55/,/boat-reviews/majestic-sailing-trial-run-of-the-cure-55/,https://www.oldseadogs.com/stories/boat-reviews-majestic-sailing-trial-run-of-the-cure-55,/stories/boat-reviews-majestic-sailing-trial-run-of-the-cure-55,301,Boat Reviews: Breakthrough in Boating: The Cure 55's Maiden Sea Trial
article redirect,https://oldseadogs.com/boat-shows/melges-uk-continues-its-watersport-show-offers/,/boat-shows/melges-uk-continues-its-watersport-show-offers/,https://www.oldseadogs.com/stories/boat-shows-melges-uk-continues-its-watersport-show-offers,/stories/boat-shows-melges-uk-continues-its-watersport-show-offers,301,"Shows: Melges UK Takes a Leap Forward, Extending its Dinghy and Watersports Show Promotions"
article redirect,https://oldseadogs.com/lifestyle/the-firefly-spectacle-at-the-ovington-inlands/,/lifestyle/the-firefly-spectacle-at-the-ovington-inlands/,https://www.oldseadogs.com/stories/lifestyle-the-firefly-spectacle-at-the-ovington-inlands,/stories/lifestyle-the-firefly-spectacle-at-the-ovington-inlands,301,Lifestyle: Journey into the Effervescent World of Firefly Sailing at Ovington Inlands
article redirect,https://oldseadogs.com/racing/the-ocean-race-celebrating-half-a-century-at-its-spiritual-home/,/racing/the-ocean-race-celebrating-half-a-century-at-its-spiritual-home/,https://www.oldseadogs.com/stories/racing-the-ocean-race-celebrating-half-a-century-at-its-spiritual-home,/stories/racing-the-ocean-race-celebrating-half-a-century-at-its-spiritual-home,301,Racing: 50 Years of Adventure and Resolve: The Ocean Race Returns to its Iconic Origin
article redirect,https://oldseadogs.com/lifestyle/the-significance-of-naming-in-nautical-tradition/,/lifestyle/the-significance-of-naming-in-nautical-tradition/,https://www.oldseadogs.com/stories/lifestyle-the-significance-of-naming-in-nautical-tradition,/stories/lifestyle-the-significance-of-naming-in-nautical-tradition,301,"Lifestyle: Explore the Long-Standing Tradition of Naming Vessels: Unpacking the History, Symbolism, and Rituals"
article redirect,https://oldseadogs.com/boat-reviews/the-ultimate-quartet-top-four-boats-for-novice-navigators/,/boat-reviews/the-ultimate-quartet-top-four-boats-for-novice-navigators/,https://www.oldseadogs.com/stories/boat-reviews-the-ultimate-quartet-top-four-boats-for-novice-navigators,/stories/boat-reviews-the-ultimate-quartet-top-four-boats-for-novice-navigators,301,Boat Reviews: Navigating the Waters with Ease: The Top Four Boats Perfect for Beginner Boaters
article redirect,https://oldseadogs.com/boat-reviews/hybrid-rib-highfield-adv-7-beauty-with-ample-seating/,/boat-reviews/hybrid-rib-highfield-adv-7-beauty-with-ample-seating/,https://www.oldseadogs.com/stories/boat-reviews-hybrid-rib-highfield-adv-7-beauty-with-ample-seating,/stories/boat-reviews-hybrid-rib-highfield-adv-7-beauty-with-ample-seating,301,Boat Reviews: A First Encounter with the Highfield Adv 7: A Standout Hybrid RIB with Comfort for Mile
article redirect,https://oldseadogs.com/news/nautical-novices-cadets-gather-at-frensham-sailing-club/,/news/nautical-novices-cadets-gather-at-frensham-sailing-club/,https://www.oldseadogs.com/stories/news-nautical-novices-cadets-gather-at-frensham-sailing-club,/stories/news-nautical-novices-cadets-gather-at-frensham-sailing-club,301,News: Sea Cadets Make Waves at Frensham Pond Sailing Club's Open Gathering
article redirect,https://oldseadogs.com/boat-reviews/revamping-exploration-ares-yachts-unveils-54m-atlas-yacht-concept/,/boat-reviews/revamping-exploration-ares-yachts-unveils-54m-atlas-yacht-concept/,https://www.oldseadogs.com/stories/boat-reviews-revamping-exploration-ares-yachts-unveils-54m-atlas-yacht-concept,/stories/boat-reviews-revamping-exploration-ares-yachts-unveils-54m-atlas-yacht-concept,301,Boat Reviews: Ares Yachts Ushers in a New Age of Maritime Exploration with Their Groundbreaking 54m Atlas Yacht Concept
article redirect,https://oldseadogs.com/boat-shows/unveiling-the-sanctuary-cove-international-boat-show-2025/,/boat-shows/unveiling-the-sanctuary-cove-international-boat-show-2025/,https://www.oldseadogs.com/stories/boat-shows-unveiling-the-sanctuary-cove-international-boat-show-2025,/stories/boat-shows-unveiling-the-sanctuary-cove-international-boat-show-2025,301,"Shows: The Sanctuary Cove International Boat Show 2025: Elevating Luxury with Bigger, Bolder, Spectacles"
article redirect,https://oldseadogs.com/news/exhilarating-k1-open-meet-at-barnt-green-sailing-club/,/news/exhilarating-k1-open-meet-at-barnt-green-sailing-club/,https://www.oldseadogs.com/stories/news-exhilarating-k1-open-meet-at-barnt-green-sailing-club,/stories/news-exhilarating-k1-open-meet-at-barnt-green-sailing-club,301,News: At the Pinnacle of Leisure: The Thrilling K1 Open Meeting Sailors Dream About at Barnt Green Club
article redirect,https://oldseadogs.com/racing/mercedes-iv-dominates-2024/2025-classic-yacht-summer-series/,/racing/mercedes-iv-dominates-2024/2025-classic-yacht-summer-series/,https://www.oldseadogs.com/stories/racing-2025-classic-yacht-summer-series,/stories/racing-2025-classic-yacht-summer-series,301,Racing: Mercedes IV Seizes Victory in the Thrilling Classic Yacht Association's 2024/2025 Summer Series on Port Phillip
article redirect,https://oldseadogs.com/lifestyle/no-time-for-excuses/,/lifestyle/no-time-for-excuses/,https://www.oldseadogs.com/stories/lifestyle-no-time-for-excuses,/stories/lifestyle-no-time-for-excuses,301,Lifestyle: Bidding Farewell to Excuses: Embrace the Unstoppable Sea Adventure
article redirect,https://oldseadogs.com/boat-reviews/prestige-f4.3-the-ideal-family-vessel/,/boat-reviews/prestige-f4.3-the-ideal-family-vessel/,https://www.oldseadogs.com/stories/boat-reviews-prestige-f4-3-the-ideal-family-vessel,/stories/boat-reviews-prestige-f4-3-the-ideal-family-vessel,301,Boat Reviews: Discover the Prestige F4.3: Could This Be the Ultimate Family Boat Experience?
article redirect,https://oldseadogs.com/lifestyle/second-fleet-of-donated-vessels-headed-to-st-vincent-the-grenadines-by-abc-lives-project/,/lifestyle/second-fleet-of-donated-vessels-headed-to-st-vincent-the-grenadines-by-abc-lives-project/,https://www.oldseadogs.com/stories/lifestyle-second-fleet-of-donated-vessels-headed-to-st-vincent-the-grenadines-by-abc-lives-proje,/stories/lifestyle-second-fleet-of-donated-vessels-headed-to-st-vincent-the-grenadines-by-abc-lives-proje,301,"Lifestyle: ABC Lives Project Fuels a Second Wave of Generosity, Sending Donated Boats to St Vincent and the Grenadines"
article redirect,https://oldseadogs.com/lifestyle/the-intricate-connection-between-noise-and-silence/,/lifestyle/the-intricate-connection-between-noise-and-silence/,https://www.oldseadogs.com/stories/lifestyle-the-intricate-connection-between-noise-and-silence,/stories/lifestyle-the-intricate-connection-between-noise-and-silence,301,Lifestyle: Decoding the Harmony Between Noise and Silence: Is it Art Or Science?
article redirect,https://oldseadogs.com/news/the-exhilarating-march-cadet-winter-training-2025/,/news/the-exhilarating-march-cadet-winter-training-2025/,https://www.oldseadogs.com/stories/news-the-exhilarating-march-cadet-winter-training-2025,/stories/news-the-exhilarating-march-cadet-winter-training-2025,301,News: Experience The Thriving Spirit of Young Sailors at The 2025 March Cadet Winter Training at Fishers Green
article redirect,https://oldseadogs.com/racing/northstar-canada-seizes-victory-outshining-blackfoils-in-sailgp-series/,/racing/northstar-canada-seizes-victory-outshining-blackfoils-in-sailgp-series/,https://www.oldseadogs.com/stories/racing-northstar-canada-seizes-victory-outshining-blackfoils-in-sailgp-series,/stories/racing-northstar-canada-seizes-victory-outshining-blackfoils-in-sailgp-series,301,Racing: Northstar Canada Weaves Magic at SailGP: Stellar Win Caps a Perfect Ending as Blackfoils Fumble
article redirect,https://oldseadogs.com/news/2025-cds-series-finale-in-long-beach-official-skippers-list/,/news/2025-cds-series-finale-in-long-beach-official-skippers-list/,https://www.oldseadogs.com/stories/news-2025-cds-series-finale-in-long-beach-official-skippers-list,/stories/news-2025-cds-series-finale-in-long-beach-official-skippers-list,301,"News: In a Splash of Excitement, Skippers for the Sizzling 2025 CDS Series Finale in Long Beach Unveiled"
article redirect,https://oldseadogs.com/racing/solo-winter-championship-a-regatta-at-rutland/,/racing/solo-winter-championship-a-regatta-at-rutland/,https://www.oldseadogs.com/stories/racing-solo-winter-championship-a-regatta-at-rutland,/stories/racing-solo-winter-championship-a-regatta-at-rutland,301,Racing: Benign Winter Breeze and Roaring Spirits: The Solo Winter Sailing Championship at Rutland
article redirect,https://oldseadogs.com/racing/advancing-gender-balance-the-transat-paprec-initiative/,/racing/advancing-gender-balance-the-transat-paprec-initiative/,https://www.oldseadogs.com/stories/racing-advancing-gender-balance-the-transat-paprec-initiative,/stories/racing-advancing-gender-balance-the-transat-paprec-initiative,301,Racing: Transat Paprec Pioneers a New Wave of Gender Diversity in the Sailing World
article redirect,https://oldseadogs.com/news/experiencing-dragonforce-65-and-dragonflite-95-at-blithfield-yacht-club/,/news/experiencing-dragonforce-65-and-dragonflite-95-at-blithfield-yacht-club/,https://www.oldseadogs.com/stories/news-experiencing-dragonforce-65-and-dragonflite-95-at-blithfield-yacht-club,/stories/news-experiencing-dragonforce-65-and-dragonflite-95-at-blithfield-yacht-club,301,News: Unveiling Exciting Sailing Adventures with DragonForce 65 and DragonFlite 95 at Blithfield Club
article redirect,https://oldseadogs.com/boat-reviews/protector-boats-unveils-custom-multi-purpose-superyacht-tender/,/boat-reviews/protector-boats-unveils-custom-multi-purpose-superyacht-tender/,https://www.oldseadogs.com/stories/boat-reviews-protector-boats-unveils-custom-multi-purpose-superyacht-tender,/stories/boat-reviews-protector-boats-unveils-custom-multi-purpose-superyacht-tender,301,Boat Reviews: Introducing: Protector Boats Customised Multi-purpose Superyacht Tender: The Epitome of Oceanic Luxury
article redirect,https://oldseadogs.com/boat-reviews/baglietto-prepares-54m-superyacht-model-for-2027-launch/,/boat-reviews/baglietto-prepares-54m-superyacht-model-for-2027-launch/,https://www.oldseadogs.com/stories/boat-reviews-baglietto-prepares-54m-superyacht-model-for-2027-launch,/stories/boat-reviews-baglietto-prepares-54m-superyacht-model-for-2027-launch,301,"Boat Reviews: Renowned Italian Shipyard, Baglietto, is Crafting a Luxurious 54m Superyacht for a 2027 Debut"
article redirect,https://oldseadogs.com/news/under-21-world-championships-2027-set-to-be-held-at-sandringham-yacht-club/,/news/under-21-world-championships-2027-set-to-be-held-at-sandringham-yacht-club/,https://www.oldseadogs.com/stories/news-under-21-world-championships-2027-set-to-be-held-at-sandringham-yacht-club,/stories/news-under-21-world-championships-2027-set-to-be-held-at-sandringham-yacht-club,301,News: Championing the Next Generation: Sandringham Yacht Club to Host Prestigious Under-21 World Championships In 2027
article redirect,https://oldseadogs.com/racing/unfurling-sails-at-antigua-the-asw-2025-challenge/,/racing/unfurling-sails-at-antigua-the-asw-2025-challenge/,https://www.oldseadogs.com/stories/racing-unfurling-sails-at-antigua-the-asw-2025-challenge,/stories/racing-unfurling-sails-at-antigua-the-asw-2025-challenge,301,Racing: A Sailors' Paradise: The Relentless Duel Between Race and Rally at Antigua's ASW 2025
article redirect,https://oldseadogs.com/gear/unveiling-vaikobis-new-duffel-bags/,/gear/unveiling-vaikobis-new-duffel-bags/,https://www.oldseadogs.com/stories/gear-unveiling-vaikobis-new-duffel-bags,/stories/gear-unveiling-vaikobis-new-duffel-bags,301,Gear: Experience the Blend of Style and Functionality with Vaikobi's New Duffel Bags
article redirect,https://oldseadogs.com/lifestyle/a-fond-recollection-of-graham-allen/,/lifestyle/a-fond-recollection-of-graham-allen/,https://www.oldseadogs.com/stories/lifestyle-a-fond-recollection-of-graham-allen,/stories/lifestyle-a-fond-recollection-of-graham-allen,301,Lifestyle: Invoking the Timeless Spirit of Graham Allen: An Unmatched Maritime Enthusiast
article redirect,https://oldseadogs.com/news/a-grand-kick-off-the-new-sailing-season-at-llandegfedd/,/news/a-grand-kick-off-the-new-sailing-season-at-llandegfedd/,https://www.oldseadogs.com/stories/news-a-grand-kick-off-the-new-sailing-season-at-llandegfedd,/stories/news-a-grand-kick-off-the-new-sailing-season-at-llandegfedd,301,News: Llandegfedd Sailing Club's New Season Begins with an Exciting Start: A Tale of Adventure and Strategy
article redirect,https://oldseadogs.com/racing/national-regatta-stirs-up-waves-at-draycote-water-sailing-club/,/racing/national-regatta-stirs-up-waves-at-draycote-water-sailing-club/,https://www.oldseadogs.com/stories/racing-national-regatta-stirs-up-waves-at-draycote-water-sailing-club,/stories/racing-national-regatta-stirs-up-waves-at-draycote-water-sailing-club,301,Racing: The Unfurling Sails of National Excellence: A Dive Into the RS Feva Class National Open Training Coached Regatta
article redirect,https://oldseadogs.com/lifestyle/crossing-europe-by-boat-a-land-of-wine-and-water/,/lifestyle/crossing-europe-by-boat-a-land-of-wine-and-water/,https://www.oldseadogs.com/stories/lifestyle-crossing-europe-by-boat-a-land-of-wine-and-water,/stories/lifestyle-crossing-europe-by-boat-a-land-of-wine-and-water,301,Lifestyle: Experiencing Europe Anew: A Journey Through Sunlit Vineyards on the Open Waters
article redirect,https://oldseadogs.com/racing/the-centenary-rolex-fastnet-race-a-gathering-of-modern-classics/,/racing/the-centenary-rolex-fastnet-race-a-gathering-of-modern-classics/,https://www.oldseadogs.com/stories/racing-the-centenary-rolex-fastnet-race-a-gathering-of-modern-classics,/stories/racing-the-centenary-rolex-fastnet-race-a-gathering-of-modern-classics,301,Racing: Unyielding Elegance at Sea: Modern Classics Shine at the Record-Breaking Centenary Rolex Fastnet Race
article redirect,https://oldseadogs.com/boat-reviews/the-majestic-desert-nomads-gulf-craft/,/boat-reviews/the-majestic-desert-nomads-gulf-craft/,https://www.oldseadogs.com/stories/boat-reviews-the-majestic-desert-nomads-gulf-craft,/stories/boat-reviews-the-majestic-desert-nomads-gulf-craft,301,Boat Reviews: Journey Onboard the Majestic Nomads: Pioneers of the Gulf Craft
article redirect,https://oldseadogs.com/news/trio-of-luxury-yachts-left-in-ruins-by-miami-marina-blaze/,/news/trio-of-luxury-yachts-left-in-ruins-by-miami-marina-blaze/,https://www.oldseadogs.com/stories/news-trio-of-luxury-yachts-left-in-ruins-by-miami-marina-blaze,/stories/news-trio-of-luxury-yachts-left-in-ruins-by-miami-marina-blaze,301,News: Solitude Meets Inferno: Marina Blaze Engulfs Three Prized Yachts in Miami
article redirect,https://oldseadogs.com/gear/revolutionary-watersport-gear-for-summer-2025-unveiled/,/gear/revolutionary-watersport-gear-for-summer-2025-unveiled/,https://www.oldseadogs.com/stories/gear-revolutionary-watersport-gear-for-summer-2025-unveiled,/stories/gear-revolutionary-watersport-gear-for-summer-2025-unveiled,301,Gear: Experience Thrill and Adventure Anew with the Latest Cutting-edge Watersports Equipment Unveiled for Summer 2025
article redirect,https://oldseadogs.com/racing/royal-thames-yc-clinches-2025-greenwich-womens-cup/,/racing/royal-thames-yc-clinches-2025-greenwich-womens-cup/,https://www.oldseadogs.com/stories/racing-royal-thames-yc-clinches-2025-greenwich-womens-cup,/stories/racing-royal-thames-yc-clinches-2025-greenwich-womens-cup,301,Racing: Nautical Triumph: Royal Thames Yacht Club Ascends to Greatness in the 2025 Greenwich Women's Cup
article redirect,https://oldseadogs.com/masterclass/seize-the-helm-leadership-on-the-waves/,/masterclass/seize-the-helm-leadership-on-the-waves/,https://www.oldseadogs.com/stories/masterclass-seize-the-helm-leadership-on-the-waves,/stories/masterclass-seize-the-helm-leadership-on-the-waves,301,Masterclass: Take Control of Your Nautical Journey: How Mastery of Leadership Transforms Your Time at Sea
article redirect,https://oldseadogs.com/masterclass/the-bitt-a-seafaring-hazard/,/masterclass/the-bitt-a-seafaring-hazard/,https://www.oldseadogs.com/stories/masterclass-the-bitt-a-seafaring-hazard,/stories/masterclass-the-bitt-a-seafaring-hazard,301,Masterclass: The Hidden Danger of the 'Bitt': An Unseen Maritime Hazard You Need to Avoid
article redirect,https://oldseadogs.com/news/2025-bacardi-cup-regatta-breathtaking-conclusion/,/news/2025-bacardi-cup-regatta-breathtaking-conclusion/,https://www.oldseadogs.com/stories/news-2025-bacardi-cup-regatta-breathtaking-conclusion,/stories/news-2025-bacardi-cup-regatta-breathtaking-conclusion,301,News: Experience the Thrilling Final Day of the 2025 Bacardi Cup Invitational Regatta
article redirect,https://oldseadogs.com/lifestyle/cobnors-grand-outdoor-extravaganza-courtesy-uk-youth-funding/,/lifestyle/cobnors-grand-outdoor-extravaganza-courtesy-uk-youth-funding/,https://www.oldseadogs.com/stories/lifestyle-cobnors-grand-outdoor-extravaganza-courtesy-uk-youth-funding,/stories/lifestyle-cobnors-grand-outdoor-extravaganza-courtesy-uk-youth-funding,301,"Lifestyle: Unearthing the Exhilarating Open-Air Wonders at Cobnor Activity Centre, Kindly Endorsed by UK Youth Funding"
article redirect,https://oldseadogs.com/news/day-of-thrills-at-national-openskiff-and-rs-aero-regatta/,/news/day-of-thrills-at-national-openskiff-and-rs-aero-regatta/,https://www.oldseadogs.com/stories/news-day-of-thrills-at-national-openskiff-and-rs-aero-regatta,/stories/news-day-of-thrills-at-national-openskiff-and-rs-aero-regatta,301,News: A Fine Display of Seafaring Skills at National Openskiff and RS Aero Regatta
article redirect,https://oldseadogs.com/boat-shows/collaboration-fuels-progress-in-new-zealands-marine-industry-at-auckland-boat-show/,/boat-shows/collaboration-fuels-progress-in-new-zealands-marine-industry-at-auckland-boat-show/,https://www.oldseadogs.com/stories/boat-shows-collaboration-fuels-progress-in-new-zealands-marine-industry-at-auckland-boat-show,/stories/boat-shows-collaboration-fuels-progress-in-new-zealands-marine-industry-at-auckland-boat-show,301,"Shows: At the Auckland Boat Show, a Spirited Collaboration Breathes New Life into New Zealand's Marine Industry"
article redirect,https://oldseadogs.com/racing/herbert-holds-his-own-in-day-2-of-wingfoil-nationals/,/racing/herbert-holds-his-own-in-day-2-of-wingfoil-nationals/,https://www.oldseadogs.com/stories/racing-herbert-holds-his-own-in-day-2-of-wingfoil-nationals,/stories/racing-herbert-holds-his-own-in-day-2-of-wingfoil-nationals,301,"Racing: Sean Herbert Continues His Winning Streak in The PredictWind Wingfoil Nationals, Retaining the Lead"
article redirect,https://oldseadogs.com/news/rya-scotland-impact-award-power-couple-of-the-waves/,/news/rya-scotland-impact-award-power-couple-of-the-waves/,https://www.oldseadogs.com/stories/news-rya-scotland-impact-award-power-couple-of-the-waves,/stories/news-rya-scotland-impact-award-power-couple-of-the-waves,301,News: Helen and Richard Jenner Claim Prestigious RYA Scotland Impact Award
article redirect,https://oldseadogs.com/destinations/a-unique-charter-adventure-awaits/,/destinations/a-unique-charter-adventure-awaits/,https://www.oldseadogs.com/stories/destinations-a-unique-charter-adventure-awaits,/stories/destinations-a-unique-charter-adventure-awaits,301,Destinations: Discover the Joys and Thrills of an Exceptional Charter Adventure
article redirect,https://oldseadogs.com/racing/journey-to-excellence-us-youth-national-teams-mid-point-qualification/,/racing/journey-to-excellence-us-youth-national-teams-mid-point-qualification/,https://www.oldseadogs.com/stories/racing-journey-to-excellence-us-youth-national-teams-mid-point-qualification,/stories/racing-journey-to-excellence-us-youth-national-teams-mid-point-qualification,301,Racing: A Glimpse into the Tense Mid-point of the US Sailing Youth National Team's Qualification Process
article redirect,https://oldseadogs.com/masterclass/maintaining-speed-in-cold-seas/,/masterclass/maintaining-speed-in-cold-seas/,https://www.oldseadogs.com/stories/masterclass-maintaining-speed-in-cold-seas,/stories/masterclass-maintaining-speed-in-cold-seas,301,Masterclass: Staying Warm and Swift: The Secrets to Winter Cruise Speed
article redirect,https://oldseadogs.com/boat-shows/spectacular-auckland-boat-exhibition-unveils-1.3km-of-marine-showpieces/,/boat-shows/spectacular-auckland-boat-exhibition-unveils-1.3km-of-marine-showpieces/,https://www.oldseadogs.com/stories/boat-shows-spectacular-auckland-boat-exhibition-unveils-1-3km-of-marine-showpieces,/stories/boat-shows-spectacular-auckland-boat-exhibition-unveils-1-3km-of-marine-showpieces,301,Shows: Experience a Mile of Maritime Magnificence at the Auckland Boat Show - An Event Like No Other
article redirect,https://oldseadogs.com/news/trofeo-princesa-sofia-mallorca-championing-gender-equality-at-sea/,/news/trofeo-princesa-sofia-mallorca-championing-gender-equality-at-sea/,https://www.oldseadogs.com/stories/news-trofeo-princesa-sofia-mallorca-championing-gender-equality-at-sea,/stories/news-trofeo-princesa-sofia-mallorca-championing-gender-equality-at-sea,301,News: Trailblazing Gender Equality in the Maritime World: How the Trofeo Princesa Sofia Mallorca Sets the Course
article redirect,https://oldseadogs.com/boat-shows/van-der-valk-a-journey-into-spacious-sophistication/,/boat-shows/van-der-valk-a-journey-into-spacious-sophistication/,https://www.oldseadogs.com/stories/boat-shows-van-der-valk-a-journey-into-spacious-sophistication,/stories/boat-shows-van-der-valk-a-journey-into-spacious-sophistication,301,Shows: Experience the Spacious Charm and Sophisticated Design Offered by Van der Valk
article redirect,https://oldseadogs.com/boat-shows/iconic-childrens-novel-inspires-piredda-partners-75m-superyacht-concept/,/boat-shows/iconic-childrens-novel-inspires-piredda-partners-75m-superyacht-concept/,https://www.oldseadogs.com/stories/boat-shows-iconic-childrens-novel-inspires-piredda-partners-75m-superyacht-concept,/stories/boat-shows-iconic-childrens-novel-inspires-piredda-partners-75m-superyacht-concept,301,Shows: Introducing a Superyacht Beyond Imagination: Piredda & Partners Reveal a Concept Steeped in Childhood Magic
article redirect,https://oldseadogs.com/news/insights-into-the-march-online-marine-auction/,/news/insights-into-the-march-online-marine-auction/,https://www.oldseadogs.com/stories/news-insights-into-the-march-online-marine-auction,/stories/news-insights-into-the-march-online-marine-auction,301,News: Delve into the Thrilling World of the Online Marine Auction Held This March
article redirect,https://oldseadogs.com/boat-shows/mario-biferali-unveils-sea-garden-for-iconic-150m-oceanco-project/,/boat-shows/mario-biferali-unveils-sea-garden-for-iconic-150m-oceanco-project/,https://www.oldseadogs.com/stories/boat-shows-mario-biferali-unveils-sea-garden-for-iconic-150m-oceanco-project,/stories/boat-shows-mario-biferali-unveils-sea-garden-for-iconic-150m-oceanco-project,301,Shows: Bringing the Ocean to Life: Mario Biferali Reveals 'Sea Garden' Design for Impending 150m Oceanco Conversion
article redirect,https://oldseadogs.com/masterclass/mastering-the-merlin-rocket-at-hayling-island/,/masterclass/mastering-the-merlin-rocket-at-hayling-island/,https://www.oldseadogs.com/stories/masterclass-mastering-the-merlin-rocket-at-hayling-island,/stories/masterclass-mastering-the-merlin-rocket-at-hayling-island,301,Masterclass: Experience Intense Training in the Merlin Rocket Class at the Surreal Hayling Island in March 2025
article redirect,https://oldseadogs.com/masterclass/mastering-the-waves-rs400-class-at-yorkshire-dales/,/masterclass/mastering-the-waves-rs400-class-at-yorkshire-dales/,https://www.oldseadogs.com/stories/masterclass-mastering-the-waves-rs400-class-at-yorkshire-dales,/stories/masterclass-mastering-the-waves-rs400-class-at-yorkshire-dales,301,Masterclass: A Riveting Adventure at Sea: Inside the RS400 Class Association Training at Yorkshire Dales Sailing Club
article redirect,https://oldseadogs.com/lifestyle/peek-inside-gulf-crafts-exquisite-32m-majesty-100-terrace-yacht/,/lifestyle/peek-inside-gulf-crafts-exquisite-32m-majesty-100-terrace-yacht/,https://www.oldseadogs.com/stories/lifestyle-peek-inside-gulf-crafts-exquisite-32m-majesty-100-terrace-yacht,/stories/lifestyle-peek-inside-gulf-crafts-exquisite-32m-majesty-100-terrace-yacht,301,Lifestyle: An Exclusive First Look Inside the Opulent Majesty 100 Terrace Yacht by Gulf Craft
article redirect,https://oldseadogs.com/masterclass/upping-the-safety-game-premier-training-at-the-annual-safety-at-sea-seminar/,/masterclass/upping-the-safety-game-premier-training-at-the-annual-safety-at-sea-seminar/,https://www.oldseadogs.com/stories/masterclass-upping-the-safety-game-premier-training-at-the-annual-safety-at-sea-seminar,/stories/masterclass-upping-the-safety-game-premier-training-at-the-annual-safety-at-sea-seminar,301,Masterclass: Adventurous Sailors Augment their Skillsets with Elite Safety Training at Annual Seminar
article redirect,https://oldseadogs.com/boat-reviews/daring-27m-explorer-model-unleashed-by-tufan-brothers-and-riza-tansu/,/boat-reviews/daring-27m-explorer-model-unleashed-by-tufan-brothers-and-riza-tansu/,https://www.oldseadogs.com/stories/boat-reviews-daring-27m-explorer-model-unleashed-by-tufan-brothers-and-riza-tansu,/stories/boat-reviews-daring-27m-explorer-model-unleashed-by-tufan-brothers-and-riza-tansu,301,"Boat Reviews: Tufan & Brothers and Riza Tansu Join Forces to Launch a Bold, 27m Explorer Yacht"
article redirect,https://oldseadogs.com/racing/high-stakes-regatta-df95-invicta-trophy-2025/,/racing/high-stakes-regatta-df95-invicta-trophy-2025/,https://www.oldseadogs.com/stories/racing-high-stakes-regatta-df95-invicta-trophy-2025,/stories/racing-high-stakes-regatta-df95-invicta-trophy-2025,301,Racing: The Excitement and Intensity of DF95 Invicta Trophy 2025 at Chipstead Sailing Club
article redirect,https://oldseadogs.com/boat-reviews/inside-the-35m-pocket-explorer-mereley-i-a-first-look/,/boat-reviews/inside-the-35m-pocket-explorer-mereley-i-a-first-look/,https://www.oldseadogs.com/stories/boat-reviews-inside-the-35m-pocket-explorer-mereley-i-a-first-look,/stories/boat-reviews-inside-the-35m-pocket-explorer-mereley-i-a-first-look,301,Boat Reviews: Exclusive Glimpse into the Dynamic Interior of the 35m 'Pocket Explorer' Mereley I by Hot Lab
article redirect,https://oldseadogs.com/lifestyle/locating-the-globes-most-spectacular-superyachts/,/lifestyle/locating-the-globes-most-spectacular-superyachts/,https://www.oldseadogs.com/stories/lifestyle-locating-the-globes-most-spectacular-superyachts,/stories/lifestyle-locating-the-globes-most-spectacular-superyachts,301,Lifestyle: Turn Your Gaze Seaward: Discovering the Most Exceptional Superyachts Around the World
article redirect,https://oldseadogs.com/boat-shows/luxurious-50m-silver-lining-yacht-enters-market/,/boat-shows/luxurious-50m-silver-lining-yacht-enters-market/,https://www.oldseadogs.com/stories/boat-shows-luxurious-50m-silver-lining-yacht-enters-market,/stories/boat-shows-luxurious-50m-silver-lining-yacht-enters-market,301,Shows: Stepping into Luxury: The Exquisite 50m Silver Lining Yacht Makes Its Grand Market Entrance
article redirect,https://oldseadogs.com/news/renewed-management-stance-at-porto-cervo-marina/,/news/renewed-management-stance-at-porto-cervo-marina/,https://www.oldseadogs.com/stories/news-renewed-management-stance-at-porto-cervo-marina,/stories/news-renewed-management-stance-at-porto-cervo-marina,301,News: IGY Marinas Glides Ahead with Extended Management Agreement at Porto Cervo Marina.
article redirect,https://oldseadogs.com/boat-shows/unveiling-the-allure-the-inaugural-world-yachting-summit-in-monaco/,/boat-shows/unveiling-the-allure-the-inaugural-world-yachting-summit-in-monaco/,https://www.oldseadogs.com/stories/boat-shows-unveiling-the-allure-the-inaugural-world-yachting-summit-in-monaco,/stories/boat-shows-unveiling-the-allure-the-inaugural-world-yachting-summit-in-monaco,301,Shows: Uncover the Thrill of the Grandeur World Yachting Summit in Monaco: Five Pivotal Reasons
article redirect,https://oldseadogs.com/news/azimut-benettis-groundbreaking-leadership-in-sustainability/,/news/azimut-benettis-groundbreaking-leadership-in-sustainability/,https://www.oldseadogs.com/stories/news-azimut-benettis-groundbreaking-leadership-in-sustainability,/stories/news-azimut-benettis-groundbreaking-leadership-in-sustainability,301,"News: Discover Azimut-Benetti’s Pioneering Efforts to Set a New, Sustainable Benchmark in the Yachting Industry."
article redirect,https://oldseadogs.com/boat-reviews/exploring-the-mighty-viknes-10-a-north-sea-marvel/,/boat-reviews/exploring-the-mighty-viknes-10-a-north-sea-marvel/,https://www.oldseadogs.com/stories/boat-reviews-exploring-the-mighty-viknes-10-a-north-sea-marvel,/stories/boat-reviews-exploring-the-mighty-viknes-10-a-north-sea-marvel,301,Boat Reviews: A Voyage aboard Viknes 10: The North Sea's Nautical Masterpiece
article redirect,https://oldseadogs.com/gear/introducing-seld%C3%A9ns-revolutionary-halyard-tensioner-32/,/gear/introducing-seld%C3%A9ns-revolutionary-halyard-tensioner-32/,https://www.oldseadogs.com/stories/gear-introducing-seldens-revolutionary-halyard-tensioner-32,/stories/gear-introducing-seldens-revolutionary-halyard-tensioner-32,301,Gear: Enhanced Sail Management Made Possible with the Innovative Halyard Tensioner 32 by Seldén
article redirect,https://oldseadogs.com/racing/unfolding-the-shustoke-gauntlet-2025-adventure/,/racing/unfolding-the-shustoke-gauntlet-2025-adventure/,https://www.oldseadogs.com/stories/racing-unfolding-the-shustoke-gauntlet-2025-adventure,/stories/racing-unfolding-the-shustoke-gauntlet-2025-adventure,301,Racing: Conquering the Waves: A Dive into the Thrilling Shustoke Gauntlet 2025
article redirect,https://oldseadogs.com/boat-reviews/breaking-waves-a-glimpse-of-the-extraordinary-widercat-92/,/boat-reviews/breaking-waves-a-glimpse-of-the-extraordinary-widercat-92/,https://www.oldseadogs.com/stories/boat-reviews-breaking-waves-a-glimpse-of-the-extraordinary-widercat-92,/stories/boat-reviews-breaking-waves-a-glimpse-of-the-extraordinary-widercat-92,301,Boat Reviews: The WiderCat 92: A Strikingly Modern Sea Beauty that Echoes Aesthetic Appeal of Modern Art Museums
article redirect,https://oldseadogs.com/news/emirates-team-nzs-triumphant-americas-cup-trio-inked-onto-canvas/,/news/emirates-team-nzs-triumphant-americas-cup-trio-inked-onto-canvas/,https://www.oldseadogs.com/stories/news-emirates-team-nzs-triumphant-americas-cup-trio-inked-onto-canvas,/stories/news-emirates-team-nzs-triumphant-americas-cup-trio-inked-onto-canvas,301,News: A Visual Testament to Sailing Glory: Emirates Team NZ's America's Cup Victories Immortalised on Canvas
article redirect,https://oldseadogs.com/gear/henri-lloyds-dynamic-collection-a-boating-game-changer/,/gear/henri-lloyds-dynamic-collection-a-boating-game-changer/,https://www.oldseadogs.com/stories/gear-henri-lloyds-dynamic-collection-a-boating-game-changer,/stories/gear-henri-lloyds-dynamic-collection-a-boating-game-changer,301,Gear: Henri-Lloyd Radically Transforms the Game with its Dynamic Collection: A Fusion of Design and Performance
article redirect,https://oldseadogs.com/boat-shows/introducing-the-dynamic-musto-flexlite-range/,/boat-shows/introducing-the-dynamic-musto-flexlite-range/,https://www.oldseadogs.com/stories/boat-shows-introducing-the-dynamic-musto-flexlite-range,/stories/boat-shows-introducing-the-dynamic-musto-flexlite-range,301,Shows: Experience the Launch of the Cutting-Edge Musto Flexlite Dynamic Range at the Esteemed RYA Dinghy & Watersports Show
article redirect,https://oldseadogs.com/racing/sailing-champions-jorgensen-duo-triumphs-in-2025-islands-race/,/racing/sailing-champions-jorgensen-duo-triumphs-in-2025-islands-race/,https://www.oldseadogs.com/stories/racing-sailing-champions-jorgensen-duo-triumphs-in-2025-islands-race,/stories/racing-sailing-champions-jorgensen-duo-triumphs-in-2025-islands-race,301,Racing: The Jorgensen Dynasty: How Doug and Jack Redefined Victory at the 2025 Islands Race
article redirect,https://oldseadogs.com/news/first-sailversary-pembrokeshire-model-boat-club-turns-one/,/news/first-sailversary-pembrokeshire-model-boat-club-turns-one/,https://www.oldseadogs.com/stories/news-first-sailversary-pembrokeshire-model-boat-club-turns-one,/stories/news-first-sailversary-pembrokeshire-model-boat-club-turns-one,301,News: Pembrokeshire Model Boat Club Revels in the Splendor of its Maiden Anniversary
article redirect,https://oldseadogs.com/racing/winter-sailing-series-round-11-highlights/,/racing/winter-sailing-series-round-11-highlights/,https://www.oldseadogs.com/stories/racing-winter-sailing-series-round-11-highlights,/stories/racing-winter-sailing-series-round-11-highlights,301,Racing: Unveiling the Highlights of Round 11 of the IOM Winter Yacht Series at Lincoln Club
article redirect,https://oldseadogs.com/news/light-breezes-inaugurate-nautilus-marine-insurance-sydney-harbour-regatta/,/news/light-breezes-inaugurate-nautilus-marine-insurance-sydney-harbour-regatta/,https://www.oldseadogs.com/stories/news-light-breezes-inaugurate-nautilus-marine-insurance-sydney-harbour-regatta,/stories/news-light-breezes-inaugurate-nautilus-marine-insurance-sydney-harbour-regatta,301,News: The Nautilus Marine Insurance Sydney Harbour Regatta Opens with an Unusual Mixed Bag of Light and Delayed Beginnings
article redirect,https://oldseadogs.com/racing/trieste-braces-for-2025-melges-24-world-championship/,/racing/trieste-braces-for-2025-melges-24-world-championship/,https://www.oldseadogs.com/stories/racing-trieste-braces-for-2025-melges-24-world-championship,/stories/racing-trieste-braces-for-2025-melges-24-world-championship,301,Racing: Trieste Welcomes the World: Entries Open for the Prestigious 2025 Melges 24 Championships
article redirect,https://oldseadogs.com/gear/uv50-tops-your-best-defense-against-the-heat/,/gear/uv50-tops-your-best-defense-against-the-heat/,https://www.oldseadogs.com/stories/gear-uv50-tops-your-best-defense-against-the-heat,/stories/gear-uv50-tops-your-best-defense-against-the-heat,301,Gear: Turn Up the Heat with Superior Defence: The UV50+ Top That Keeps You in Command
article redirect,https://oldseadogs.com/news/edgartown-race-weekend-resurgence-of-classic-traditions/,/news/edgartown-race-weekend-resurgence-of-classic-traditions/,https://www.oldseadogs.com/stories/news-edgartown-race-weekend-resurgence-of-classic-traditions,/stories/news-edgartown-race-weekend-resurgence-of-classic-traditions,301,News: The Edgartown Race Weekend: A Nostalgic Journey to the Heart of Sailing's Time-Honored Traditions
article redirect,https://oldseadogs.com/racing/foiling-week-pensacola-usas-given-dominates-the-waves/,/racing/foiling-week-pensacola-usas-given-dominates-the-waves/,https://www.oldseadogs.com/stories/racing-foiling-week-pensacola-usas-given-dominates-the-waves,/stories/racing-foiling-week-pensacola-usas-given-dominates-the-waves,301,Racing: Foiling Week Pensacola Soars with Given's Triumphant Win at the Kite Foil Race
article redirect,https://oldseadogs.com/news/blackstone-makes-billion-dollar-bet-on-safe-harbor-marinas/,/news/blackstone-makes-billion-dollar-bet-on-safe-harbor-marinas/,https://www.oldseadogs.com/stories/news-blackstone-makes-billion-dollar-bet-on-safe-harbor-marinas,/stories/news-blackstone-makes-billion-dollar-bet-on-safe-harbor-marinas,301,News: Safe Harbor Marinas Finds Safe Haven in Blackstone's $5.65 Billion Bargain
article redirect,https://oldseadogs.com/boat-shows/dublin-d%C3%BCsseldorf-water-extravaganza-2025/,/boat-shows/dublin-d%C3%BCsseldorf-water-extravaganza-2025/,https://www.oldseadogs.com/stories/boat-shows-dublin-dusseldorf-water-extravaganza-2025,/stories/boat-shows-dublin-dusseldorf-water-extravaganza-2025,301,Shows: Experience High-Scale Luxury at the unmatchable Boot Düsseldorf 2025: An Ode to Nautical Superiority.
article redirect,https://oldseadogs.com/masterclass/lessons-from-a-sea-survivor-reclaiming-your-craft/,/masterclass/lessons-from-a-sea-survivor-reclaiming-your-craft/,https://www.oldseadogs.com/stories/masterclass-lessons-from-a-sea-survivor-reclaiming-your-craft,/stories/masterclass-lessons-from-a-sea-survivor-reclaiming-your-craft,301,Masterclass: A Sailor's Tale: How a Maritime Mishap Turned into a Crucial Lesson in Survival
article redirect,https://oldseadogs.com/masterclass/mastering-fire-prevention-aboard-your-vessel/,/masterclass/mastering-fire-prevention-aboard-your-vessel/,https://www.oldseadogs.com/stories/masterclass-mastering-fire-prevention-aboard-your-vessel,/stories/masterclass-mastering-fire-prevention-aboard-your-vessel,301,Masterclass: Unleashing the Pilot Within: A Riveting Guide to Fire Safety on Your Beloved Marine Craft
article redirect,https://oldseadogs.com/boat-reviews/oceanco-unveils-superyacht-concept-lily/,/boat-reviews/oceanco-unveils-superyacht-concept-lily/,https://www.oldseadogs.com/stories/boat-reviews-oceanco-unveils-superyacht-concept-lily,/stories/boat-reviews-oceanco-unveils-superyacht-concept-lily,301,Boat Reviews: Introducing LILY: Oceanco's Revolutionary Asymmetric Concept in Superyacht Design
article redirect,https://oldseadogs.com/boat-reviews/on-deck-with-the-omikron-ot60-an-unparalleled-relaxation-experience/,/boat-reviews/on-deck-with-the-omikron-ot60-an-unparalleled-relaxation-experience/,https://www.oldseadogs.com/stories/boat-reviews-on-deck-with-the-omikron-ot60-an-unparalleled-relaxation-experience,/stories/boat-reviews-on-deck-with-the-omikron-ot60-an-unparalleled-relaxation-experience,301,Boat Reviews: Embrace Luxurious Serenity on the Omikron OT60: The Ultimate Long-Range Motor Yacht
article redirect,https://oldseadogs.com/lifestyle/piercing-through-the-fog-of-greenwashing-in-yachting/,/lifestyle/piercing-through-the-fog-of-greenwashing-in-yachting/,https://www.oldseadogs.com/stories/lifestyle-piercing-through-the-fog-of-greenwashing-in-yachting,/stories/lifestyle-piercing-through-the-fog-of-greenwashing-in-yachting,301,Lifestyle: Clearing the Waters: Navigating the Murky World of Yachting Sustainability and Greenwashing
article redirect,https://oldseadogs.com/boat-reviews/standing-out-the-majestic-pacifica-44/,/boat-reviews/standing-out-the-majestic-pacifica-44/,https://www.oldseadogs.com/stories/boat-reviews-standing-out-the-majestic-pacifica-44,/stories/boat-reviews-standing-out-the-majestic-pacifica-44,301,Boat Reviews: Experiencing the Opulence and Uniqueness of the Pacifica 44 Yacht
article redirect,https://oldseadogs.com/racing/the-woof-reigns-supreme-in-12ft-skiff-interdominion/,/racing/the-woof-reigns-supreme-in-12ft-skiff-interdominion/,https://www.oldseadogs.com/stories/racing-the-woof-reigns-supreme-in-12ft-skiff-interdominion,/stories/racing-the-woof-reigns-supreme-in-12ft-skiff-interdominion,301,Racing: Riding the Wave: The Woof's Unwavering Dominance in the 12ft Skiff Interdominion
article redirect,https://oldseadogs.com/news/debut-unica-45m-steel-superyacht-by-isa-yachts-sold-to-us-patron/,/news/debut-unica-45m-steel-superyacht-by-isa-yachts-sold-to-us-patron/,https://www.oldseadogs.com/stories/news-debut-unica-45m-steel-superyacht-by-isa-yachts-sold-to-us-patron,/stories/news-debut-unica-45m-steel-superyacht-by-isa-yachts-sold-to-us-patron,301,News: ISA Yachts Strikes Gold with First Sale of its Inaugural Unica 45M Steel Superyacht to American Aficionado
article redirect,https://oldseadogs.com/lifestyle/the-titans-of-the-seas-superyachts-for-sale/,/lifestyle/the-titans-of-the-seas-superyachts-for-sale/,https://www.oldseadogs.com/stories/lifestyle-the-titans-of-the-seas-superyachts-for-sale,/stories/lifestyle-the-titans-of-the-seas-superyachts-for-sale,301,Lifestyle: Top Four Iconic Superyachts Unleashed on The Market: A Sneak Peek into the Luxury Afloat
article redirect,https://oldseadogs.com/racing/r%C3%A1n-dominates-antigua-360-eyes-set-on-rorc-caribbean-600/,/racing/r%C3%A1n-dominates-antigua-360-eyes-set-on-rorc-caribbean-600/,https://www.oldseadogs.com/stories/racing-ran-dominates-antigua-360-eyes-set-on-rorc-caribbean-600,/stories/racing-ran-dominates-antigua-360-eyes-set-on-rorc-caribbean-600,301,"Racing: Rán Clinches Victory at Antigua 360 Race, as Teams Ready for the RORC Caribbean 600 Challenge"
article redirect,https://oldseadogs.com/news/rickmansworth-sailing-club-aids-hillingdon-outdoor-activity-centre/,/news/rickmansworth-sailing-club-aids-hillingdon-outdoor-activity-centre/,https://www.oldseadogs.com/stories/news-rickmansworth-sailing-club-aids-hillingdon-outdoor-activity-centre,/stories/news-rickmansworth-sailing-club-aids-hillingdon-outdoor-activity-centre,301,News: Unprecedented Collaboration: Rickmansworth Sailing Club Leverages Lakeside Collaboration to Support Local Community
article redirect,https://oldseadogs.com/racing/breathtaking-action-looms-in-uks-2025-b14-sailing-season/,/racing/breathtaking-action-looms-in-uks-2025-b14-sailing-season/,https://www.oldseadogs.com/stories/racing-breathtaking-action-looms-in-uks-2025-b14-sailing-season,/stories/racing-breathtaking-action-looms-in-uks-2025-b14-sailing-season,301,Racing: Witness the Rally of Champions in the Thrilling UK B14 Sailing Season 2025: An Exciting Preview
article redirect,https://oldseadogs.com/boat-shows/italian-yard-unveils-interiors-of-44m-akhir-overhaul/,/boat-shows/italian-yard-unveils-interiors-of-44m-akhir-overhaul/,https://www.oldseadogs.com/stories/boat-shows-italian-yard-unveils-interiors-of-44m-akhir-overhaul,/stories/boat-shows-italian-yard-unveils-interiors-of-44m-akhir-overhaul,301,Shows: Cantieri di Pisa Unveils Striking Redesign of Classic Akhir 44m Model
article redirect,https://oldseadogs.com/boat-reviews/luxurious-mondomarine-motor-yacht-ulysses-now-in-market/,/boat-reviews/luxurious-mondomarine-motor-yacht-ulysses-now-in-market/,https://www.oldseadogs.com/stories/boat-reviews-luxurious-mondomarine-motor-yacht-ulysses-now-in-market,/stories/boat-reviews-luxurious-mondomarine-motor-yacht-ulysses-now-in-market,301,Boat Reviews: Explore the World of Luxury on Water: The Majestic Mondomarine Motor Yacht 'Ulysses' is Now up for Grabs
article redirect,https://oldseadogs.com/boat-shows/ovington-boats-showcases-exclusive-deals-at-the-rya-dinghy-watersports-2025/,/boat-shows/ovington-boats-showcases-exclusive-deals-at-the-rya-dinghy-watersports-2025/,https://www.oldseadogs.com/stories/boat-shows-ovington-boats-showcases-exclusive-deals-at-the-rya-dinghy-watersports-2025,/stories/boat-shows-ovington-boats-showcases-exclusive-deals-at-the-rya-dinghy-watersports-2025,301,Shows: Experience the Thrill of Unveiled Boating Offers from Ovington at RYA Dinghy & Watersports Show 2025
article redirect,https://oldseadogs.com/boat-reviews/price-slashed-on-luxurious-29m-sanlorenzo-yacht-dont-tell-mom/,/boat-reviews/price-slashed-on-luxurious-29m-sanlorenzo-yacht-dont-tell-mom/,https://www.oldseadogs.com/stories/boat-reviews-price-slashed-on-luxurious-29m-sanlorenzo-yacht-dont-tell-mom,/stories/boat-reviews-price-slashed-on-luxurious-29m-sanlorenzo-yacht-dont-tell-mom,301,Boat Reviews: Get the Best Deal: 29m Sanlorenzo Yacht 'Don't Tell Mom' Sees Further $500K Price Drop
article redirect,https://oldseadogs.com/boat-shows/rya-drops-anchor-at-the-watersports-show/,/boat-shows/rya-drops-anchor-at-the-watersports-show/,https://www.oldseadogs.com/stories/boat-shows-rya-drops-anchor-at-the-watersports-show,/stories/boat-shows-rya-drops-anchor-at-the-watersports-show,301,Shows: Get a Front-Row Seat as the Royal Yachting Association Makes Waves at the Dinghy & Watersports Show
article redirect,https://oldseadogs.com/boat-shows/the-europe-class-sailing-heritage-and-modern-innovation-at-rya-dinghy-and-watersports-show-2025/,/boat-shows/the-europe-class-sailing-heritage-and-modern-innovation-at-rya-dinghy-and-watersports-show-2025/,https://www.oldseadogs.com/stories/boat-shows-the-europe-class-sailing-heritage-and-modern-innovation-at-rya-dinghy-and-watersports,/stories/boat-shows-the-europe-class-sailing-heritage-and-modern-innovation-at-rya-dinghy-and-watersports,301,Shows: Bask in Nautical Excellence at the 2025 RYA Dinghy and Watersports Show – Europe Class Steals the Spotlight
article redirect,https://oldseadogs.com/gear/unveiling-the-mystery-of-laser-precision-two-boat-tuning/,/gear/unveiling-the-mystery-of-laser-precision-two-boat-tuning/,https://www.oldseadogs.com/stories/gear-unveiling-the-mystery-of-laser-precision-two-boat-tuning,/stories/gear-unveiling-the-mystery-of-laser-precision-two-boat-tuning,301,Gear: Discover the Art and Science of Laser-Precision Two-Boat Tuning with Cyclops Marine’s Innovative Devices
article redirect,https://oldseadogs.com/boat-shows/unveiling-the-new-fireball-design-at-2025-watersport-show/,/boat-shows/unveiling-the-new-fireball-design-at-2025-watersport-show/,https://www.oldseadogs.com/stories/boat-shows-unveiling-the-new-fireball-design-at-2025-watersport-show,/stories/boat-shows-unveiling-the-new-fireball-design-at-2025-watersport-show,301,Shows: The Prestigious RYA Dinghy & Watersports Show 2025 Reveals the Evolution of the Legendary Fireball
article redirect,https://oldseadogs.com/news/vadnai-dominates-at-the-2025-lanzarote-international-regatta/,/news/vadnai-dominates-at-the-2025-lanzarote-international-regatta/,https://www.oldseadogs.com/stories/news-vadnai-dominates-at-the-2025-lanzarote-international-regatta,/stories/news-vadnai-dominates-at-the-2025-lanzarote-international-regatta,301,News: 2025 Lanzarote International Regatta Sets Sail: Jonatan Vadnai Shines with his ILCA Lead
article redirect,https://oldseadogs.com/boat-reviews/eternity-the-65m-codecasa-motor-yacht-for-sale/,/boat-reviews/eternity-the-65m-codecasa-motor-yacht-for-sale/,https://www.oldseadogs.com/stories/boat-reviews-eternity-the-65m-codecasa-motor-yacht-for-sale,/stories/boat-reviews-eternity-the-65m-codecasa-motor-yacht-for-sale,301,"Boat Reviews: Eternity, the Premier 65-metre Codecasa Motor Yacht, Makes its Market Debut"
article redirect,https://oldseadogs.com/boat-shows/exhilarating-65m-and-80m-superyacht-concepts-unveiled-by-turquoise-yachts/,/boat-shows/exhilarating-65m-and-80m-superyacht-concepts-unveiled-by-turquoise-yachts/,https://www.oldseadogs.com/stories/boat-shows-exhilarating-65m-and-80m-superyacht-concepts-unveiled-by-turquoise-yachts,/stories/boat-shows-exhilarating-65m-and-80m-superyacht-concepts-unveiled-by-turquoise-yachts,301,Shows: Discover the Intriguing Innovation of Crow's Nest in the New Superyacht Concepts by Turquoise Yachts and Bannenberg & Rowell
article redirect,https://oldseadogs.com/boat-shows/international-showcase-at-rya-dinghy-watersports-show-2025/,/boat-shows/international-showcase-at-rya-dinghy-watersports-show-2025/,https://www.oldseadogs.com/stories/boat-shows-international-showcase-at-rya-dinghy-watersports-show-2025,/stories/boat-shows-international-showcase-at-rya-dinghy-watersports-show-2025,301,Shows: Globally Inspired Albacore Stand Dazzles at the RYA Dinghy & Watersports Show 2025
article redirect,https://oldseadogs.com/boat-shows/rya-dinghy-watersports-show-2025-welcoming-uk-nacra-15-class/,/boat-shows/rya-dinghy-watersports-show-2025-welcoming-uk-nacra-15-class/,https://www.oldseadogs.com/stories/boat-shows-rya-dinghy-watersports-show-2025-welcoming-uk-nacra-15-class,/stories/boat-shows-rya-dinghy-watersports-show-2025-welcoming-uk-nacra-15-class,301,Shows: Experience High-octane Adventure with the UK Nacra 15 Class at RYA Dinghy & Watersports Show 2025
article redirect,https://oldseadogs.com/racing/silken-sails-unfurled-antigua-welcomes-rorc-caribbean-600/,/racing/silken-sails-unfurled-antigua-welcomes-rorc-caribbean-600/,https://www.oldseadogs.com/stories/racing-silken-sails-unfurled-antigua-welcomes-rorc-caribbean-600,/stories/racing-silken-sails-unfurled-antigua-welcomes-rorc-caribbean-600,301,"Racing: Sponsors, teams and partners set the stage for the 16th RORC Caribbean 600 in Antigua"
article redirect,https://oldseadogs.com/news/sunreef-yachts-unveils-emission-free-35m-catamaran/,/news/sunreef-yachts-unveils-emission-free-35m-catamaran/,https://www.oldseadogs.com/stories/news-sunreef-yachts-unveils-emission-free-35m-catamaran,/stories/news-sunreef-yachts-unveils-emission-free-35m-catamaran,301,News: Polish Masters Unveil Eco-friendly Marvel: The First Emission-Free 35m Sailing Catamaran by Sunreef Yachts
article redirect,https://oldseadogs.com/boat-shows/turkish-yacht-giant-sancrea-unveils-aluminium-line-at-dubai-boat-show/,/boat-shows/turkish-yacht-giant-sancrea-unveils-aluminium-line-at-dubai-boat-show/,https://www.oldseadogs.com/stories/boat-shows-turkish-yacht-giant-sancrea-unveils-aluminium-line-at-dubai-boat-show,/stories/boat-shows-turkish-yacht-giant-sancrea-unveils-aluminium-line-at-dubai-boat-show,301,Shows: Sancrea Yachts Steals the Show with Aluminium Yacht Line at Dubai's Premier Marine Event
article redirect,https://oldseadogs.com/boat-reviews/unleashing-the-splendour-of-palm-beach-70-extended-sedan/,/boat-reviews/unleashing-the-splendour-of-palm-beach-70-extended-sedan/,https://www.oldseadogs.com/stories/boat-reviews-unleashing-the-splendour-of-palm-beach-70-extended-sedan,/stories/boat-reviews-unleashing-the-splendour-of-palm-beach-70-extended-sedan,301,Boat Reviews: Experience Magnificent Voyages in Style with the Palm Beach 70 Extended Sedan
article redirect,https://oldseadogs.com/boat-reviews/changing-hands-exquisite-last-sloop-by-alloy-yachts-for-sale/,/boat-reviews/changing-hands-exquisite-last-sloop-by-alloy-yachts-for-sale/,https://www.oldseadogs.com/stories/boat-reviews-changing-hands-exquisite-last-sloop-by-alloy-yachts-for-sale,/stories/boat-reviews-changing-hands-exquisite-last-sloop-by-alloy-yachts-for-sale,301,Boat Reviews: Last Sloop Masterpiece by Alloy Yachts Now Available: Performance Cruiser Encore Changes CA
article redirect,https://oldseadogs.com/boat-shows/dramatic-reveal-the-breath-taking-superyacht-lily-unveiled-by-oceanco-and-vripack/,/boat-shows/dramatic-reveal-the-breath-taking-superyacht-lily-unveiled-by-oceanco-and-vripack/,https://www.oldseadogs.com/stories/boat-shows-dramatic-reveal-the-breath-taking-superyacht-lily-unveiled-by-oceanco-and-vripack,/stories/boat-shows-dramatic-reveal-the-breath-taking-superyacht-lily-unveiled-by-oceanco-and-vripack,301,Shows: Taking the Dubai International Boat Show by Storm: The 101m Superyacht 'Lily' from the Creative Powerhouses Oceanco and Vripack
article redirect,https://oldseadogs.com/news/iconic-37m-pendennis-ketch-finds-new-owner/,/news/iconic-37m-pendennis-ketch-finds-new-owner/,https://www.oldseadogs.com/stories/news-iconic-37m-pendennis-ketch-finds-new-owner,/stories/news-iconic-37m-pendennis-ketch-finds-new-owner,301,News: Taipan of Wales: Sale of Historic 37m Pendennis Ketch Masterminded by Dubois and Disdale
article redirect,https://oldseadogs.com/racing/the-2025-superyacht-cup-palma-a-new-stage-same-competitive-spirit/,/racing/the-2025-superyacht-cup-palma-a-new-stage-same-competitive-spirit/,https://www.oldseadogs.com/stories/racing-the-2025-superyacht-cup-palma-a-new-stage-same-competitive-spirit,/stories/racing-the-2025-superyacht-cup-palma-a-new-stage-same-competitive-spirit,301,"Racing: The Thrilling Return of the Superyacht Cup Palma in Summer 2025: Unfamiliar Grounds, Classic Rivalries"
article redirect,https://oldseadogs.com/boat-reviews/undaunted-exploration-introducing-rmk-marines-arctic-90-superyacht/,/boat-reviews/undaunted-exploration-introducing-rmk-marines-arctic-90-superyacht/,https://www.oldseadogs.com/stories/boat-reviews-undaunted-exploration-introducing-rmk-marines-arctic-90-superyacht,/stories/boat-reviews-undaunted-exploration-introducing-rmk-marines-arctic-90-superyacht,301,"Boat Reviews: RMK Marine Breaks Ground with the Arctic 90, a Superyacht for the Extreme Adventurer"
article redirect,https://oldseadogs.com/boat-shows/exclusive-peek-into-the-opulent-interiors-of-worlds-largest-yacht-rev-ocean/,/boat-shows/exclusive-peek-into-the-opulent-interiors-of-worlds-largest-yacht-rev-ocean/,https://www.oldseadogs.com/stories/boat-shows-exclusive-peek-into-the-opulent-interiors-of-worlds-largest-yacht-rev-ocean,/stories/boat-shows-exclusive-peek-into-the-opulent-interiors-of-worlds-largest-yacht-rev-ocean,301,"Shows: Step Inside the World's Largest Superyacht REV Ocean: An Ultra-Luxe, Environmentally-Friendly Marvel"
article redirect,https://oldseadogs.com/boat-reviews/opulent-splendour-awaits-custom-line-navetta-37-yacht-sokny/,/boat-reviews/opulent-splendour-awaits-custom-line-navetta-37-yacht-sokny/,https://www.oldseadogs.com/stories/boat-reviews-opulent-splendour-awaits-custom-line-navetta-37-yacht-sokny,/stories/boat-reviews-opulent-splendour-awaits-custom-line-navetta-37-yacht-sokny,301,"Boat Reviews: Rare Beauty at Sea: Sokny, the Exquisite Navetta 37 Yacht, is Now Up for Grabs"
article redirect,https://oldseadogs.com/boat-shows/project-toro-the-superyacht-of-the-future-now-named-nympheas/,/boat-shows/project-toro-the-superyacht-of-the-future-now-named-nympheas/,https://www.oldseadogs.com/stories/boat-shows-project-toro-the-superyacht-of-the-future-now-named-nympheas,/stories/boat-shows-project-toro-the-superyacht-of-the-future-now-named-nympheas,301,Shows: The 79m Turquoise Superyacht Originally Named Project Toro Discloses its New Identity as Nympheas
article redirect,https://oldseadogs.com/boat-reviews/stratos-superyacht-concept-of-modern-automotive-sculpture/,/boat-reviews/stratos-superyacht-concept-of-modern-automotive-sculpture/,https://www.oldseadogs.com/stories/boat-reviews-stratos-superyacht-concept-of-modern-automotive-sculpture,/stories/boat-reviews-stratos-superyacht-concept-of-modern-automotive-sculpture,301,"Boat Reviews: Isaac Burrough Design Unleashes Stratos, a Ground-breaking Superyacht Concept Inspired by Automotive Design Aesthetics"
article redirect,https://oldseadogs.com/boat-shows/the-new-debuted-innovation-fabbro-yachts-f115-trideck-superyacht/,/boat-shows/the-new-debuted-innovation-fabbro-yachts-f115-trideck-superyacht/,https://www.oldseadogs.com/stories/boat-shows-the-new-debuted-innovation-fabbro-yachts-f115-trideck-superyacht,/stories/boat-shows-the-new-debuted-innovation-fabbro-yachts-f115-trideck-superyacht,301,Shows: Fabbro Yachts' Pioneering F115 Trideck: A Nautical Masterpiece Marking New Heights in Luxury Sailing
article redirect,https://oldseadogs.com/news/the-return-of-the-l%C3%BCrssen-envy-yacht-to-the-brokerage-market/,/news/the-return-of-the-l%C3%BCrssen-envy-yacht-to-the-brokerage-market/,https://www.oldseadogs.com/stories/news-the-return-of-the-lurssen-envy-yacht-to-the-brokerage-market,/stories/news-the-return-of-the-lurssen-envy-yacht-to-the-brokerage-market,301,"News: Exemplifying European Craftsmanship and American Design, Lürssen's Motor Yacht Envy Makes a Comeback"
article redirect,https://oldseadogs.com/news/43m-palmer-johnson-motor-yacht-lady-j-slashed-by-500k/,/news/43m-palmer-johnson-motor-yacht-lady-j-slashed-by-500k/,https://www.oldseadogs.com/stories/news-43m-palmer-johnson-motor-yacht-lady-j-slashed-by-500k,/stories/news-43m-palmer-johnson-motor-yacht-lady-j-slashed-by-500k,301,"News: Palmer Johnson's mesmerizing marvel, the 43m motor yacht Lady J, experiences a sizable price cut."
article redirect,https://oldseadogs.com/boat-reviews/bella-vita-the-l%C3%BCrssen-motor-yacht-experiences-price-cut/,/boat-reviews/bella-vita-the-l%C3%BCrssen-motor-yacht-experiences-price-cut/,https://www.oldseadogs.com/stories/boat-reviews-bella-vita-the-lurssen-motor-yacht-experiences-price-cut,/stories/boat-reviews-bella-vita-the-lurssen-motor-yacht-experiences-price-cut,301,Boat Reviews: 60m Lürssen Motor Yacht Bella Vita Gets a $3M Discount
article redirect,https://oldseadogs.com/boat-reviews/spectacular-sanlorenzo-44-alloy-motor-yacht-kamakasa-finds-new-heir/,/boat-reviews/spectacular-sanlorenzo-44-alloy-motor-yacht-kamakasa-finds-new-heir/,https://www.oldseadogs.com/stories/boat-reviews-spectacular-sanlorenzo-44-alloy-motor-yacht-kamakasa-finds-new-heir,/stories/boat-reviews-spectacular-sanlorenzo-44-alloy-motor-yacht-kamakasa-finds-new-heir,301,Boat Reviews: Set Sail in Luxury: Sanlorenzo's Iconic Kamakasa Yacht Secures a Well-Heeled Buyer
article redirect,https://oldseadogs.com/boat-reviews/substantial-price-reduction-on-iconic-50m-superyacht/,/boat-reviews/substantial-price-reduction-on-iconic-50m-superyacht/,https://www.oldseadogs.com/stories/boat-reviews-substantial-price-reduction-on-iconic-50m-superyacht,/stories/boat-reviews-substantial-price-reduction-on-iconic-50m-superyacht,301,Boat Reviews: Alamshar: The Aga Khan IV’s Former Superyacht Offered at a Remarkable Discount
article redirect,https://oldseadogs.com/news/big-reveal-exclusive-l%C3%BCrssen-superyacht-ace-21-unsheathed/,/news/big-reveal-exclusive-l%C3%BCrssen-superyacht-ace-21-unsheathed/,https://www.oldseadogs.com/stories/news-big-reveal-exclusive-lurssen-superyacht-ace-21-unsheathed,/stories/news-big-reveal-exclusive-lurssen-superyacht-ace-21-unsheathed,301,News: Lürssen's Enigmatic Superyacht Ace 21 Nimbly Emerges from Its Cocoon
article redirect,https://oldseadogs.com/boat-reviews/revealing-bagliettos-first-dom-115-yacht-interior-design/,/boat-reviews/revealing-bagliettos-first-dom-115-yacht-interior-design/,https://www.oldseadogs.com/stories/boat-reviews-revealing-bagliettos-first-dom-115-yacht-interior-design,/stories/boat-reviews-revealing-bagliettos-first-dom-115-yacht-interior-design,301,Boat Reviews: Unveiling the rich interiors of Baglietto's 35-metre superyacht DOM 115: A study in Italian elegance
article redirect,https://oldseadogs.com/lifestyle/embracing-evtols-the-future-of-superyacht-access/,/lifestyle/embracing-evtols-the-future-of-superyacht-access/,https://www.oldseadogs.com/stories/lifestyle-embracing-evtols-the-future-of-superyacht-access,/stories/lifestyle-embracing-evtols-the-future-of-superyacht-access,301,Lifestyle: The Elite Hybrid of Air and Sea Transportation: How eVTOLs are Set to Revolutionise the Superyacht Experience
article redirect,https://oldseadogs.com/boat-reviews/horizon-yachts-unleashes-its-exhilarating-rp122-model-complete-with-sports-bar/,/boat-reviews/horizon-yachts-unleashes-its-exhilarating-rp122-model-complete-with-sports-bar/,https://www.oldseadogs.com/stories/boat-reviews-horizon-yachts-unleashes-its-exhilarating-rp122-model-complete-with-sports-bar,/stories/boat-reviews-horizon-yachts-unleashes-its-exhilarating-rp122-model-complete-with-sports-bar,301,Boat Reviews: Experience Ultimate Luxury and Speed on the Water with Horizon Yachts' Newest RP122 Model
article redirect,https://oldseadogs.com/boat-reviews/innovative-88m-catamaran-concept-with-fashion-store-revealed-by-camber-yacht-design/,/boat-reviews/innovative-88m-catamaran-concept-with-fashion-store-revealed-by-camber-yacht-design/,https://www.oldseadogs.com/stories/boat-reviews-innovative-88m-catamaran-concept-with-fashion-store-revealed-by-camber-yacht-design,/stories/boat-reviews-innovative-88m-catamaran-concept-with-fashion-store-revealed-by-camber-yacht-design,301,Boat Reviews: Italian Studio Camber Yacht Design Unveils Glamorous 88m Catamaran with an Incredible 'Sky Deck' and Onboard Fashion Store
article redirect,https://oldseadogs.com/boat-reviews/ferretti-group-launches-nautical-engineering-masters-degree/,/boat-reviews/ferretti-group-launches-nautical-engineering-masters-degree/,https://www.oldseadogs.com/stories/boat-reviews-ferretti-group-launches-nautical-engineering-masters-degree,/stories/boat-reviews-ferretti-group-launches-nautical-engineering-masters-degree,301,Boat Reviews: Ferretti Group and University of Bologna Unveil Master's Degree in Nautical Engineering: Bridging Academia and the Yachting Industry
article redirect,https://oldseadogs.com/boat-shows/launch-of-the-spectacular-admiral-superyacht-raja/,/boat-shows/launch-of-the-spectacular-admiral-superyacht-raja/,https://www.oldseadogs.com/stories/boat-shows-launch-of-the-spectacular-admiral-superyacht-raja,/stories/boat-shows-launch-of-the-spectacular-admiral-superyacht-raja,301,Shows: Unleashing the Metallic Beast: Admiral's Super-elegant 55m Superyacht Raja² Sets Sail
article redirect,https://oldseadogs.com/boat-reviews/seventh-mangusta-oceano-50-model-project-nexus-sold-for-2028-delivery/,/boat-reviews/seventh-mangusta-oceano-50-model-project-nexus-sold-for-2028-delivery/,https://www.oldseadogs.com/stories/boat-reviews-seventh-mangusta-oceano-50-model-project-nexus-sold-for-2028-delivery,/stories/boat-reviews-seventh-mangusta-oceano-50-model-project-nexus-sold-for-2028-delivery,301,"Boat Reviews: Buyer Springs for the Seventh Model of the Mangusta Oceano 50 Series, Project Nexus"
article redirect,https://oldseadogs.com/boat-reviews/sneak-peek-ultra-luxurious-lazzara-yachts-interior-unveiled/,/boat-reviews/sneak-peek-ultra-luxurious-lazzara-yachts-interior-unveiled/,https://www.oldseadogs.com/stories/boat-reviews-sneak-peek-ultra-luxurious-lazzara-yachts-interior-unveiled,/stories/boat-reviews-sneak-peek-ultra-luxurious-lazzara-yachts-interior-unveiled,301,Boat Reviews: Lazzara Yachts Reveals Interior Design of its 31m Ultra High Volume Wonder to Launch by 2025
article redirect,https://oldseadogs.com/lifestyle/west-nautical-partners-with-albatross-for-luxurious-golf-tournaments/,/lifestyle/west-nautical-partners-with-albatross-for-luxurious-golf-tournaments/,https://www.oldseadogs.com/stories/lifestyle-west-nautical-partners-with-albatross-for-luxurious-golf-tournaments,/stories/lifestyle-west-nautical-partners-with-albatross-for-luxurious-golf-tournaments,301,Lifestyle: West Nautical and Albatross Tee Off for Luxury Golf Events in Scotland and Dubai
article redirect,https://oldseadogs.com/boat-reviews/l%C3%BCrssens-luxurious-61m-marguerite-a-multi-decked-marvel/,/boat-reviews/l%C3%BCrssens-luxurious-61m-marguerite-a-multi-decked-marvel/,https://www.oldseadogs.com/stories/boat-reviews-lurssens-luxurious-61m-marguerite-a-multi-decked-marvel,/stories/boat-reviews-lurssens-luxurious-61m-marguerite-a-multi-decked-marvel,301,Boat Reviews: Command the seas with the Lürssen's Five-Decked Marguerite: A Creator's Dream
article redirect,https://oldseadogs.com/lifestyle/pinmar-alters-golf-event-resurgence-strategy-amid-superyacht-social-boom/,/lifestyle/pinmar-alters-golf-event-resurgence-strategy-amid-superyacht-social-boom/,https://www.oldseadogs.com/stories/lifestyle-pinmar-alters-golf-event-resurgence-strategy-amid-superyacht-social-boom,/stories/lifestyle-pinmar-alters-golf-event-resurgence-strategy-amid-superyacht-social-boom,301,"Lifestyle: Superyacht Company Pinmar Rethinks Golf Tournament Resurgence, Emphasizes Support for New Events"
article redirect,https://oldseadogs.com/news/revolutionising-the-mediterranean-yachting-landscape/,/news/revolutionising-the-mediterranean-yachting-landscape/,https://www.oldseadogs.com/stories/news-revolutionising-the-mediterranean-yachting-landscape,/stories/news-revolutionising-the-mediterranean-yachting-landscape,301,News: Revitalising Mediterranean Marina Infrastructure: An Engaging Dialogue at the Balearic Superyacht Forum
article redirect,https://oldseadogs.com/news/superyacht-safety-violations-a-call-to-action/,/news/superyacht-safety-violations-a-call-to-action/,https://www.oldseadogs.com/stories/news-superyacht-safety-violations-a-call-to-action,/stories/news-superyacht-safety-violations-a-call-to-action,301,News: Unveiling the Alarming Lack of Proper Safety Practices in Superyacht Crews and the Urgency for Change
article redirect,https://oldseadogs.com/boat-reviews/introducing-otam-90-ht-the-28m-custom-yacht-hitting-45-knots/,/boat-reviews/introducing-otam-90-ht-the-28m-custom-yacht-hitting-45-knots/,https://www.oldseadogs.com/stories/boat-reviews-introducing-otam-90-ht-the-28m-custom-yacht-hitting-45-knots,/stories/boat-reviews-introducing-otam-90-ht-the-28m-custom-yacht-hitting-45-knots,301,Boat Reviews: Presenting the Otam 90 HT: A Customized Superyacht with a Top Speed of 45 Knots
article redirect,https://oldseadogs.com/lifestyle/remembering-a-yachting-legend-his-highness-aga-khan-iv/,/lifestyle/remembering-a-yachting-legend-his-highness-aga-khan-iv/,https://www.oldseadogs.com/stories/lifestyle-remembering-a-yachting-legend-his-highness-aga-khan-iv,/stories/lifestyle-remembering-a-yachting-legend-his-highness-aga-khan-iv,301,Lifestyle: Honouring His Highness Aga Khan IV: A Spiritual Leader and Revered Figure in the Yachting World
article redirect,https://oldseadogs.com/news/the-lure-of-b-corp-certification-sailing-towards-sustainability/,/news/the-lure-of-b-corp-certification-sailing-towards-sustainability/,https://www.oldseadogs.com/stories/news-the-lure-of-b-corp-certification-sailing-towards-sustainability,/stories/news-the-lure-of-b-corp-certification-sailing-towards-sustainability,301,News: How Businesses are Embracing B Corp Certification to Enhance Sustainability and Ethical Practices
article redirect,https://oldseadogs.com/boat-shows/charter-extravaganza-m/y-almissa-joins-west-nauticals-fleet/,/boat-shows/charter-extravaganza-m/y-almissa-joins-west-nauticals-fleet/,https://www.oldseadogs.com/stories/boat-shows-y-almissa-joins-west-nauticals-fleet,/stories/boat-shows-y-almissa-joins-west-nauticals-fleet,301,Shows: West Nautical Welcomes M/Y Almissa: Luxury and Adventure Unleashed
article redirect,https://oldseadogs.com/news/l%C3%BCrssen-group-bids-for-insolvent-nobiskrug-shipyards/,/news/l%C3%BCrssen-group-bids-for-insolvent-nobiskrug-shipyards/,https://www.oldseadogs.com/stories/news-lurssen-group-bids-for-insolvent-nobiskrug-shipyards,/stories/news-lurssen-group-bids-for-insolvent-nobiskrug-shipyards,301,News: Lürssen Group Navigates Troubled Waters with Bid for Ailing Nobiskrug Shipyard
article redirect,https://oldseadogs.com/news/a-promising-wave-melges-uk-gears-up-for-an-electrifying-season/,/news/a-promising-wave-melges-uk-gears-up-for-an-electrifying-season/,https://www.oldseadogs.com/stories/news-a-promising-wave-melges-uk-gears-up-for-an-electrifying-season,/stories/news-a-promising-wave-melges-uk-gears-up-for-an-electrifying-season,301,News: Arriving Full Sail: Melges UK Sets Course for Thrilling Year with New Products and Premier European Event
article redirect,https://oldseadogs.com/racing/balboa-yacht-club-opens-invitation-requests-for-58th-governors-cup/,/racing/balboa-yacht-club-opens-invitation-requests-for-58th-governors-cup/,https://www.oldseadogs.com/stories/racing-balboa-yacht-club-opens-invitation-requests-for-58th-governors-cup,/stories/racing-balboa-yacht-club-opens-invitation-requests-for-58th-governors-cup,301,Racing: Invitations Open for 58th Governor's Cup: A Riveting Contest for Under 23 Yacht Skippers
article redirect,https://oldseadogs.com/racing/celebrating-nine-decades-of-18-footer-racing-at-sydney-harbour/,/racing/celebrating-nine-decades-of-18-footer-racing-at-sydney-harbour/,https://www.oldseadogs.com/stories/racing-celebrating-nine-decades-of-18-footer-racing-at-sydney-harbour,/stories/racing-celebrating-nine-decades-of-18-footer-racing-at-sydney-harbour,301,Racing: An Exciting Weekend of Nautical Milestones: Marking 90 Years of 18 Footer Racing on Legendary Sydney Harbour
article redirect,https://oldseadogs.com/racing/epic-showdown-anticipated-at-2025-new-zealand-millennium-cup/,/racing/epic-showdown-anticipated-at-2025-new-zealand-millennium-cup/,https://www.oldseadogs.com/stories/racing-epic-showdown-anticipated-at-2025-new-zealand-millennium-cup,/stories/racing-epic-showdown-anticipated-at-2025-new-zealand-millennium-cup,301,Racing: Showdown of a Lifetime: World's Most Southern Superyacht Regatta Is All Set To Begin
article redirect,https://oldseadogs.com/boat-shows/exploring-the-wauquiez-55-at-d%C3%BCsseldorf-boot-2025/,/boat-shows/exploring-the-wauquiez-55-at-d%C3%BCsseldorf-boot-2025/,https://www.oldseadogs.com/stories/boat-shows-exploring-the-wauquiez-55-at-dusseldorf-boot-2025,/stories/boat-shows-exploring-the-wauquiez-55-at-dusseldorf-boot-2025,301,Shows: Unveiling of Wauquiez 55 at Düsseldorf Boot 2025: The Future of Performance Cruising Yachts
article redirect,https://oldseadogs.com/racing/uk-finn-fleet-racing-towards-a-better-2025/,/racing/uk-finn-fleet-racing-towards-a-better-2025/,https://www.oldseadogs.com/stories/racing-uk-finn-fleet-racing-towards-a-better-2025,/stories/racing-uk-finn-fleet-racing-towards-a-better-2025,301,Racing: Finn Fleet Experiences Surge in 2025 as UK Sailors Gravitate Towards Iconic Boat
article redirect,https://oldseadogs.com/racing/vend%C3%A9e-globe-race-frontrunners-final-miles/,/racing/vend%C3%A9e-globe-race-frontrunners-final-miles/,https://www.oldseadogs.com/stories/racing-vendee-globe-race-frontrunners-final-miles,/stories/racing-vendee-globe-race-frontrunners-final-miles,301,Racing: Boris Herrmann and Sam Davies: Navigating towards Victory in the Vendée Globe's Last Stretch
article redirect,https://oldseadogs.com/racing/2025-rs400-eurocup-uk/irish-national-championships-announced/,/racing/2025-rs400-eurocup-uk/irish-national-championships-announced/,https://www.oldseadogs.com/stories/racing-irish-national-championships-announced,/stories/racing-irish-national-championships-announced,301,"Racing: Determined Sailors to Converge for the Spectacular RS400 Eurocup, UK and Irish National Championships of 2025"
article redirect,https://oldseadogs.com/racing/cyca-triumphs-in-2025-helly-hansen-international-a-repeat-victory/,/racing/cyca-triumphs-in-2025-helly-hansen-international-a-repeat-victory/,https://www.oldseadogs.com/stories/racing-cyca-triumphs-in-2025-helly-hansen-international-a-repeat-victory,/stories/racing-cyca-triumphs-in-2025-helly-hansen-international-a-repeat-victory,301,"Racing: Cruising Yacht Club of Australia Dominates in 2025 Helly Hansen International, Securing Joy Ride Perpetual Trophy for the Second Time"
article redirect,https://oldseadogs.com/lifestyle/decoding-spains-mat-tax-and-yacht-usage-by-ubos/,/lifestyle/decoding-spains-mat-tax-and-yacht-usage-by-ubos/,https://www.oldseadogs.com/stories/lifestyle-decoding-spains-mat-tax-and-yacht-usage-by-ubos,/stories/lifestyle-decoding-spains-mat-tax-and-yacht-usage-by-ubos,301,Lifestyle: A Deep Dive into the Impact of Spain's Matriculation Tax on Yacht Ownership
article redirect,https://oldseadogs.com/racing/final-milestone-vend%C3%A9e-globe-sailor-pedote-to-tackle-the-last-1500-miles/,/racing/final-milestone-vend%C3%A9e-globe-sailor-pedote-to-tackle-the-last-1500-miles/,https://www.oldseadogs.com/stories/racing-final-milestone-vendee-globe-sailor-pedote-to-tackle-the-last-1500-miles,/stories/racing-final-milestone-vendee-globe-sailor-pedote-to-tackle-the-last-1500-miles,301,Racing: Giancarlo Pedote Braces for the Last Stretch: Less than 1500 Miles from Vendée Globe Finish
article redirect,https://oldseadogs.com/racing/junior-sailors-vie-for-the-ronstan-foiling-cup-at-mccrae-yacht-club/,/racing/junior-sailors-vie-for-the-ronstan-foiling-cup-at-mccrae-yacht-club/,https://www.oldseadogs.com/stories/racing-junior-sailors-vie-for-the-ronstan-foiling-cup-at-mccrae-yacht-club,/stories/racing-junior-sailors-vie-for-the-ronstan-foiling-cup-at-mccrae-yacht-club,301,Racing: Inaugural Ronstan Junior Foiling Cup at McCrae Yacht Club Offers Thrilling Opportunity for Young Sailors
article redirect,https://oldseadogs.com/boat-shows/seamlessly-navigate-the-rya-dinghy-watersports-show-for-your-perfect-sailing-setup/,/boat-shows/seamlessly-navigate-the-rya-dinghy-watersports-show-for-your-perfect-sailing-setup/,https://www.oldseadogs.com/stories/boat-shows-seamlessly-navigate-the-rya-dinghy-watersports-show-for-your-perfect-sailing-setup,/stories/boat-shows-seamlessly-navigate-the-rya-dinghy-watersports-show-for-your-perfect-sailing-setup,301,Shows: Journey to The RYA Dinghy & Watersports Show: Decoding Strategies to Land One's Ideal Boat
article redirect,https://oldseadogs.com/racing/stormy-sailing-dart-15-winter-time-trials-at-rutland/,/racing/stormy-sailing-dart-15-winter-time-trials-at-rutland/,https://www.oldseadogs.com/stories/racing-stormy-sailing-dart-15-winter-time-trials-at-rutland,/stories/racing-stormy-sailing-dart-15-winter-time-trials-at-rutland,301,Racing: Hardy Sea Dogs Brave Stormy Weather for Winter Time Trial at Rutland Sailing Club
article redirect,https://oldseadogs.com/lifestyle/the-rise-of-palm-beach-motor-yachts-an-overnight-success-that-took-30-years/,/lifestyle/the-rise-of-palm-beach-motor-yachts-an-overnight-success-that-took-30-years/,https://www.oldseadogs.com/stories/lifestyle-the-rise-of-palm-beach-motor-yachts-an-overnight-success-that-took-30-years,/stories/lifestyle-the-rise-of-palm-beach-motor-yachts-an-overnight-success-that-took-30-years,301,Lifestyle: From a Humble Australian Boat Factory to Global Yachting Powerhouse: The Ascendancy of Palm Beach Motor Yachts
article redirect,https://oldseadogs.com/racing/the-thrilling-chase-toward-les-sables-dolonne-a-vend%C3%A9e-globe-update/,/racing/the-thrilling-chase-toward-les-sables-dolonne-a-vend%C3%A9e-globe-update/,https://www.oldseadogs.com/stories/racing-the-thrilling-chase-toward-les-sables-dolonne-a-vendee-globe-update,/stories/racing-the-thrilling-chase-toward-les-sables-dolonne-a-vendee-globe-update,301,Racing: Vendée Globe Participants Brave Harsh Seas in Determined Quest for Glory
article redirect,https://oldseadogs.com/news/vend%C3%A9e-globe-finish-americas-cup-changes-sir-ben-ainslie-finding-new-horizons/,/news/vend%C3%A9e-globe-finish-americas-cup-changes-sir-ben-ainslie-finding-new-horizons/,https://www.oldseadogs.com/stories/news-vendee-globe-finish-americas-cup-changes-sir-ben-ainslie-finding-new-horizons,/stories/news-vendee-globe-finish-americas-cup-changes-sir-ben-ainslie-finding-new-horizons,301,"News: In the Wake of Vendée Globe's Finish, the America's Cup Unfolds a Plot Twist: The Exit of Olympic Champion, Sir Ben Ainslie"
article redirect,https://oldseadogs.com/racing/bravura-performance-by-andrew-dolly-divola-at-australian-windsurfing-nationals/,/racing/bravura-performance-by-andrew-dolly-divola-at-australian-windsurfing-nationals/,https://www.oldseadogs.com/stories/racing-bravura-performance-by-andrew-dolly-divola-at-australian-windsurfing-nationals,/stories/racing-bravura-performance-by-andrew-dolly-divola-at-australian-windsurfing-nationals,301,Racing: Triumph Against Odds: Andrew Dolly Divola Conquers the Waves at 2025 Vaikobi Australian Windsurfer Nationals
article redirect,https://oldseadogs.com/racing/clarisse-cr%C3%A9mer-lands-11th-spot-in-vend%C3%A9e-globe-2024/,/racing/clarisse-cr%C3%A9mer-lands-11th-spot-in-vend%C3%A9e-globe-2024/,https://www.oldseadogs.com/stories/racing-clarisse-cremer-lands-11th-spot-in-vendee-globe-2024,/stories/racing-clarisse-cremer-lands-11th-spot-in-vendee-globe-2024,301,Racing: Clarisse Crémer's Triumphant Sea Voyage: An 11th Place Finish in Vendée Globe 2024
article redirect,https://oldseadogs.com/racing/emerging-champions-of-2025-new-zealand-flying-15-national-championship/,/racing/emerging-champions-of-2025-new-zealand-flying-15-national-championship/,https://www.oldseadogs.com/stories/racing-emerging-champions-of-2025-new-zealand-flying-15-national-championship,/stories/racing-emerging-champions-of-2025-new-zealand-flying-15-national-championship,301,Racing: Rising Stars Prevail against Experienced Sailors in New Zealand's 2025 Flying 15 National Championship
article redirect,https://oldseadogs.com/lifestyle/epic-voyage-from-spain-to-sydney/,/lifestyle/epic-voyage-from-spain-to-sydney/,https://www.oldseadogs.com/stories/lifestyle-epic-voyage-from-spain-to-sydney,/stories/lifestyle-epic-voyage-from-spain-to-sydney,301,Lifestyle: An Intrepid Duo's Breathtaking Nautical Journey from Spain to Australia's Shimmering Shores.
article redirect,https://oldseadogs.com/racing/exceptional-performance-at-bacardi-winter-series-event-2/,/racing/exceptional-performance-at-bacardi-winter-series-event-2/,https://www.oldseadogs.com/stories/racing-exceptional-performance-at-bacardi-winter-series-event-2,/stories/racing-exceptional-performance-at-bacardi-winter-series-event-2,301,Racing: Securing Triumph Amidst Stunning Weather and Challenging Conditions at Bacardi Winter Series
article redirect,https://oldseadogs.com/racing/indoor-tow-in-world-series-windsurfing-history-under-one-roof/,/racing/indoor-tow-in-world-series-windsurfing-history-under-one-roof/,https://www.oldseadogs.com/stories/racing-indoor-tow-in-world-series-windsurfing-history-under-one-roof,/stories/racing-indoor-tow-in-world-series-windsurfing-history-under-one-roof,301,Racing: Sporting Triumph at Düsseldorf's boot 2025: Defying the Elements in Sensational Indoor Windsurfing Show
article redirect,https://oldseadogs.com/racing/lanzarotes-marina-rubic%C3%B3n-braces-for-first-iqfoil-games-of-la-2028-olympic-cycle/,/racing/lanzarotes-marina-rubic%C3%B3n-braces-for-first-iqfoil-games-of-la-2028-olympic-cycle/,https://www.oldseadogs.com/stories/racing-lanzarotes-marina-rubicon-braces-for-first-iqfoil-games-of-la-2028-olympic-cycle,/stories/racing-lanzarotes-marina-rubicon-braces-for-first-iqfoil-games-of-la-2028-olympic-cycle,301,Racing: Lanzarote's Marina Rubicón Set to Blaze a Trail with First iQFOiL Games of the LA 2028 Olympic Cycle
article redirect,https://oldseadogs.com/racing/notts-county-sailing-club-hosts-engrossing-2025-county-cooler/,/racing/notts-county-sailing-club-hosts-engrossing-2025-county-cooler/,https://www.oldseadogs.com/stories/racing-notts-county-sailing-club-hosts-engrossing-2025-county-cooler,/stories/racing-notts-county-sailing-club-hosts-engrossing-2025-county-cooler,301,Racing: Notts County Sailing Club: Showing True Grit in 2025 County Cooler
article redirect,https://oldseadogs.com/news/safeguarding-luxury-collision-checks-in-the-superyacht-industry/,/news/safeguarding-luxury-collision-checks-in-the-superyacht-industry/,https://www.oldseadogs.com/stories/news-safeguarding-luxury-collision-checks-in-the-superyacht-industry,/stories/news-safeguarding-luxury-collision-checks-in-the-superyacht-industry,301,News: An Inside Look into Navigational Safety and Risk Assessment in the World of Luxury Superyachts
article redirect,https://oldseadogs.com/racing/sailing-champs-crowned-at-2025-festival-of-sails/,/racing/sailing-champs-crowned-at-2025-festival-of-sails/,https://www.oldseadogs.com/stories/racing-sailing-champs-crowned-at-2025-festival-of-sails,/stories/racing-sailing-champs-crowned-at-2025-festival-of-sails,301,Racing: The 2025 Festival of Sails Crowns Twenty Division Champions Amid Thrilling Sea Spectacle
article redirect,https://oldseadogs.com/news/stormy-seas-divert-vend%C3%A9e-globe-finishers-to-unanticipated-destination/,/news/stormy-seas-divert-vend%C3%A9e-globe-finishers-to-unanticipated-destination/,https://www.oldseadogs.com/stories/news-stormy-seas-divert-vendee-globe-finishers-to-unanticipated-destination,/stories/news-stormy-seas-divert-vendee-globe-finishers-to-unanticipated-destination,301,News: Rough Waters Shift Vendée Globe Finishers Off Course: Unplanned Celebrations Ensue in La Rochelle
article redirect,https://oldseadogs.com/boat-reviews/the-dazzling-d-class-debut-of-mermaid/,/boat-reviews/the-dazzling-d-class-debut-of-mermaid/,https://www.oldseadogs.com/stories/boat-reviews-the-dazzling-d-class-debut-of-mermaid,/stories/boat-reviews-the-dazzling-d-class-debut-of-mermaid,301,Boat Reviews: The Latest Addition to the D-Class Fleet: Mermaid Shines in Hot Pink
article redirect,https://oldseadogs.com/racing/thrilling-conclusion-of-vaikobi-windsurfer-australian-championships/,/racing/thrilling-conclusion-of-vaikobi-windsurfer-australian-championships/,https://www.oldseadogs.com/stories/racing-thrilling-conclusion-of-vaikobi-windsurfer-australian-championships,/stories/racing-thrilling-conclusion-of-vaikobi-windsurfer-australian-championships,301,Racing: Exciting Finale to the Vaikobi Windsurfer Class Australian National Championships
article redirect,https://oldseadogs.com/boat-reviews/ancasta-teams-up-with-flexiteek-for-decking-services/,/boat-reviews/ancasta-teams-up-with-flexiteek-for-decking-services/,https://www.oldseadogs.com/stories/boat-reviews-ancasta-teams-up-with-flexiteek-for-decking-services,/stories/boat-reviews-ancasta-teams-up-with-flexiteek-for-decking-services,301,Boat Reviews: Ancasta Yachts Services Forges Alliance with Flexiteek UK to Offer Premium Decking Services
article redirect,https://oldseadogs.com/masterclass/embracing-the-waves-youth-winter-training-at-paignton-sailing-club/,/masterclass/embracing-the-waves-youth-winter-training-at-paignton-sailing-club/,https://www.oldseadogs.com/stories/masterclass-embracing-the-waves-youth-winter-training-at-paignton-sailing-club,/stories/masterclass-embracing-the-waves-youth-winter-training-at-paignton-sailing-club,301,Masterclass: Bracing Winter Winds Drive Spirited Youth Race Training at Paignton Sailing Club
article redirect,https://oldseadogs.com/news/fire-ravages-yachts-in-marseilles-raising-safety-concerns/,/news/fire-ravages-yachts-in-marseilles-raising-safety-concerns/,https://www.oldseadogs.com/stories/news-fire-ravages-yachts-in-marseilles-raising-safety-concerns,/stories/news-fire-ravages-yachts-in-marseilles-raising-safety-concerns,301,News: Unseen Dangers Still Lurk on the Water: Luxury Yachts Devoured by Flames in Marseilles Marina
article redirect,https://oldseadogs.com/lifestyle/glancy-fawcett-unveils-new-luxury-showroom-in-abu-dhabi/,/lifestyle/glancy-fawcett-unveils-new-luxury-showroom-in-abu-dhabi/,https://www.oldseadogs.com/stories/lifestyle-glancy-fawcett-unveils-new-luxury-showroom-in-abu-dhabi,/stories/lifestyle-glancy-fawcett-unveils-new-luxury-showroom-in-abu-dhabi,301,Lifestyle: British Luxury Goods Retailer Glancy Fawcett Expands Global Presence with Prestigious Abu Dhabi Showroom Opening
article redirect,https://oldseadogs.com/boat-reviews/italian-superyacht-build-progresses-towards-landmark-achievement/,/boat-reviews/italian-superyacht-build-progresses-towards-landmark-achievement/,https://www.oldseadogs.com/stories/boat-reviews-italian-superyacht-build-progresses-towards-landmark-achievement,/stories/boat-reviews-italian-superyacht-build-progresses-towards-landmark-achievement,301,Boat Reviews: Majestic Innovation Underway: Italy Pushes Luxury to New Heights with Ground-breaking 100-Metre Superyacht
article redirect,https://oldseadogs.com/racing/j/70-australian-championship-2025-epic-warm-up-at-sandringham-yacht-club/,/racing/j/70-australian-championship-2025-epic-warm-up-at-sandringham-yacht-club/,https://www.oldseadogs.com/stories/racing-70-australian-championship-2025-epic-warm-up-at-sandringham-yacht-club,/stories/racing-70-australian-championship-2025-epic-warm-up-at-sandringham-yacht-club,301,Racing: Tension Rises on Practice Day of 2025 J/70 Australian Championship at Renowned Sandringham Yacht Club
article redirect,https://oldseadogs.com/racing/revolutionizing-sailing-regattas-online-tracking-at-euromarina-optimist-torrevieja/,/racing/revolutionizing-sailing-regattas-online-tracking-at-euromarina-optimist-torrevieja/,https://www.oldseadogs.com/stories/racing-revolutionizing-sailing-regattas-online-tracking-at-euromarina-optimist-torrevieja,/stories/racing-revolutionizing-sailing-regattas-online-tracking-at-euromarina-optimist-torrevieja,301,Racing: Online Tracking Technology Breaks Waves at the Euromarina Optimist Torrevieja Children's Regatta
article redirect,https://oldseadogs.com/boat-shows/south-african-shipyard-unveils-biggest-project-yet-a-37.5-metre-sailing-yacht/,/boat-shows/south-african-shipyard-unveils-biggest-project-yet-a-37.5-metre-sailing-yacht/,https://www.oldseadogs.com/stories/boat-shows-south-african-shipyard-unveils-biggest-project-yet-a-37-5-metre-sailing-yacht,/stories/boat-shows-south-african-shipyard-unveils-biggest-project-yet-a-37-5-metre-sailing-yacht,301,Shows: Southern Wind Strikes a High Note with Its Largest Sailing Yacht Yet
article redirect,https://oldseadogs.com/racing/yoann-richommes-stunning-vend%C3%A9e-globe-debut-scores-him-second-place/,/racing/yoann-richommes-stunning-vend%C3%A9e-globe-debut-scores-him-second-place/,https://www.oldseadogs.com/stories/racing-yoann-richommes-stunning-vendee-globe-debut-scores-him-second-place,/stories/racing-yoann-richommes-stunning-vendee-globe-debut-scores-him-second-place,301,"Racing: Second Wind: Yoann Richomme Makes Splash in His First Vendée Globe, Landing Coveted Runner-Up Position"
article redirect,https://oldseadogs.com/news/a-century-in-the-making-royal-western-yacht-clubs-centenary-race/,/news/a-century-in-the-making-royal-western-yacht-clubs-centenary-race/,https://www.oldseadogs.com/stories/news-a-century-in-the-making-royal-western-yacht-clubs-centenary-race,/stories/news-a-century-in-the-making-royal-western-yacht-clubs-centenary-race,301,News: Reviving Yesteryears: Royal Western Yacht Club Re-visits 1925 Fastnet Racecourse & Announces New Date for Round Iceland Race
article redirect,https://oldseadogs.com/racing/boris-herrmann-crosses-equator-homestretch-for-vend%C3%A9e-globe/,/racing/boris-herrmann-crosses-equator-homestretch-for-vend%C3%A9e-globe/,https://www.oldseadogs.com/stories/racing-boris-herrmann-crosses-equator-homestretch-for-vendee-globe,/stories/racing-boris-herrmann-crosses-equator-homestretch-for-vendee-globe,301,"Racing: Boris Herrmann Returns to Northern Hemisphere, Marks New Milestone in the Challenging Vendée Globe Race"
article redirect,https://oldseadogs.com/racing/defending-champions-triumph-at-2025-etchells-world-championship/,/racing/defending-champions-triumph-at-2025-etchells-world-championship/,https://www.oldseadogs.com/stories/racing-defending-champions-triumph-at-2025-etchells-world-championship,/stories/racing-defending-champions-triumph-at-2025-etchells-world-championship,301,Racing: Unrivaled Showdown at the 2025 Etchells World Championship Yields Victory for the Magpie Team
article redirect,https://oldseadogs.com/news/echoes-of-victory-charlie-dalins-record-breaking-vend%C3%A9e-globe-win/,/news/echoes-of-victory-charlie-dalins-record-breaking-vend%C3%A9e-globe-win/,https://www.oldseadogs.com/stories/news-echoes-of-victory-charlie-dalins-record-breaking-vendee-globe-win,/stories/news-echoes-of-victory-charlie-dalins-record-breaking-vendee-globe-win,301,"News: Thrilling Seas, Unseen Depths: An Unforgettable Dive into Charlie Dalin's Vendée Globe Triumph"
article redirect,https://oldseadogs.com/racing/nico-lunvens-return-to-the-northern-hemisphere-in-vend%C3%A9e-globe/,/racing/nico-lunvens-return-to-the-northern-hemisphere-in-vend%C3%A9e-globe/,https://www.oldseadogs.com/stories/racing-nico-lunvens-return-to-the-northern-hemisphere-in-vendee-globe,/stories/racing-nico-lunvens-return-to-the-northern-hemisphere-in-vendee-globe,301,"Racing: Nico Lunven Recaptures Northern Hemisphere in Vendée Globe Race, Sails through Doldrums"
article redirect,https://oldseadogs.com/racing/pollard-asserts-dominance-in-sb20-sailing-championship-eyes-world-title/,/racing/pollard-asserts-dominance-in-sb20-sailing-championship-eyes-world-title/,https://www.oldseadogs.com/stories/racing-pollard-asserts-dominance-in-sb20-sailing-championship-eyes-world-title,/stories/racing-pollard-asserts-dominance-in-sb20-sailing-championship-eyes-world-title,301,Racing: Sailing Prodigy Pollard Autographs the Waters of Singapore in the SB20 Championship: World Glory on Horizon
article redirect,https://oldseadogs.com/boat-reviews/sneak-peek-inside-van-der-valks-custom-yacht-one/,/boat-reviews/sneak-peek-inside-van-der-valks-custom-yacht-one/,https://www.oldseadogs.com/stories/boat-reviews-sneak-peek-inside-van-der-valks-custom-yacht-one,/stories/boat-reviews-sneak-peek-inside-van-der-valks-custom-yacht-one,301,Boat Reviews: Explore the Grandeur of Van der Valk's Custom 34.1-metre Superyacht 'One'
article redirect,https://oldseadogs.com/racing/thrills-spills-and-high-speeds-at-the-2025-rorc-transatlantic-race/,/racing/thrills-spills-and-high-speeds-at-the-2025-rorc-transatlantic-race/,https://www.oldseadogs.com/stories/racing-thrills-spills-and-high-speeds-at-the-2025-rorc-transatlantic-race,/stories/racing-thrills-spills-and-high-speeds-at-the-2025-rorc-transatlantic-race,301,Racing: Pulsating Rivalry and Breathtaking Speeds Ignite the 11th Royal Ocean Racing Club Transatlantic Race
article redirect,https://oldseadogs.com/racing/triumphant-fireflys-win-at-blood-mary-sailing-race/,/racing/triumphant-fireflys-win-at-blood-mary-sailing-race/,https://www.oldseadogs.com/stories/racing-triumphant-fireflys-win-at-blood-mary-sailing-race,/stories/racing-triumphant-fireflys-win-at-blood-mary-sailing-race,301,Racing: Slower Boats Reign Supreme: The Pank Duo Triumph in the Infamous Bloody Mary Sailing Race
article redirect,https://oldseadogs.com/news/famed-1930s-yacht-weather-bird-set-for-auction/,/news/famed-1930s-yacht-weather-bird-set-for-auction/,https://www.oldseadogs.com/stories/news-famed-1930s-yacht-weather-bird-set-for-auction,/stories/news-famed-1930s-yacht-weather-bird-set-for-auction,301,"News: Historic Weather Bird Yacht, Exalted by Coco Chanel and Louis Armstrong, Destined for Auction"
article redirect,https://oldseadogs.com/news/mb92-group-expands-its-footprint-with-gyg-acquisition/,/news/mb92-group-expands-its-footprint-with-gyg-acquisition/,https://www.oldseadogs.com/stories/news-mb92-group-expands-its-footprint-with-gyg-acquisition,/stories/news-mb92-group-expands-its-footprint-with-gyg-acquisition,301,News: From Service Collaboration to Ownership: MB92 Group Welcomes GYG to Its Prestigious Fleet
article redirect,https://oldseadogs.com/news/six-figure-payout-for-alfa-nero-crew/,/news/six-figure-payout-for-alfa-nero-crew/,https://www.oldseadogs.com/stories/news-six-figure-payout-for-alfa-nero-crew,/stories/news-six-figure-payout-for-alfa-nero-crew,301,"News: Alfa Nero Superyacht Crew Nets a Staggering Payout: A Long-Fought Legal Battle Culminates in £890,000 in Unpaid Wages"
article redirect,https://oldseadogs.com/boat-reviews/safeguarding-your-skies-the-smart-investment-of-helicopter-hangars-on-superyachts/,/boat-reviews/safeguarding-your-skies-the-smart-investment-of-helicopter-hangars-on-superyachts/,https://www.oldseadogs.com/stories/boat-reviews-safeguarding-your-skies-the-smart-investment-of-helicopter-hangars-on-superyachts,/stories/boat-reviews-safeguarding-your-skies-the-smart-investment-of-helicopter-hangars-on-superyachts,301,Boat Reviews: The Age of Sky Yachting: How Helicopter Hangars Enhance Superyachts and Secure Your Flying Asset
article redirect,https://oldseadogs.com/lifestyle/metamorphosing-maritime-culture-stopping-sexual-harassment-aboard/,/lifestyle/metamorphosing-maritime-culture-stopping-sexual-harassment-aboard/,https://www.oldseadogs.com/stories/lifestyle-metamorphosing-maritime-culture-stopping-sexual-harassment-aboard,/stories/lifestyle-metamorphosing-maritime-culture-stopping-sexual-harassment-aboard,301,Lifestyle: Encouraging Respect and Dignity at Sea: The Vital Mission to Stamp Out Sexual Harassment on Yachts
article redirect,https://oldseadogs.com/boat-reviews/transforming-the-yachting-realm-candid-resolutions-for-a-sustainable-voyage/,/boat-reviews/transforming-the-yachting-realm-candid-resolutions-for-a-sustainable-voyage/,https://www.oldseadogs.com/stories/boat-reviews-transforming-the-yachting-realm-candid-resolutions-for-a-sustainable-voyage,/stories/boat-reviews-transforming-the-yachting-realm-candid-resolutions-for-a-sustainable-voyage,301,Boat Reviews: Embark on a Voyage to Greener Horizons: Reimagining the Yachting World through Sustainable Resolutions
article redirect,https://oldseadogs.com/news/temporary-layoffs-at-sunseeker-international-raise-eyebrows/,/news/temporary-layoffs-at-sunseeker-international-raise-eyebrows/,https://www.oldseadogs.com/stories/news-temporary-layoffs-at-sunseeker-international-raise-eyebrows,/stories/news-temporary-layoffs-at-sunseeker-international-raise-eyebrows,301,News: Uncertainty Strikes the British Boatbuilding Industry as Sunseeker Announces Temporary Layoffs
article redirect,https://oldseadogs.com/news/safety-at-sea-a-study-of-master-authority-aboard-superyachts/,/news/safety-at-sea-a-study-of-master-authority-aboard-superyachts/,https://www.oldseadogs.com/stories/news-safety-at-sea-a-study-of-master-authority-aboard-superyachts,/stories/news-safety-at-sea-a-study-of-master-authority-aboard-superyachts,301,News: Challenging the captain’s call: A vital peek into maritime safety practices on superyachts
article redirect,https://oldseadogs.com/news/riding-the-wave-of-superyacht-refits/,/news/riding-the-wave-of-superyacht-refits/,https://www.oldseadogs.com/stories/news-riding-the-wave-of-superyacht-refits,/stories/news-riding-the-wave-of-superyacht-refits,301,News: Harnessing New Innovations for a Revitalised Superyacht Refit Sector
article redirect,https://oldseadogs.com/boat-reviews/highlighting-pair-of-long-range-explorer-yachts-gracing-the-brokerage-market/,/boat-reviews/highlighting-pair-of-long-range-explorer-yachts-gracing-the-brokerage-market/,https://www.oldseadogs.com/stories/boat-reviews-highlighting-pair-of-long-range-explorer-yachts-gracing-the-brokerage-market,/stories/boat-reviews-highlighting-pair-of-long-range-explorer-yachts-gracing-the-brokerage-market,301,Boat Reviews: Sailing into the Spotlight: An Unveiling of Two Long Range Explorer Yachts on the Second-hand Market
article redirect,https://oldseadogs.com/lifestyle/the-power-of-positive-leadership-on-the-high-seas/,/lifestyle/the-power-of-positive-leadership-on-the-high-seas/,https://www.oldseadogs.com/stories/lifestyle-the-power-of-positive-leadership-on-the-high-seas,/stories/lifestyle-the-power-of-positive-leadership-on-the-high-seas,301,Lifestyle: How Positive Leadership Can Transform a Yacht's Crew and Overall Performance in a Time of Crisis
article redirect,https://oldseadogs.com/ports/albany-marina/,/ports/albany-marina/,https://www.oldseadogs.com/stories/ports-albany-marina,/stories/ports-albany-marina,301,Ports: Albany Marina
article redirect,https://oldseadogs.com/ports/alimos-marina/,/ports/alimos-marina/,https://www.oldseadogs.com/stories/ports-alimos-marina,/stories/ports-alimos-marina,301,Ports: Alimos Marina
article redirect,https://oldseadogs.com/ports/atlantis-marina/,/ports/atlantis-marina/,https://www.oldseadogs.com/stories/ports-atlantis-marina,/stories/ports-atlantis-marina,301,Ports: Atlantis Marina
article redirect,https://oldseadogs.com/ports/brighton-marina/,/ports/brighton-marina/,https://www.oldseadogs.com/stories/ports-brighton-marina,/stories/ports-brighton-marina,301,Ports: Brighton Marina
article redirect,https://oldseadogs.com/ports/coal-harbour-marina/,/ports/coal-harbour-marina/,https://www.oldseadogs.com/stories/ports-coal-harbour-marina,/stories/ports-coal-harbour-marina,301,Ports: Coal Harbour Marina
article redirect,https://oldseadogs.com/ports/coral-sea-marina-airlie-beach/,/ports/coral-sea-marina-airlie-beach/,https://www.oldseadogs.com/stories/ports-coral-sea-marina-airlie-beach,/stories/ports-coral-sea-marina-airlie-beach,301,Ports: Coral Sea Marina – Airlie Beach
article redirect,https://oldseadogs.com/ports/eden-island-marina/,/ports/eden-island-marina/,https://www.oldseadogs.com/stories/ports-eden-island-marina,/stories/ports-eden-island-marina,301,Ports: Eden Island Marina
article redirect,https://oldseadogs.com/ports/gouvia-marina/,/ports/gouvia-marina/,https://www.oldseadogs.com/stories/ports-gouvia-marina,/stories/ports-gouvia-marina,301,Ports: Gouvia Marina
article redirect,https://oldseadogs.com/ports/gustavia-harbour/,/ports/gustavia-harbour/,https://www.oldseadogs.com/stories/ports-gustavia-harbour,/stories/ports-gustavia-harbour,301,Ports: Gustavia Harbour
article redirect,https://oldseadogs.com/ports/hamilton-island-marina/,/ports/hamilton-island-marina/,https://www.oldseadogs.com/stories/ports-hamilton-island-marina,/stories/ports-hamilton-island-marina,301,Ports: Hamilton Island Marina
article redirect,https://oldseadogs.com/ports/ibiza-marina/,/ports/ibiza-marina/,https://www.oldseadogs.com/stories/ports-ibiza-marina,/stories/ports-ibiza-marina,301,Ports: Ibiza Marina
article redirect,https://oldseadogs.com/ports/largs-yacht-haven/,/ports/largs-yacht-haven/,https://www.oldseadogs.com/stories/ports-largs-yacht-haven,/stories/ports-largs-yacht-haven,301,Ports: Largs Yacht Haven
article redirect,https://oldseadogs.com/ports/lymington-marina/,/ports/lymington-marina/,https://www.oldseadogs.com/stories/ports-lymington-marina,/stories/ports-lymington-marina,301,Ports: Lymington Marina
article redirect,https://oldseadogs.com/ports/marina-coppola/,/ports/marina-coppola/,https://www.oldseadogs.com/stories/ports-marina-coppola,/stories/ports-marina-coppola,301,Ports: Marina Coppola
article redirect,https://oldseadogs.com/ports/marina-de-vilamoura/,/ports/marina-de-vilamoura/,https://www.oldseadogs.com/stories/ports-marina-de-vilamoura,/stories/ports-marina-de-vilamoura,301,Ports: Marina de Vilamoura
article redirect,https://oldseadogs.com/ports/marina-del-rey-california/,/ports/marina-del-rey-california/,https://www.oldseadogs.com/stories/ports-marina-del-rey-california,/stories/ports-marina-del-rey-california,301,Ports: Marina del Rey – California
article redirect,https://oldseadogs.com/ports/marina-grande-capri/,/ports/marina-grande-capri/,https://www.oldseadogs.com/stories/ports-marina-grande-capri,/stories/ports-marina-grande-capri,301,Ports: Marina Grande - Capri
article redirect,https://oldseadogs.com/ports/montauk-yacht-club/,/ports/montauk-yacht-club/,https://www.oldseadogs.com/stories/ports-montauk-yacht-club,/stories/ports-montauk-yacht-club,301,Ports: Montauk Yacht Club
article redirect,https://oldseadogs.com/ports/nanny-cay-marina/,/ports/nanny-cay-marina/,https://www.oldseadogs.com/stories/ports-nanny-cay-marina,/stories/ports-nanny-cay-marina,301,Ports: Nanny-Cay-Marina
article redirect,https://oldseadogs.com/ports/port-adriano/,/ports/port-adriano/,https://www.oldseadogs.com/stories/ports-port-adriano,/stories/ports-port-adriano,301,Ports: Port Adriano
article redirect,https://oldseadogs.com/ports/port-de-saint-tropez/,/ports/port-de-saint-tropez/,https://www.oldseadogs.com/stories/ports-port-de-saint-tropez,/stories/ports-port-de-saint-tropez,301,Ports: Port de Saint-Tropez
article redirect,https://oldseadogs.com/ports/port-denarau-marina/,/ports/port-denarau-marina/,https://www.oldseadogs.com/stories/ports-port-denarau-marina,/stories/ports-port-denarau-marina,301,Ports: Port Denarau Marina
article redirect,https://oldseadogs.com/ports/port-royal/,/ports/port-royal/,https://www.oldseadogs.com/stories/ports-port-royal,/stories/ports-port-royal,301,Ports: Port Royal
article redirect,https://oldseadogs.com/ports/port-st.-charles-marina-barbados/,/ports/port-st.-charles-marina-barbados/,https://www.oldseadogs.com/stories/ports-port-st-charles-marina-barbados,/stories/ports-port-st-charles-marina-barbados,301,Ports: Port St. Charles Marina – Barbados
article redirect,https://oldseadogs.com/ports/port-vauban/,/ports/port-vauban/,https://www.oldseadogs.com/stories/ports-port-vauban,/stories/ports-port-vauban,301,Ports: Port Vauban
article redirect,https://oldseadogs.com/ports/porto-cervo-sardinia/,/ports/porto-cervo-sardinia/,https://www.oldseadogs.com/stories/ports-porto-cervo-sardinia,/stories/ports-porto-cervo-sardinia,301,Ports: Porto Cervo - Sardinia
article redirect,https://oldseadogs.com/ports/puerto-del-rey-marina/,/ports/puerto-del-rey-marina/,https://www.oldseadogs.com/stories/ports-puerto-del-rey-marina,/stories/ports-puerto-del-rey-marina,301,Ports: Puerto del Rey Marina
article redirect,https://oldseadogs.com/ports/puerto-portals-mallorca/,/ports/puerto-portals-mallorca/,https://www.oldseadogs.com/stories/ports-puerto-portals-mallorca,/stories/ports-puerto-portals-mallorca,301,Ports: Puerto Portals - Mallorca
article redirect,https://oldseadogs.com/ports/safe-harbor-newport-shipyard/,/ports/safe-harbor-newport-shipyard/,https://www.oldseadogs.com/stories/ports-safe-harbor-newport-shipyard,/stories/ports-safe-harbor-newport-shipyard,301,Ports: Safe Harbor Newport Shipyard
article redirect,https://oldseadogs.com/ports/santa-pola/,/ports/santa-pola/,https://www.oldseadogs.com/stories/ports-santa-pola,/stories/ports-santa-pola,301,Ports: Santa Pola
article redirect,https://oldseadogs.com/ports/scrub-island-marina/,/ports/scrub-island-marina/,https://www.oldseadogs.com/stories/ports-scrub-island-marina,/stories/ports-scrub-island-marina,301,Ports: Scrub Island Marina
article redirect,https://oldseadogs.com/ports/setur-marina/,/ports/setur-marina/,https://www.oldseadogs.com/stories/ports-setur-marina,/stories/ports-setur-marina,301,Ports: Setur Marina
article redirect,https://oldseadogs.com/ports/southport-yacht-club-marina/,/ports/southport-yacht-club-marina/,https://www.oldseadogs.com/stories/ports-southport-yacht-club-marina,/stories/ports-southport-yacht-club-marina,301,Ports: Southport Yacht Club Marina
article redirect,https://oldseadogs.com/ports/va-waterfront-marina/,/ports/va-waterfront-marina/,https://www.oldseadogs.com/stories/ports-va-waterfront-marina,/stories/ports-va-waterfront-marina,301,Ports: V&A Waterfront Marina
article redirect,https://oldseadogs.com/ports/viaduct-harbour/,/ports/viaduct-harbour/,https://www.oldseadogs.com/stories/ports-viaduct-harbour,/stories/ports-viaduct-harbour,301,Ports: Viaduct Harbour
article redirect,https://oldseadogs.com/clubs/edgartown-yacht-club-eyc/,/clubs/edgartown-yacht-club-eyc/,https://www.oldseadogs.com/stories/clubs-edgartown-yacht-club-eyc,/stories/clubs-edgartown-yacht-club-eyc,301,Clubs: Edgartown Yacht Club (EYC)
article redirect,https://oldseadogs.com/clubs/island-sailing-club-isc/,/clubs/island-sailing-club-isc/,https://www.oldseadogs.com/stories/clubs-island-sailing-club-isc,/stories/clubs-island-sailing-club-isc,301,Clubs: Island Sailing Club (ISC)
article redirect,https://oldseadogs.com/clubs/balboa-yacht-club-byc/,/clubs/balboa-yacht-club-byc/,https://www.oldseadogs.com/stories/clubs-balboa-yacht-club-byc,/stories/clubs-balboa-yacht-club-byc,301,Clubs: Balboa Yacht Club (BYC)
article redirect,https://oldseadogs.com/clubs/chicago-yacht-club-cyc/,/clubs/chicago-yacht-club-cyc/,https://www.oldseadogs.com/stories/clubs-chicago-yacht-club-cyc,/stories/clubs-chicago-yacht-club-cyc,301,Clubs: Chicago Yacht Club (CYC)
article redirect,https://oldseadogs.com/clubs/club-n%C3%A1utico-santa-pola/,/clubs/club-n%C3%A1utico-santa-pola/,https://www.oldseadogs.com/stories/clubs-club-nautico-santa-pola,/stories/clubs-club-nautico-santa-pola,301,Clubs: Club Náutico Santa Pola
article redirect,https://oldseadogs.com/clubs/clube-naval-de-cascais-cnc/,/clubs/clube-naval-de-cascais-cnc/,https://www.oldseadogs.com/stories/clubs-clube-naval-de-cascais-cnc,/stories/clubs-clube-naval-de-cascais-cnc,301,Clubs: Clube Naval de Cascais (CNC)
article redirect,https://oldseadogs.com/clubs/cowes-corinthian-yacht-club-ccyc/,/clubs/cowes-corinthian-yacht-club-ccyc/,https://www.oldseadogs.com/stories/clubs-cowes-corinthian-yacht-club-ccyc,/stories/clubs-cowes-corinthian-yacht-club-ccyc,301,Clubs: Cowes Corinthian Yacht Club (CCYC)
article redirect,https://oldseadogs.com/clubs/golden-gate-yacht-club-ggyc/,/clubs/golden-gate-yacht-club-ggyc/,https://www.oldseadogs.com/stories/clubs-golden-gate-yacht-club-ggyc,/stories/clubs-golden-gate-yacht-club-ggyc,301,Clubs: Golden Gate Yacht Club (GGYC)
article redirect,https://oldseadogs.com/clubs/hayling-island-sailing-club/,/clubs/hayling-island-sailing-club/,https://www.oldseadogs.com/stories/clubs-hayling-island-sailing-club,/stories/clubs-hayling-island-sailing-club,301,Clubs: Hayling Island Sailing Club
article redirect,https://oldseadogs.com/clubs/indian-harbor-yacht-club/,/clubs/indian-harbor-yacht-club/,https://www.oldseadogs.com/stories/clubs-indian-harbor-yacht-club,/stories/clubs-indian-harbor-yacht-club,301,Clubs: Indian Harbor Yacht Club
article redirect,https://oldseadogs.com/clubs/island-harbour-yacht-club-ihyc/,/clubs/island-harbour-yacht-club-ihyc/,https://www.oldseadogs.com/stories/clubs-island-harbour-yacht-club-ihyc,/stories/clubs-island-harbour-yacht-club-ihyc,301,Clubs: Island Harbour Yacht Club (IHYC)
article redirect,https://oldseadogs.com/clubs/itchenor-sailing-club-isc/,/clubs/itchenor-sailing-club-isc/,https://www.oldseadogs.com/stories/clubs-itchenor-sailing-club-isc,/stories/clubs-itchenor-sailing-club-isc,301,Clubs: Itchenor Sailing Club (ISC)
article redirect,https://oldseadogs.com/clubs/new-york-yacht-club-nyyc/,/clubs/new-york-yacht-club-nyyc/,https://www.oldseadogs.com/stories/clubs-new-york-yacht-club-nyyc,/stories/clubs-new-york-yacht-club-nyyc,301,Clubs: New York Yacht Club (NYYC)
article redirect,https://oldseadogs.com/clubs/newport-harbor-yacht-club-nhyc/,/clubs/newport-harbor-yacht-club-nhyc/,https://www.oldseadogs.com/stories/clubs-newport-harbor-yacht-club-nhyc,/stories/clubs-newport-harbor-yacht-club-nhyc,301,Clubs: Newport Harbor Yacht Club (NHYC)
article redirect,https://oldseadogs.com/clubs/newport-yacht-club-nyc-rhode-island/,/clubs/newport-yacht-club-nyc-rhode-island/,https://www.oldseadogs.com/stories/clubs-newport-yacht-club-nyc-rhode-island,/stories/clubs-newport-yacht-club-nyc-rhode-island,301,Clubs: Newport Yacht Club (NYC – Rhode Island)
article redirect,https://oldseadogs.com/clubs/real-club-n%C3%A1utico-de-barcelona-rcnb/,/clubs/real-club-n%C3%A1utico-de-barcelona-rcnb/,https://www.oldseadogs.com/stories/clubs-real-club-nautico-de-barcelona-rcnb,/stories/clubs-real-club-nautico-de-barcelona-rcnb,301,Clubs: Real Club Náutico de Barcelona (RCNB)
article redirect,https://oldseadogs.com/clubs/royal-canadian-yacht-club-rcyc/,/clubs/royal-canadian-yacht-club-rcyc/,https://www.oldseadogs.com/stories/clubs-royal-canadian-yacht-club-rcyc,/stories/clubs-royal-canadian-yacht-club-rcyc,301,Clubs: Royal Canadian Yacht Club (RCYC)
article redirect,https://oldseadogs.com/clubs/royal-cape-yacht-club-rcyc/,/clubs/royal-cape-yacht-club-rcyc/,https://www.oldseadogs.com/stories/clubs-royal-cape-yacht-club-rcyc,/stories/clubs-royal-cape-yacht-club-rcyc,301,Clubs: Royal Cape Yacht Club (RCYC)
article redirect,https://oldseadogs.com/clubs/royal-cork-yacht-club-rcyc/,/clubs/royal-cork-yacht-club-rcyc/,https://www.oldseadogs.com/stories/clubs-royal-cork-yacht-club-rcyc,/stories/clubs-royal-cork-yacht-club-rcyc,301,Clubs: Royal Cork Yacht Club (RCYC)
article redirect,https://oldseadogs.com/clubs/royal-hong-kong-yacht-club-rhkyc/,/clubs/royal-hong-kong-yacht-club-rhkyc/,https://www.oldseadogs.com/stories/clubs-royal-hong-kong-yacht-club-rhkyc,/stories/clubs-royal-hong-kong-yacht-club-rhkyc,301,Clubs: Royal Hong Kong Yacht Club (RHKYC)
article redirect,https://oldseadogs.com/clubs/royal-lymington-yacht-club-rlymyc/,/clubs/royal-lymington-yacht-club-rlymyc/,https://www.oldseadogs.com/stories/clubs-royal-lymington-yacht-club-rlymyc,/stories/clubs-royal-lymington-yacht-club-rlymyc,301,Clubs: Royal Lymington Yacht Club (RLymYC)
article redirect,https://oldseadogs.com/clubs/royal-new-zealand-yacht-squadron-rnzys/,/clubs/royal-new-zealand-yacht-squadron-rnzys/,https://www.oldseadogs.com/stories/clubs-royal-new-zealand-yacht-squadron-rnzys,/stories/clubs-royal-new-zealand-yacht-squadron-rnzys,301,Clubs: Royal New Zealand Yacht Squadron (RNZYS)
article redirect,https://oldseadogs.com/clubs/royal-ocean-racing-club-rorc/,/clubs/royal-ocean-racing-club-rorc/,https://www.oldseadogs.com/stories/clubs-royal-ocean-racing-club-rorc,/stories/clubs-royal-ocean-racing-club-rorc,301,Clubs: Royal Ocean Racing Club (RORC)
article redirect,https://oldseadogs.com/clubs/royal-southern-yacht-club-rsrnyc/,/clubs/royal-southern-yacht-club-rsrnyc/,https://www.oldseadogs.com/stories/clubs-royal-southern-yacht-club-rsrnyc,/stories/clubs-royal-southern-yacht-club-rsrnyc,301,Clubs: Royal Southern Yacht Club (RSrnYC)
article redirect,https://oldseadogs.com/clubs/royal-swedish-yacht-club-ksss/,/clubs/royal-swedish-yacht-club-ksss/,https://www.oldseadogs.com/stories/clubs-royal-swedish-yacht-club-ksss,/stories/clubs-royal-swedish-yacht-club-ksss,301,Clubs: Royal Swedish Yacht Club (KSSS)
article redirect,https://oldseadogs.com/clubs/royal-sydney-yacht-squadron-rsys/,/clubs/royal-sydney-yacht-squadron-rsys/,https://www.oldseadogs.com/stories/clubs-royal-sydney-yacht-squadron-rsys,/stories/clubs-royal-sydney-yacht-squadron-rsys,301,Clubs: Royal Sydney Yacht Squadron (RSYS)
article redirect,https://oldseadogs.com/clubs/royal-thames-yacht-club-rtyc/,/clubs/royal-thames-yacht-club-rtyc/,https://www.oldseadogs.com/stories/clubs-royal-thames-yacht-club-rtyc,/stories/clubs-royal-thames-yacht-club-rtyc,301,Clubs: Royal Thames Yacht Club (RTYC)
article redirect,https://oldseadogs.com/clubs/royal-yacht-squadron-rys/,/clubs/royal-yacht-squadron-rys/,https://www.oldseadogs.com/stories/clubs-royal-yacht-squadron-rys,/stories/clubs-royal-yacht-squadron-rys,301,Clubs: Royal Yacht Squadron (RYS)
article redirect,https://oldseadogs.com/clubs/san-diego-yacht-club-sdyc/,/clubs/san-diego-yacht-club-sdyc/,https://www.oldseadogs.com/stories/clubs-san-diego-yacht-club-sdyc,/stories/clubs-san-diego-yacht-club-sdyc,301,Clubs: San Diego Yacht Club (SDYC)
article redirect,https://oldseadogs.com/clubs/sanya-serenity-marina/,/clubs/sanya-serenity-marina/,https://www.oldseadogs.com/stories/clubs-sanya-serenity-marina,/stories/clubs-sanya-serenity-marina,301,Clubs: Sanya Serenity Marina
article redirect,https://oldseadogs.com/clubs/soci%C3%A9t%C3%A9-nautique-de-saint-tropez-snst/,/clubs/soci%C3%A9t%C3%A9-nautique-de-saint-tropez-snst/,https://www.oldseadogs.com/stories/clubs-societe-nautique-de-saint-tropez-snst,/stories/clubs-societe-nautique-de-saint-tropez-snst,301,Clubs: Société Nautique de Saint-Tropez (SNST)
article redirect,https://oldseadogs.com/clubs/st.-francis-yacht-club-stfyc/,/clubs/st.-francis-yacht-club-stfyc/,https://www.oldseadogs.com/stories/clubs-st-francis-yacht-club-stfyc,/stories/clubs-st-francis-yacht-club-stfyc,301,Clubs: St. Francis Yacht Club (StFYC)
article redirect,https://oldseadogs.com/clubs/warsash-sailing-club-wsc/,/clubs/warsash-sailing-club-wsc/,https://www.oldseadogs.com/stories/clubs-warsash-sailing-club-wsc,/stories/clubs-warsash-sailing-club-wsc,301,Clubs: Warsash Sailing Club (WSC)
article redirect,https://oldseadogs.com/clubs/yacht-club-como/,/clubs/yacht-club-como/,https://www.oldseadogs.com/stories/clubs-yacht-club-como,/stories/clubs-yacht-club-como,301,Clubs: Yacht Club Como
article redirect,https://oldseadogs.com/clubs/yacht-club-de-monaco/,/clubs/yacht-club-de-monaco/,https://www.oldseadogs.com/stories/clubs-yacht-club-de-monaco,/stories/clubs-yacht-club-de-monaco,301,Clubs: Yacht Club de Monaco
article redirect,https://oldseadogs.com/clubs/yacht-club-of-greece-nautical-club-of-greece/,/clubs/yacht-club-of-greece-nautical-club-of-greece/,https://www.oldseadogs.com/stories/clubs-yacht-club-of-greece-nautical-club-of-greece,/stories/clubs-yacht-club-of-greece-nautical-club-of-greece,301,Clubs: Yacht Club of Greece (Nautical Club of Greece)
article redirect,https://oldseadogs.com/news/the-promising-future-of-yachting-startups-in-2025/,/news/the-promising-future-of-yachting-startups-in-2025/,https://www.oldseadogs.com/stories/news-the-promising-future-of-yachting-startups-in-2025,/stories/news-the-promising-future-of-yachting-startups-in-2025,301,News: Exploring the Upcoming Innovations: The Most Anticipated Yachting Startups for 2025
article redirect,https://oldseadogs.com/news/the-progressive-transformation-of-yeti/,/news/the-progressive-transformation-of-yeti/,https://www.oldseadogs.com/stories/news-the-progressive-transformation-of-yeti,/stories/news-the-progressive-transformation-of-yeti,301,News: The Yacht Environmental Transparency Index (YETI): A Catalyst for Greening the High Seas
article redirect,https://oldseadogs.com/news/evolving-superyacht-refit-trends-unveiled-by-industry-leaders/,/news/evolving-superyacht-refit-trends-unveiled-by-industry-leaders/,https://www.oldseadogs.com/stories/news-evolving-superyacht-refit-trends-unveiled-by-industry-leaders,/stories/news-evolving-superyacht-refit-trends-unveiled-by-industry-leaders,301,"News: In-Depth Insights into the Transformation Underway in the Superyacht Refit Sector, Browse Leaders' Vision and Expectations"
article redirect,https://oldseadogs.com/news/revamping-recruitment-practices-in-boating-industry/,/news/revamping-recruitment-practices-in-boating-industry/,https://www.oldseadogs.com/stories/news-revamping-recruitment-practices-in-boating-industry,/stories/news-revamping-recruitment-practices-in-boating-industry,301,News: Talent Shortages in Boating: A Case for Rethinking Hiring Strategies and Exploring Untapped Young Potential
article redirect,https://oldseadogs.com/lifestyle/the-unveiled-beauty-of-prestige-passion-projects/,/lifestyle/the-unveiled-beauty-of-prestige-passion-projects/,https://www.oldseadogs.com/stories/lifestyle-the-unveiled-beauty-of-prestige-passion-projects,/stories/lifestyle-the-unveiled-beauty-of-prestige-passion-projects,301,Lifestyle: Unlocking the Hidden Beauty of Classic Yachts: A Look into the Rising Trend of Vintage Restorations
article redirect,https://oldseadogs.com/news/charting-the-course-the-transitional-future-of-the-superyacht-group/,/news/charting-the-course-the-transitional-future-of-the-superyacht-group/,https://www.oldseadogs.com/stories/news-charting-the-course-the-transitional-future-of-the-superyacht-group,/stories/news-charting-the-course-the-transitional-future-of-the-superyacht-group,301,News: Navigating New Waters: The Superyacht Group's Voyage Towards Becoming an Elite Consultancy and Media Agency
article redirect,https://oldseadogs.com/lifestyle/sailing-survival-standards-the-power-of-attitude-over-training/,/lifestyle/sailing-survival-standards-the-power-of-attitude-over-training/,https://www.oldseadogs.com/stories/lifestyle-sailing-survival-standards-the-power-of-attitude-over-training,/stories/lifestyle-sailing-survival-standards-the-power-of-attitude-over-training,301,Lifestyle: Attitude Versus Training in Yachting: The Indomitable Spirit of Sailors Unearthed
article redirect,https://oldseadogs.com/news/limassol-marina-rebrands-celebrates-watershed-decade/,/news/limassol-marina-rebrands-celebrates-watershed-decade/,https://www.oldseadogs.com/stories/news-limassol-marina-rebrands-celebrates-watershed-decade,/stories/news-limassol-marina-rebrands-celebrates-watershed-decade,301,"News: Embracing the Unexpected: Limassol Marina’s 10-Year Milestone Ignites New Era, Pushes Cyprus' Superyacht Sector to the Limelight"
article redirect,https://oldseadogs.com/masterclass/securing-watertight-integrity-unveiling-the-tale-of-a-near-disastrous-superyacht-incident/,/masterclass/securing-watertight-integrity-unveiling-the-tale-of-a-near-disastrous-superyacht-incident/,https://www.oldseadogs.com/stories/masterclass-securing-watertight-integrity-unveiling-the-tale-of-a-near-disastrous-superyacht-inc,/stories/masterclass-securing-watertight-integrity-unveiling-the-tale-of-a-near-disastrous-superyacht-inc,301,Masterclass: Revealing the Momentous Tale of a Near Fatal Superyacht Event: Criticality of Watertight Security
article redirect,https://oldseadogs.com/lifestyle/steering-superyachting-to-net-zero-by-2050/,/lifestyle/steering-superyachting-to-net-zero-by-2050/,https://www.oldseadogs.com/stories/lifestyle-steering-superyachting-to-net-zero-by-2050,/stories/lifestyle-steering-superyachting-to-net-zero-by-2050,301,Lifestyle: The Superyacht Industry Blueprint: Navigating the Voyage to Net Zero by 2050
article redirect,https://oldseadogs.com/news/innovation-and-collaboration-the-future-of-yacht-refit/,/news/innovation-and-collaboration-the-future-of-yacht-refit/,https://www.oldseadogs.com/stories/news-innovation-and-collaboration-the-future-of-yacht-refit,/stories/news-innovation-and-collaboration-the-future-of-yacht-refit,301,News: Across Rough Waters to Smooth Sailing: Next-Gen Solutions in the World of Yacht Refitting
article redirect,https://oldseadogs.com/news/financial-crisis-sinks-prominent-shipbuilders/,/news/financial-crisis-sinks-prominent-shipbuilders/,https://www.oldseadogs.com/stories/news-financial-crisis-sinks-prominent-shipbuilders,/stories/news-financial-crisis-sinks-prominent-shipbuilders,301,"News: Nobiskrug and Flensburger Schiffbau-Gesellschaft File for Insolvency, Signaling Deep Crisis in Tennor Group"
article redirect,https://oldseadogs.com/masterclass/mastering-the-art-of-yacht-stability-a-comprehensive-guide/,/masterclass/mastering-the-art-of-yacht-stability-a-comprehensive-guide/,https://www.oldseadogs.com/stories/masterclass-mastering-the-art-of-yacht-stability-a-comprehensive-guide,/stories/masterclass-mastering-the-art-of-yacht-stability-a-comprehensive-guide,301,Masterclass: Land and Sea Unite: Shedding Light on the Crucial Stability of Yachts and How to Perfect the Balance
article redirect,https://oldseadogs.com/news/prestigious-new-york-marina-changes-hands-in-3.5-million-deal/,/news/prestigious-new-york-marina-changes-hands-in-3.5-million-deal/,https://www.oldseadogs.com/stories/news-prestigious-new-york-marina-changes-hands-in-3-5-million-deal,/stories/news-prestigious-new-york-marina-changes-hands-in-3-5-million-deal,301,News: One°15 Brooklyn Marina Scooped Up by Private Investment Firm Radcliff Management After Bankruptcy Filing
article redirect,https://oldseadogs.com/boat-reviews/redefining-luxury-on-the-high-seas/,/boat-reviews/redefining-luxury-on-the-high-seas/,https://www.oldseadogs.com/stories/boat-reviews-redefining-luxury-on-the-high-seas,/stories/boat-reviews-redefining-luxury-on-the-high-seas,301,Boat Reviews: Oceanco's Bold Stride: Phenomenal Twists to Custom yacht Solutions
article redirect,https://oldseadogs.com/news/the-urgency-of-investment-in-yachting-crew/,/news/the-urgency-of-investment-in-yachting-crew/,https://www.oldseadogs.com/stories/news-the-urgency-of-investment-in-yachting-crew,/stories/news-the-urgency-of-investment-in-yachting-crew,301,News: Why the Increasing Complexity of Yachting Demands Greater Investment in Crew Competency
article redirect,https://oldseadogs.com/news/2024s-maritime-connectivity-a-deep-dive/,/news/2024s-maritime-connectivity-a-deep-dive/,https://www.oldseadogs.com/stories/news-2024s-maritime-connectivity-a-deep-dive,/stories/news-2024s-maritime-connectivity-a-deep-dive,301,News: The Sea Change in Maritime Connectivity as Yachting Season Ends: The Starlink Revolution
article redirect,https://oldseadogs.com/news/saudi-red-sea-authority-awards-first-chartering-licences/,/news/saudi-red-sea-authority-awards-first-chartering-licences/,https://www.oldseadogs.com/stories/news-saudi-red-sea-authority-awards-first-chartering-licences,/stories/news-saudi-red-sea-authority-awards-first-chartering-licences,301,News: On the Rise: First-ever Yacht Chartering Licences Issued by Saudi Red Sea Authority
article redirect,https://oldseadogs.com/boat-reviews/aquarius-ii-a-spectacular-surge-ahead/,/boat-reviews/aquarius-ii-a-spectacular-surge-ahead/,https://www.oldseadogs.com/stories/boat-reviews-aquarius-ii-a-spectacular-surge-ahead,/stories/boat-reviews-aquarius-ii-a-spectacular-surge-ahead,301,Boat Reviews: Masterful Aquarius II Gears Up to Dazzle the Superyacht Scene
article redirect,https://oldseadogs.com/news/making-waves-ashore-transferring-superyacht-skills-to-land-based-careers/,/news/making-waves-ashore-transferring-superyacht-skills-to-land-based-careers/,https://www.oldseadogs.com/stories/news-making-waves-ashore-transferring-superyacht-skills-to-land-based-careers,/stories/news-making-waves-ashore-transferring-superyacht-skills-to-land-based-careers,301,News: Taking the Helm on Dry Land: Leveraging Superyacht Experience for Shore-Based Success
article redirect,https://oldseadogs.com/masterclass/steering-safety-west-nauticals-iconic-superyacht-captains-course/,/masterclass/steering-safety-west-nauticals-iconic-superyacht-captains-course/,https://www.oldseadogs.com/stories/masterclass-steering-safety-west-nauticals-iconic-superyacht-captains-course,/stories/masterclass-steering-safety-west-nauticals-iconic-superyacht-captains-course,301,Masterclass: Exploring Life at Sea: West Nautical’s Superyacht Captain’s Course Commands Resilience and Confidence
article redirect,https://oldseadogs.com/boat-reviews/iconic-yacht-alfa-nero-stages-stellar-comeback/,/boat-reviews/iconic-yacht-alfa-nero-stages-stellar-comeback/,https://www.oldseadogs.com/stories/boat-reviews-iconic-yacht-alfa-nero-stages-stellar-comeback,/stories/boat-reviews-iconic-yacht-alfa-nero-stages-stellar-comeback,301,Boat Reviews: The 82 metre Oceanco Alfa Nero Makes Tumultuous Re-entry Into The Boating World After Long-awaited Refit
article redirect,https://oldseadogs.com/lifestyle/experience-elegance-and-coziness-in-superyacht-outdoor-dining/,/lifestyle/experience-elegance-and-coziness-in-superyacht-outdoor-dining/,https://www.oldseadogs.com/stories/lifestyle-experience-elegance-and-coziness-in-superyacht-outdoor-dining,/stories/lifestyle-experience-elegance-and-coziness-in-superyacht-outdoor-dining,301,Lifestyle: Transform Your Open-Air Superyacht Dining Experience in Both Tropical and Frosty Settings
article redirect,https://oldseadogs.com/boat-reviews/asc57-the-advent-of-the-worlds-largest-sailing-catamaran/,/boat-reviews/asc57-the-advent-of-the-worlds-largest-sailing-catamaran/,https://www.oldseadogs.com/stories/boat-reviews-asc57-the-advent-of-the-worlds-largest-sailing-catamaran,/stories/boat-reviews-asc57-the-advent-of-the-worlds-largest-sailing-catamaran,301,Boat Reviews: Setting Sail: Echo Yachts Kick-starts Production of Record-breaking Sailing Catamaran
article redirect,https://oldseadogs.com/boat-reviews/exploring-opulence-on-the-ocean-the-complexities-of-yacht-interior-design/,/boat-reviews/exploring-opulence-on-the-ocean-the-complexities-of-yacht-interior-design/,https://www.oldseadogs.com/stories/boat-reviews-exploring-opulence-on-the-ocean-the-complexities-of-yacht-interior-design,/stories/boat-reviews-exploring-opulence-on-the-ocean-the-complexities-of-yacht-interior-design,301,Boat Reviews: Emerging from the Shadows: How Yacht Interiors Craft Functionality and Opulence into a Masterpiece
article redirect,https://oldseadogs.com/news/liberation-of-grandeur-yacht-the-flying-fox/,/news/liberation-of-grandeur-yacht-the-flying-fox/,https://www.oldseadogs.com/stories/news-liberation-of-grandeur-yacht-the-flying-fox,/stories/news-liberation-of-grandeur-yacht-the-flying-fox,301,News: Unleashing the Majestic Marine Beast: US Lifts Sanctions on Eminent 'Flying Fox' Yacht
article redirect,https://oldseadogs.com/boat-shows/recapping-the-glamour-and-innovation-at-the-monaco-yacht-show/,/boat-shows/recapping-the-glamour-and-innovation-at-the-monaco-yacht-show/,https://www.oldseadogs.com/stories/boat-shows-recapping-the-glamour-and-innovation-at-the-monaco-yacht-show,/stories/boat-shows-recapping-the-glamour-and-innovation-at-the-monaco-yacht-show,301,Shows: A Glittering Review: The Monaco Yacht Show's Impact on the Future of Luxury Yachting
article redirect,https://oldseadogs.com/lifestyle/sustainability-meets-luxury-the-teak-furniture-revolution/,/lifestyle/sustainability-meets-luxury-the-teak-furniture-revolution/,https://www.oldseadogs.com/stories/lifestyle-sustainability-meets-luxury-the-teak-furniture-revolution,/stories/lifestyle-sustainability-meets-luxury-the-teak-furniture-revolution,301,Lifestyle: Summit Furniture's game-changing superyacht collection: eco-friendly teak meets award-winning design
article redirect,https://oldseadogs.com/boat-shows/revolutionising-superyacht-management-digital-convenience-for-uhnwi/,/boat-shows/revolutionising-superyacht-management-digital-convenience-for-uhnwi/,https://www.oldseadogs.com/stories/boat-shows-revolutionising-superyacht-management-digital-convenience-for-uhnwi,/stories/boat-shows-revolutionising-superyacht-management-digital-convenience-for-uhnwi,301,Shows: Modernising the Superyacht Industry: A Glimpse Inside the Groundbreaking Digital Platform for UHNWI
article redirect,https://oldseadogs.com/boat-reviews/ocean-alexanders-newest-gem-the-28l-design-revelations/,/boat-reviews/ocean-alexanders-newest-gem-the-28l-design-revelations/,https://www.oldseadogs.com/stories/boat-reviews-ocean-alexanders-newest-gem-the-28l-design-revelations,/stories/boat-reviews-ocean-alexanders-newest-gem-the-28l-design-revelations,301,"Boat Reviews: Ocean Alexander Unleashes The 28L, Its Latest Showpiece Yacht With Classic Touches"
article redirect,https://oldseadogs.com/boat-reviews/sophias-splendour-an-intimate-glimpse-into-heesens-prestigious-yacht/,/boat-reviews/sophias-splendour-an-intimate-glimpse-into-heesens-prestigious-yacht/,https://www.oldseadogs.com/stories/boat-reviews-sophias-splendour-an-intimate-glimpse-into-heesens-prestigious-yacht,/stories/boat-reviews-sophias-splendour-an-intimate-glimpse-into-heesens-prestigious-yacht,301,Boat Reviews: Sophia's Splendour: Exploring the Design Marvel of Heesen's 50-metre Speedy Cruiser
article redirect,https://oldseadogs.com/boat-reviews/bagliettos-dom-line-superyachts-as-intimate-havens/,/boat-reviews/bagliettos-dom-line-superyachts-as-intimate-havens/,https://www.oldseadogs.com/stories/boat-reviews-bagliettos-dom-line-superyachts-as-intimate-havens,/stories/boat-reviews-bagliettos-dom-line-superyachts-as-intimate-havens,301,Boat Reviews: Redefining Luxury: Baglietto's DOM Line of Superyachts – Your On-Water Home Away from Home
article redirect,https://oldseadogs.com/boat-reviews/an-inside-view-of-sirenas-swift-progress-on-its-new-42m-flagship/,/boat-reviews/an-inside-view-of-sirenas-swift-progress-on-its-new-42m-flagship/,https://www.oldseadogs.com/stories/boat-reviews-an-inside-view-of-sirenas-swift-progress-on-its-new-42m-flagship,/stories/boat-reviews-an-inside-view-of-sirenas-swift-progress-on-its-new-42m-flagship,301,Boat Reviews: Behind the Scenes at Sirena Yachts: The Emergence of their First 42-metre Superyacht
article redirect,https://oldseadogs.com/boat-reviews/innovative-yacht-stability-a-look-at-mc2-quick-gyro-stabilisers/,/boat-reviews/innovative-yacht-stability-a-look-at-mc2-quick-gyro-stabilisers/,https://www.oldseadogs.com/stories/boat-reviews-innovative-yacht-stability-a-look-at-mc2-quick-gyro-stabilisers,/stories/boat-reviews-innovative-yacht-stability-a-look-at-mc2-quick-gyro-stabilisers,301,Boat Reviews: A Deep Dive Into the Game-Changing Stabilisation System Elevating Onboard Yacht Comfort
article redirect,https://oldseadogs.com/lifestyle/redefining-superyacht-interior-design-a-holistic-vision/,/lifestyle/redefining-superyacht-interior-design-a-holistic-vision/,https://www.oldseadogs.com/stories/lifestyle-redefining-superyacht-interior-design-a-holistic-vision,/stories/lifestyle-redefining-superyacht-interior-design-a-holistic-vision,301,Lifestyle: Carlo Nuvolari's Innovative Step Forward: The Future of Superyacht Interior Design is 'Holistic'
new page - no old redirect needed,,,https://www.oldseadogs.com/contact,/contact,200 new,New Contact page
new page - no old redirect needed,,,https://www.oldseadogs.com/cookie-policy,/cookie-policy,200 new,New Cookie Policy page
new page - no old redirect needed,,,https://www.oldseadogs.com/terms,/terms,200 new,New Terms of Use page
new page - no old redirect needed,,,https://www.oldseadogs.com/authors/michael-hodges,/authors/michael-hodges,200 new,New author profile page
new page - no old redirect needed,,,https://www.oldseadogs.com/sitemap.xml,/sitemap.xml,200 new,New XML sitemap
new page - no old redirect needed,,,https://www.oldseadogs.com/robots.txt,/robots.txt,200 new,New robots route
